TimeQuest Timing Analyzer report for ejercicio_13
Thu Sep 24 02:23:02 2026
Quartus II 64-Bit Version 13.1.0 Build 162 10/23/2013 SJ Web Edition


---------------------
; Table of Contents ;
---------------------
  1. Legal Notice
  2. TimeQuest Timing Analyzer Summary
  3. Parallel Compilation
  4. Clocks
  5. Slow 1100mV 85C Model Fmax Summary
  6. Timing Closure Recommendations
  7. Slow 1100mV 85C Model Setup Summary
  8. Slow 1100mV 85C Model Hold Summary
  9. Slow 1100mV 85C Model Recovery Summary
 10. Slow 1100mV 85C Model Removal Summary
 11. Slow 1100mV 85C Model Minimum Pulse Width Summary
 12. Propagation Delay
 13. Minimum Propagation Delay
 14. Slow 1100mV 85C Model Metastability Report
 15. Slow 1100mV 0C Model Fmax Summary
 16. Slow 1100mV 0C Model Setup Summary
 17. Slow 1100mV 0C Model Hold Summary
 18. Slow 1100mV 0C Model Recovery Summary
 19. Slow 1100mV 0C Model Removal Summary
 20. Slow 1100mV 0C Model Minimum Pulse Width Summary
 21. Propagation Delay
 22. Minimum Propagation Delay
 23. Slow 1100mV 0C Model Metastability Report
 24. Fast 1100mV 85C Model Setup Summary
 25. Fast 1100mV 85C Model Hold Summary
 26. Fast 1100mV 85C Model Recovery Summary
 27. Fast 1100mV 85C Model Removal Summary
 28. Fast 1100mV 85C Model Minimum Pulse Width Summary
 29. Propagation Delay
 30. Minimum Propagation Delay
 31. Fast 1100mV 85C Model Metastability Report
 32. Fast 1100mV 0C Model Setup Summary
 33. Fast 1100mV 0C Model Hold Summary
 34. Fast 1100mV 0C Model Recovery Summary
 35. Fast 1100mV 0C Model Removal Summary
 36. Fast 1100mV 0C Model Minimum Pulse Width Summary
 37. Propagation Delay
 38. Minimum Propagation Delay
 39. Fast 1100mV 0C Model Metastability Report
 40. Multicorner Timing Analysis Summary
 41. Propagation Delay
 42. Minimum Propagation Delay
 43. Board Trace Model Assignments
 44. Input Transition Times
 45. Signal Integrity Metrics (Slow 1100mv 0c Model)
 46. Signal Integrity Metrics (Slow 1100mv 85c Model)
 47. Signal Integrity Metrics (Fast 1100mv 0c Model)
 48. Signal Integrity Metrics (Fast 1100mv 85c Model)
 49. Clock Transfers
 50. Report TCCS
 51. Report RSKM
 52. Unconstrained Paths
 53. TimeQuest Timing Analyzer Messages



----------------
; Legal Notice ;
----------------
Copyright (C) 1991-2013 Altera Corporation
Your use of Altera Corporation's design tools, logic functions 
and other software and tools, and its AMPP partner logic 
functions, and any output files from any of the foregoing 
(including device programming or simulation files), and any 
associated documentation or information are expressly subject 
to the terms and conditions of the Altera Program License 
Subscription Agreement, Altera MegaCore Function License 
Agreement, or other applicable license agreement, including, 
without limitation, that your use is for the sole purpose of 
programming logic devices manufactured by Altera and sold by 
Altera or its authorized distributors.  Please refer to the 
applicable agreement for further details.



+-------------------------------------------------------------------------+
; TimeQuest Timing Analyzer Summary                                       ;
+--------------------+----------------------------------------------------+
; Quartus II Version ; Version 13.1.0 Build 162 10/23/2013 SJ Web Edition ;
; Revision Name      ; ejercicio_13                                       ;
; Device Family      ; Cyclone V                                          ;
; Device Name        ; 5CEBA4F23C7                                        ;
; Timing Models      ; Final                                              ;
; Delay Model        ; Combined                                           ;
; Rise/Fall Delays   ; Enabled                                            ;
+--------------------+----------------------------------------------------+


+------------------------------------------+
; Parallel Compilation                     ;
+----------------------------+-------------+
; Processors                 ; Number      ;
+----------------------------+-------------+
; Number detected on machine ; 12          ;
; Maximum allowed            ; 10          ;
;                            ;             ;
; Average used               ; 1.00        ;
; Maximum used               ; 10          ;
;                            ;             ;
; Usage by Processor         ; % Time Used ;
;     Processor 1            ; 100.0%      ;
;     Processors 2-10        ; < 0.1%      ;
;     Processors 11-12       ;   0.0%      ;
+----------------------------+-------------+


----------
; Clocks ;
----------
No clocks to report.


--------------------------------------
; Slow 1100mV 85C Model Fmax Summary ;
--------------------------------------
No paths to report.


----------------------------------
; Timing Closure Recommendations ;
----------------------------------
HTML report is unavailable in plain text report export.


---------------------------------------
; Slow 1100mV 85C Model Setup Summary ;
---------------------------------------
No paths to report.


--------------------------------------
; Slow 1100mV 85C Model Hold Summary ;
--------------------------------------
No paths to report.


------------------------------------------
; Slow 1100mV 85C Model Recovery Summary ;
------------------------------------------
No paths to report.


-----------------------------------------
; Slow 1100mV 85C Model Removal Summary ;
-----------------------------------------
No paths to report.


-----------------------------------------------------
; Slow 1100mV 85C Model Minimum Pulse Width Summary ;
-----------------------------------------------------
No paths to report.


+---------------------------------------------------------------+
; Propagation Delay                                             ;
+------------+--------------+--------+--------+--------+--------+
; Input Port ; Output Port  ; RR     ; RF     ; FR     ; FF     ;
+------------+--------------+--------+--------+--------+--------+
; iA[0]      ; o7segD[0]    ; 10.477 ; 10.724 ; 10.622 ; 10.869 ;
; iA[0]      ; o7segD[2]    ; 10.450 ; 10.718 ; 10.605 ; 10.863 ;
; iA[0]      ; o7segD[3]    ; 10.479 ; 10.724 ; 10.624 ; 10.869 ;
; iA[0]      ; o7segD[4]    ; 10.287 ; 10.341 ; 10.432 ; 10.486 ;
; iA[0]      ; o7segD[5]    ; 10.389 ; 10.635 ; 10.544 ; 10.780 ;
; iA[0]      ; o7segD[6]    ; 11.019 ; 10.701 ; 11.164 ; 10.856 ;
; iA[0]      ; o7segU[0]    ; 11.786 ; 12.093 ; 11.931 ; 12.238 ;
; iA[0]      ; o7segU[1]    ; 11.700 ; 11.873 ; 11.845 ; 12.018 ;
; iA[0]      ; o7segU[2]    ; 11.785 ; 12.028 ; 11.930 ; 12.173 ;
; iA[0]      ; o7segU[3]    ; 11.791 ; 12.096 ; 11.936 ; 12.241 ;
; iA[0]      ; o7segU[4]    ; 11.618 ; 11.714 ; 11.763 ; 11.859 ;
; iA[0]      ; o7segU[5]    ; 11.792 ; 11.970 ; 11.937 ; 12.115 ;
; iA[0]      ; o7segU[6]    ; 11.820 ; 11.668 ; 11.965 ; 11.813 ;
; iA[0]      ; oLED_Carry   ; 11.171 ; 11.740 ; 11.304 ; 11.873 ;
; iA[0]      ; oLEDs_Res[0] ; 10.843 ; 11.555 ; 10.959 ; 11.642 ;
; iA[0]      ; oLEDs_Res[1] ; 11.417 ; 12.004 ; 11.547 ; 12.168 ;
; iA[0]      ; oLEDs_Res[2] ; 11.157 ; 11.786 ; 11.307 ; 11.947 ;
; iA[0]      ; oLEDs_Res[3] ; 12.607 ; 13.926 ; 12.744 ; 14.063 ;
; iA[0]      ; oLEDs_Res[4] ; 11.834 ; 12.806 ; 11.989 ; 12.951 ;
; iA[1]      ; o7segD[0]    ; 10.341 ; 10.588 ; 10.536 ; 10.783 ;
; iA[1]      ; o7segD[2]    ; 10.314 ; 10.582 ; 10.519 ; 10.777 ;
; iA[1]      ; o7segD[3]    ; 10.343 ; 10.588 ; 10.538 ; 10.783 ;
; iA[1]      ; o7segD[4]    ; 10.151 ; 10.205 ; 10.346 ; 10.400 ;
; iA[1]      ; o7segD[5]    ; 10.253 ; 10.499 ; 10.458 ; 10.694 ;
; iA[1]      ; o7segD[6]    ; 10.883 ; 10.565 ; 11.078 ; 10.770 ;
; iA[1]      ; o7segU[0]    ; 11.650 ; 11.957 ; 11.845 ; 12.152 ;
; iA[1]      ; o7segU[1]    ; 11.564 ; 11.737 ; 11.759 ; 11.932 ;
; iA[1]      ; o7segU[2]    ; 11.649 ; 11.892 ; 11.844 ; 12.087 ;
; iA[1]      ; o7segU[3]    ; 11.655 ; 11.960 ; 11.850 ; 12.155 ;
; iA[1]      ; o7segU[4]    ; 11.482 ; 11.578 ; 11.677 ; 11.773 ;
; iA[1]      ; o7segU[5]    ; 11.656 ; 11.834 ; 11.851 ; 12.029 ;
; iA[1]      ; o7segU[6]    ; 11.684 ; 11.532 ; 11.879 ; 11.727 ;
; iA[1]      ; oLED_Carry   ; 11.035 ; 11.604 ; 11.218 ; 11.787 ;
; iA[1]      ; oLEDs_Res[0] ; 10.635 ; 11.191 ; 10.788 ; 11.351 ;
; iA[1]      ; oLEDs_Res[1] ; 11.143 ; 11.766 ; 11.369 ; 11.993 ;
; iA[1]      ; oLEDs_Res[2] ; 10.973 ; 11.602 ; 11.199 ; 11.828 ;
; iA[1]      ; oLEDs_Res[3] ; 12.471 ; 13.790 ; 12.658 ; 13.977 ;
; iA[1]      ; oLEDs_Res[4] ; 11.698 ; 12.670 ; 11.903 ; 12.865 ;
; iA[2]      ; o7segD[0]    ; 10.581 ; 10.828 ; 10.683 ; 10.930 ;
; iA[2]      ; o7segD[2]    ; 10.554 ; 10.822 ; 10.656 ; 10.924 ;
; iA[2]      ; o7segD[3]    ; 10.583 ; 10.828 ; 10.685 ; 10.930 ;
; iA[2]      ; o7segD[4]    ; 10.391 ; 10.445 ; 10.493 ; 10.547 ;
; iA[2]      ; o7segD[5]    ; 10.493 ; 10.739 ; 10.595 ; 10.841 ;
; iA[2]      ; o7segD[6]    ; 11.123 ; 10.805 ; 11.225 ; 10.907 ;
; iA[2]      ; o7segU[0]    ; 11.890 ; 12.197 ; 11.992 ; 12.299 ;
; iA[2]      ; o7segU[1]    ; 11.804 ; 11.977 ; 11.906 ; 12.079 ;
; iA[2]      ; o7segU[2]    ; 11.889 ; 12.132 ; 11.991 ; 12.234 ;
; iA[2]      ; o7segU[3]    ; 11.895 ; 12.200 ; 11.997 ; 12.302 ;
; iA[2]      ; o7segU[4]    ; 11.722 ; 11.818 ; 11.824 ; 11.920 ;
; iA[2]      ; o7segU[5]    ; 11.896 ; 12.074 ; 11.998 ; 12.176 ;
; iA[2]      ; o7segU[6]    ; 11.924 ; 11.772 ; 12.026 ; 11.874 ;
; iA[2]      ; oLED_Carry   ; 11.275 ; 11.844 ; 11.377 ; 11.946 ;
; iA[2]      ; oLEDs_Res[0] ; 10.277 ; 10.978 ; 10.519 ; 11.099 ;
; iA[2]      ; oLEDs_Res[2] ; 10.944 ; 11.467 ; 11.072 ; 11.701 ;
; iA[2]      ; oLEDs_Res[3] ; 12.711 ; 14.030 ; 12.870 ; 14.159 ;
; iA[2]      ; oLEDs_Res[4] ; 11.938 ; 12.910 ; 12.040 ; 13.012 ;
; iA[3]      ; o7segD[0]    ; 10.531 ; 10.778 ; 10.695 ; 10.942 ;
; iA[3]      ; o7segD[2]    ; 10.511 ; 10.772 ; 10.668 ; 10.936 ;
; iA[3]      ; o7segD[3]    ; 10.533 ; 10.778 ; 10.697 ; 10.942 ;
; iA[3]      ; o7segD[4]    ; 10.341 ; 10.395 ; 10.505 ; 10.559 ;
; iA[3]      ; o7segD[5]    ; 10.450 ; 10.689 ; 10.607 ; 10.853 ;
; iA[3]      ; o7segD[6]    ; 11.073 ; 10.762 ; 11.237 ; 10.919 ;
; iA[3]      ; o7segU[0]    ; 11.840 ; 12.147 ; 12.004 ; 12.311 ;
; iA[3]      ; o7segU[1]    ; 11.754 ; 11.927 ; 11.918 ; 12.091 ;
; iA[3]      ; o7segU[2]    ; 11.839 ; 12.082 ; 12.003 ; 12.246 ;
; iA[3]      ; o7segU[3]    ; 11.845 ; 12.150 ; 12.009 ; 12.314 ;
; iA[3]      ; o7segU[4]    ; 11.672 ; 11.768 ; 11.836 ; 11.932 ;
; iA[3]      ; o7segU[5]    ; 11.846 ; 12.024 ; 12.010 ; 12.188 ;
; iA[3]      ; o7segU[6]    ; 11.874 ; 11.722 ; 12.038 ; 11.886 ;
; iA[3]      ; oLED_Carry   ; 11.225 ; 11.794 ; 11.389 ; 11.958 ;
; iA[3]      ; oLEDs_Res[0] ; 10.655 ; 11.221 ; 10.844 ; 11.389 ;
; iA[3]      ; oLEDs_Res[3] ; 12.749 ; 14.005 ; 12.904 ; 14.163 ;
; iA[3]      ; oLEDs_Res[4] ; 11.895 ; 12.860 ; 12.052 ; 13.024 ;
; iA[4]      ; o7segD[0]    ; 9.926  ; 10.173 ; 9.996  ; 10.243 ;
; iA[4]      ; o7segD[2]    ; 9.816  ; 10.167 ; 9.915  ; 10.237 ;
; iA[4]      ; o7segD[3]    ; 9.928  ; 10.173 ; 9.998  ; 10.243 ;
; iA[4]      ; o7segD[4]    ; 9.736  ; 9.790  ; 9.806  ; 9.860  ;
; iA[4]      ; o7segD[5]    ; 9.755  ; 10.084 ; 9.854  ; 10.154 ;
; iA[4]      ; o7segD[6]    ; 10.468 ; 10.067 ; 10.538 ; 10.166 ;
; iA[4]      ; o7segU[0]    ; 11.235 ; 11.542 ; 11.305 ; 11.612 ;
; iA[4]      ; o7segU[1]    ; 11.149 ; 11.322 ; 11.219 ; 11.392 ;
; iA[4]      ; o7segU[2]    ; 11.234 ; 11.477 ; 11.304 ; 11.547 ;
; iA[4]      ; o7segU[3]    ; 11.240 ; 11.545 ; 11.310 ; 11.615 ;
; iA[4]      ; o7segU[4]    ; 11.067 ; 11.163 ; 11.137 ; 11.233 ;
; iA[4]      ; o7segU[5]    ; 11.241 ; 11.419 ; 11.311 ; 11.489 ;
; iA[4]      ; o7segU[6]    ; 11.269 ; 11.117 ; 11.339 ; 11.187 ;
; iA[4]      ; oLED_Carry   ; 11.113 ; 11.633 ; 11.221 ; 11.760 ;
; iA[4]      ; oLEDs_Res[0] ; 10.815 ; 11.484 ; 11.093 ; 11.602 ;
; iA[4]      ; oLEDs_Res[4] ; 11.200 ; 12.255 ; 11.299 ; 12.325 ;
; iB[0]      ; o7segD[0]    ; 10.409 ; 10.656 ; 10.515 ; 10.762 ;
; iB[0]      ; o7segD[2]    ; 10.392 ; 10.650 ; 10.488 ; 10.756 ;
; iB[0]      ; o7segD[3]    ; 10.411 ; 10.656 ; 10.517 ; 10.762 ;
; iB[0]      ; o7segD[4]    ; 10.219 ; 10.273 ; 10.325 ; 10.379 ;
; iB[0]      ; o7segD[5]    ; 10.331 ; 10.567 ; 10.427 ; 10.673 ;
; iB[0]      ; o7segD[6]    ; 10.951 ; 10.643 ; 11.057 ; 10.739 ;
; iB[0]      ; o7segU[0]    ; 11.718 ; 12.025 ; 11.824 ; 12.131 ;
; iB[0]      ; o7segU[1]    ; 11.632 ; 11.805 ; 11.738 ; 11.911 ;
; iB[0]      ; o7segU[2]    ; 11.717 ; 11.960 ; 11.823 ; 12.066 ;
; iB[0]      ; o7segU[3]    ; 11.723 ; 12.028 ; 11.829 ; 12.134 ;
; iB[0]      ; o7segU[4]    ; 11.550 ; 11.646 ; 11.656 ; 11.752 ;
; iB[0]      ; o7segU[5]    ; 11.724 ; 11.902 ; 11.830 ; 12.008 ;
; iB[0]      ; o7segU[6]    ; 11.752 ; 11.600 ; 11.858 ; 11.706 ;
; iB[0]      ; oLED_Carry   ; 11.091 ; 11.660 ; 11.209 ; 11.778 ;
; iB[0]      ; oLEDs_Res[0] ; 10.947 ; 11.459 ; 11.070 ; 11.688 ;
; iB[0]      ; oLEDs_Res[1] ; 11.334 ; 11.955 ; 11.455 ; 12.042 ;
; iB[0]      ; oLEDs_Res[2] ; 11.094 ; 11.734 ; 11.195 ; 11.824 ;
; iB[0]      ; oLEDs_Res[3] ; 12.531 ; 13.850 ; 12.645 ; 13.964 ;
; iB[0]      ; oLEDs_Res[4] ; 11.776 ; 12.738 ; 11.872 ; 12.844 ;
; iB[1]      ; o7segD[0]    ; 10.634 ; 10.881 ; 10.752 ; 10.999 ;
; iB[1]      ; o7segD[2]    ; 10.610 ; 10.875 ; 10.725 ; 10.993 ;
; iB[1]      ; o7segD[3]    ; 10.636 ; 10.881 ; 10.754 ; 10.999 ;
; iB[1]      ; o7segD[4]    ; 10.444 ; 10.498 ; 10.562 ; 10.616 ;
; iB[1]      ; o7segD[5]    ; 10.549 ; 10.792 ; 10.664 ; 10.910 ;
; iB[1]      ; o7segD[6]    ; 11.176 ; 10.861 ; 11.294 ; 10.976 ;
; iB[1]      ; o7segU[0]    ; 11.943 ; 12.250 ; 12.061 ; 12.368 ;
; iB[1]      ; o7segU[1]    ; 11.857 ; 12.030 ; 11.975 ; 12.148 ;
; iB[1]      ; o7segU[2]    ; 11.942 ; 12.185 ; 12.060 ; 12.303 ;
; iB[1]      ; o7segU[3]    ; 11.948 ; 12.253 ; 12.066 ; 12.371 ;
; iB[1]      ; o7segU[4]    ; 11.775 ; 11.871 ; 11.893 ; 11.989 ;
; iB[1]      ; o7segU[5]    ; 11.949 ; 12.127 ; 12.067 ; 12.245 ;
; iB[1]      ; o7segU[6]    ; 11.977 ; 11.825 ; 12.095 ; 11.943 ;
; iB[1]      ; oLED_Carry   ; 11.328 ; 11.897 ; 11.446 ; 12.015 ;
; iB[1]      ; oLEDs_Res[0] ; 10.251 ; 10.827 ; 10.395 ; 10.954 ;
; iB[1]      ; oLEDs_Res[1] ; 11.532 ; 12.119 ; 11.640 ; 12.231 ;
; iB[1]      ; oLEDs_Res[2] ; 11.314 ; 11.952 ; 11.432 ; 12.061 ;
; iB[1]      ; oLEDs_Res[3] ; 12.764 ; 14.083 ; 12.882 ; 14.201 ;
; iB[1]      ; oLEDs_Res[4] ; 11.994 ; 12.963 ; 12.109 ; 13.081 ;
; iB[2]      ; o7segD[0]    ; 10.418 ; 10.665 ; 10.546 ; 10.793 ;
; iB[2]      ; o7segD[2]    ; 10.391 ; 10.659 ; 10.519 ; 10.787 ;
; iB[2]      ; o7segD[3]    ; 10.420 ; 10.665 ; 10.548 ; 10.793 ;
; iB[2]      ; o7segD[4]    ; 10.228 ; 10.282 ; 10.356 ; 10.410 ;
; iB[2]      ; o7segD[5]    ; 10.330 ; 10.576 ; 10.458 ; 10.704 ;
; iB[2]      ; o7segD[6]    ; 10.960 ; 10.642 ; 11.088 ; 10.770 ;
; iB[2]      ; o7segU[0]    ; 11.727 ; 12.034 ; 11.855 ; 12.162 ;
; iB[2]      ; o7segU[1]    ; 11.641 ; 11.814 ; 11.769 ; 11.942 ;
; iB[2]      ; o7segU[2]    ; 11.726 ; 11.969 ; 11.854 ; 12.097 ;
; iB[2]      ; o7segU[3]    ; 11.732 ; 12.037 ; 11.860 ; 12.165 ;
; iB[2]      ; o7segU[4]    ; 11.559 ; 11.655 ; 11.687 ; 11.783 ;
; iB[2]      ; o7segU[5]    ; 11.733 ; 11.911 ; 11.861 ; 12.039 ;
; iB[2]      ; o7segU[6]    ; 11.761 ; 11.609 ; 11.889 ; 11.737 ;
; iB[2]      ; oLED_Carry   ; 11.112 ; 11.681 ; 11.240 ; 11.809 ;
; iB[2]      ; oLEDs_Res[0] ; 10.236 ; 10.899 ; 10.312 ; 11.030 ;
; iB[2]      ; oLEDs_Res[2] ; 10.580 ; 11.303 ; 10.701 ; 11.395 ;
; iB[2]      ; oLEDs_Res[3] ; 12.604 ; 13.893 ; 12.677 ; 13.995 ;
; iB[2]      ; oLEDs_Res[4] ; 11.775 ; 12.747 ; 11.903 ; 12.875 ;
; iB[3]      ; o7segD[0]    ; 10.653 ; 10.900 ; 10.822 ; 11.069 ;
; iB[3]      ; o7segD[2]    ; 10.626 ; 10.894 ; 10.801 ; 11.063 ;
; iB[3]      ; o7segD[3]    ; 10.655 ; 10.900 ; 10.824 ; 11.069 ;
; iB[3]      ; o7segD[4]    ; 10.463 ; 10.517 ; 10.632 ; 10.686 ;
; iB[3]      ; o7segD[5]    ; 10.565 ; 10.811 ; 10.740 ; 10.980 ;
; iB[3]      ; o7segD[6]    ; 11.195 ; 10.877 ; 11.364 ; 11.052 ;
; iB[3]      ; o7segU[0]    ; 11.962 ; 12.269 ; 12.131 ; 12.438 ;
; iB[3]      ; o7segU[1]    ; 11.876 ; 12.049 ; 12.045 ; 12.218 ;
; iB[3]      ; o7segU[2]    ; 11.961 ; 12.204 ; 12.130 ; 12.373 ;
; iB[3]      ; o7segU[3]    ; 11.967 ; 12.272 ; 12.136 ; 12.441 ;
; iB[3]      ; o7segU[4]    ; 11.794 ; 11.890 ; 11.963 ; 12.059 ;
; iB[3]      ; o7segU[5]    ; 11.968 ; 12.146 ; 12.137 ; 12.315 ;
; iB[3]      ; o7segU[6]    ; 11.996 ; 11.844 ; 12.165 ; 12.013 ;
; iB[3]      ; oLED_Carry   ; 11.347 ; 11.916 ; 11.516 ; 12.085 ;
; iB[3]      ; oLEDs_Res[0] ; 11.251 ; 11.801 ; 11.431 ; 11.970 ;
; iB[3]      ; oLEDs_Res[3] ; 12.861 ; 14.116 ; 13.039 ; 14.295 ;
; iB[3]      ; oLEDs_Res[4] ; 12.010 ; 12.982 ; 12.185 ; 13.151 ;
; iB[4]      ; o7segD[0]    ; 10.273 ; 10.520 ; 10.438 ; 10.685 ;
; iB[4]      ; o7segD[2]    ; 10.230 ; 10.514 ; 10.386 ; 10.679 ;
; iB[4]      ; o7segD[3]    ; 10.275 ; 10.520 ; 10.440 ; 10.685 ;
; iB[4]      ; o7segD[4]    ; 10.083 ; 10.137 ; 10.248 ; 10.302 ;
; iB[4]      ; o7segD[5]    ; 10.169 ; 10.431 ; 10.325 ; 10.596 ;
; iB[4]      ; o7segD[6]    ; 10.815 ; 10.481 ; 10.980 ; 10.637 ;
; iB[4]      ; o7segU[0]    ; 11.582 ; 11.889 ; 11.747 ; 12.054 ;
; iB[4]      ; o7segU[1]    ; 11.496 ; 11.669 ; 11.661 ; 11.834 ;
; iB[4]      ; o7segU[2]    ; 11.581 ; 11.824 ; 11.746 ; 11.989 ;
; iB[4]      ; o7segU[3]    ; 11.587 ; 11.892 ; 11.752 ; 12.057 ;
; iB[4]      ; o7segU[4]    ; 11.414 ; 11.510 ; 11.579 ; 11.675 ;
; iB[4]      ; o7segU[5]    ; 11.588 ; 11.766 ; 11.753 ; 11.931 ;
; iB[4]      ; o7segU[6]    ; 11.616 ; 11.464 ; 11.781 ; 11.629 ;
; iB[4]      ; oLED_Carry   ; 11.311 ; 11.850 ; 11.509 ; 12.015 ;
; iB[4]      ; oLEDs_Res[0] ; 11.064 ; 11.676 ; 11.195 ; 11.860 ;
; iB[4]      ; oLEDs_Res[4] ; 11.614 ; 12.602 ; 11.770 ; 12.767 ;
; iKeys[0]   ; o7segD[0]    ; 10.853 ; 11.100 ; 11.325 ; 11.561 ;
; iKeys[0]   ; o7segD[2]    ; 10.854 ; 11.094 ; 11.323 ; 11.555 ;
; iKeys[0]   ; o7segD[3]    ; 10.855 ; 11.100 ; 11.327 ; 11.561 ;
; iKeys[0]   ; o7segD[4]    ; 10.663 ; 10.717 ; 11.124 ; 11.178 ;
; iKeys[0]   ; o7segD[5]    ; 10.793 ; 11.011 ; 11.202 ; 11.472 ;
; iKeys[0]   ; o7segD[6]    ; 11.395 ; 11.105 ; 11.856 ; 11.514 ;
; iKeys[0]   ; o7segU[0]    ; 12.162 ; 12.469 ; 12.623 ; 12.930 ;
; iKeys[0]   ; o7segU[1]    ; 12.076 ; 12.249 ; 12.537 ; 12.710 ;
; iKeys[0]   ; o7segU[2]    ; 12.161 ; 12.404 ; 12.622 ; 12.865 ;
; iKeys[0]   ; o7segU[3]    ; 12.167 ; 12.472 ; 12.628 ; 12.933 ;
; iKeys[0]   ; o7segU[4]    ; 11.994 ; 12.090 ; 12.455 ; 12.551 ;
; iKeys[0]   ; o7segU[5]    ; 12.168 ; 12.346 ; 12.629 ; 12.807 ;
; iKeys[0]   ; o7segU[6]    ; 12.196 ; 12.044 ; 12.657 ; 12.505 ;
; iKeys[0]   ; oLED_Carry   ; 10.914 ; 11.769 ; 11.568 ; 12.024 ;
; iKeys[0]   ; oLEDs_Res[0] ; 12.176 ; 12.935 ; 12.704 ; 13.516 ;
; iKeys[0]   ; oLEDs_Res[1] ; 11.758 ; 12.458 ; 12.318 ; 13.007 ;
; iKeys[0]   ; oLEDs_Res[2] ; 11.646 ; 12.403 ; 12.202 ; 12.983 ;
; iKeys[0]   ; oLEDs_Res[3] ; 12.850 ; 14.159 ; 13.452 ; 14.768 ;
; iKeys[0]   ; oLEDs_Res[4] ; 12.238 ; 13.182 ; 12.647 ; 13.643 ;
; iKeys[1]   ; o7segD[0]    ; 11.162 ; 11.303 ; 11.690 ; 11.820 ;
; iKeys[1]   ; o7segD[2]    ; 11.162 ; 11.296 ; 11.688 ; 11.784 ;
; iKeys[1]   ; o7segD[3]    ; 11.164 ; 11.303 ; 11.692 ; 11.820 ;
; iKeys[1]   ; o7segD[4]    ; 10.865 ; 10.999 ; 11.352 ; 11.496 ;
; iKeys[1]   ; o7segD[5]    ; 11.059 ; 11.213 ; 11.557 ; 11.727 ;
; iKeys[1]   ; o7segD[6]    ; 11.597 ; 11.371 ; 12.111 ; 11.869 ;
; iKeys[1]   ; o7segU[0]    ; 12.412 ; 12.719 ; 12.876 ; 13.207 ;
; iKeys[1]   ; o7segU[1]    ; 12.304 ; 12.451 ; 12.768 ; 12.938 ;
; iKeys[1]   ; o7segU[2]    ; 12.411 ; 12.646 ; 12.875 ; 13.101 ;
; iKeys[1]   ; o7segU[3]    ; 12.401 ; 12.674 ; 12.865 ; 13.161 ;
; iKeys[1]   ; o7segU[4]    ; 12.244 ; 12.349 ; 12.708 ; 12.804 ;
; iKeys[1]   ; o7segU[5]    ; 12.418 ; 12.548 ; 12.882 ; 13.035 ;
; iKeys[1]   ; o7segU[6]    ; 12.423 ; 12.263 ; 12.920 ; 12.760 ;
; iKeys[1]   ; oLED_Carry   ; 11.444 ; 12.184 ; 11.931 ; 12.682 ;
; iKeys[1]   ; oLEDs_Res[0] ; 12.593 ; 13.352 ; 13.069 ; 13.881 ;
; iKeys[1]   ; oLEDs_Res[1] ; 12.175 ; 12.875 ; 12.683 ; 13.372 ;
; iKeys[1]   ; oLEDs_Res[2] ; 12.063 ; 12.820 ; 12.567 ; 13.348 ;
; iKeys[1]   ; oLEDs_Res[3] ; 13.328 ; 14.644 ; 13.815 ; 15.131 ;
; iKeys[1]   ; oLEDs_Res[4] ; 12.504 ; 13.384 ; 13.002 ; 13.871 ;
; iKeys[2]   ; o7segD[0]    ; 10.746 ; 10.904 ; 11.045 ; 11.175 ;
; iKeys[2]   ; o7segD[2]    ; 10.744 ; 10.898 ; 11.043 ; 11.165 ;
; iKeys[2]   ; o7segD[3]    ; 10.748 ; 10.904 ; 11.047 ; 11.175 ;
; iKeys[2]   ; o7segD[4]    ; 10.467 ; 10.552 ; 10.734 ; 10.851 ;
; iKeys[2]   ; o7segD[5]    ; 10.671 ; 10.815 ; 10.930 ; 11.082 ;
; iKeys[2]   ; o7segD[6]    ; 11.199 ; 10.983 ; 11.466 ; 11.242 ;
; iKeys[2]   ; o7segU[0]    ; 11.966 ; 12.273 ; 12.233 ; 12.562 ;
; iKeys[2]   ; o7segU[1]    ; 11.880 ; 12.053 ; 12.147 ; 12.320 ;
; iKeys[2]   ; o7segU[2]    ; 11.965 ; 12.208 ; 12.232 ; 12.475 ;
; iKeys[2]   ; o7segU[3]    ; 11.971 ; 12.276 ; 12.238 ; 12.543 ;
; iKeys[2]   ; o7segU[4]    ; 11.798 ; 11.894 ; 12.065 ; 12.161 ;
; iKeys[2]   ; o7segU[5]    ; 11.972 ; 12.150 ; 12.239 ; 12.417 ;
; iKeys[2]   ; o7segU[6]    ; 12.000 ; 11.848 ; 12.275 ; 12.115 ;
; iKeys[2]   ; oLED_Carry   ; 10.792 ; 11.796 ; 11.313 ; 11.634 ;
; iKeys[2]   ; oLEDs_Res[0] ; 12.125 ; 12.937 ; 12.424 ; 13.236 ;
; iKeys[2]   ; oLEDs_Res[1] ; 11.739 ; 12.428 ; 12.038 ; 12.727 ;
; iKeys[2]   ; oLEDs_Res[2] ; 11.637 ; 12.404 ; 11.922 ; 12.703 ;
; iKeys[2]   ; oLEDs_Res[3] ; 12.877 ; 14.186 ; 13.197 ; 14.513 ;
; iKeys[2]   ; oLEDs_Res[4] ; 12.116 ; 12.986 ; 12.375 ; 13.253 ;
; iKeys[3]   ; o7segD[0]    ; 10.349 ; 10.479 ; 10.661 ; 10.791 ;
; iKeys[3]   ; o7segD[2]    ; 10.347 ; 10.453 ; 10.659 ; 10.766 ;
; iKeys[3]   ; o7segD[3]    ; 10.351 ; 10.479 ; 10.663 ; 10.791 ;
; iKeys[3]   ; o7segD[4]    ; 10.022 ; 10.155 ; 10.335 ; 10.467 ;
; iKeys[3]   ; o7segD[5]    ; 10.200 ; 10.386 ; 10.534 ; 10.698 ;
; iKeys[3]   ; o7segD[6]    ; 10.770 ; 10.512 ; 11.082 ; 10.846 ;
; iKeys[3]   ; o7segU[0]    ; 11.547 ; 11.866 ; 11.876 ; 12.183 ;
; iKeys[3]   ; o7segU[1]    ; 11.439 ; 11.608 ; 11.768 ; 11.921 ;
; iKeys[3]   ; o7segU[2]    ; 11.546 ; 11.781 ; 11.875 ; 12.110 ;
; iKeys[3]   ; o7segU[3]    ; 11.536 ; 11.831 ; 11.865 ; 12.144 ;
; iKeys[3]   ; o7segU[4]    ; 11.379 ; 11.484 ; 11.708 ; 11.813 ;
; iKeys[3]   ; o7segU[5]    ; 11.553 ; 11.705 ; 11.882 ; 12.018 ;
; iKeys[3]   ; o7segU[6]    ; 11.579 ; 11.419 ; 11.891 ; 11.731 ;
; iKeys[3]   ; oLED_Carry   ; 10.591 ; 11.320 ; 10.903 ; 11.649 ;
; iKeys[3]   ; oLEDs_Res[0] ; 11.728 ; 12.540 ; 12.057 ; 12.852 ;
; iKeys[3]   ; oLEDs_Res[1] ; 11.342 ; 12.031 ; 11.654 ; 12.343 ;
; iKeys[3]   ; oLEDs_Res[2] ; 11.226 ; 12.007 ; 11.538 ; 12.319 ;
; iKeys[3]   ; oLEDs_Res[3] ; 12.475 ; 13.791 ; 12.787 ; 14.103 ;
; iKeys[3]   ; oLEDs_Res[4] ; 11.645 ; 12.541 ; 11.979 ; 12.854 ;
+------------+--------------+--------+--------+--------+--------+


+---------------------------------------------------------------+
; Minimum Propagation Delay                                     ;
+------------+--------------+--------+--------+--------+--------+
; Input Port ; Output Port  ; RR     ; RF     ; FR     ; FF     ;
+------------+--------------+--------+--------+--------+--------+
; iA[0]      ; o7segD[0]    ; 8.905  ; 9.003  ; 8.917  ; 9.015  ;
; iA[0]      ; o7segD[2]    ; 8.895  ; 8.962  ; 8.907  ; 8.974  ;
; iA[0]      ; o7segD[3]    ; 8.906  ; 9.002  ; 8.918  ; 9.014  ;
; iA[0]      ; o7segD[4]    ; 8.605  ; 8.666  ; 8.617  ; 8.678  ;
; iA[0]      ; o7segD[5]    ; 8.883  ; 8.921  ; 8.895  ; 8.933  ;
; iA[0]      ; o7segD[6]    ; 9.254  ; 9.164  ; 9.266  ; 9.176  ;
; iA[0]      ; o7segU[0]    ; 8.858  ; 9.074  ; 8.935  ; 9.151  ;
; iA[0]      ; o7segU[1]    ; 8.795  ; 8.885  ; 8.872  ; 8.962  ;
; iA[0]      ; o7segU[2]    ; 8.891  ; 9.087  ; 8.984  ; 9.164  ;
; iA[0]      ; o7segU[3]    ; 8.863  ; 9.036  ; 8.940  ; 9.113  ;
; iA[0]      ; o7segU[4]    ; 8.727  ; 8.863  ; 8.804  ; 8.956  ;
; iA[0]      ; o7segU[5]    ; 8.897  ; 9.003  ; 8.974  ; 9.096  ;
; iA[0]      ; o7segU[6]    ; 8.874  ; 8.766  ; 8.951  ; 8.859  ;
; iA[0]      ; oLED_Carry   ; 10.128 ; 10.568 ; 10.136 ; 10.576 ;
; iA[0]      ; oLEDs_Res[0] ; 9.525  ; 10.053 ; 9.602  ; 10.146 ;
; iA[0]      ; oLEDs_Res[1] ; 10.217 ; 10.686 ; 10.280 ; 10.724 ;
; iA[0]      ; oLEDs_Res[2] ; 10.102 ; 10.584 ; 10.113 ; 10.594 ;
; iA[0]      ; oLEDs_Res[3] ; 11.277 ; 12.119 ; 11.289 ; 12.131 ;
; iA[0]      ; oLEDs_Res[4] ; 10.581 ; 11.275 ; 10.619 ; 11.313 ;
; iA[1]      ; o7segD[0]    ; 7.574  ; 7.983  ; 7.709  ; 8.057  ;
; iA[1]      ; o7segD[2]    ; 7.825  ; 7.790  ; 7.899  ; 7.925  ;
; iA[1]      ; o7segD[3]    ; 7.575  ; 7.982  ; 7.710  ; 8.056  ;
; iA[1]      ; o7segD[4]    ; 7.445  ; 7.660  ; 7.580  ; 7.734  ;
; iA[1]      ; o7segD[5]    ; 7.544  ; 7.863  ; 7.679  ; 7.937  ;
; iA[1]      ; o7segD[6]    ; 8.810  ; 8.720  ; 9.037  ; 8.947  ;
; iA[1]      ; o7segU[0]    ; 8.290  ; 8.622  ; 8.425  ; 8.757  ;
; iA[1]      ; o7segU[1]    ; 8.392  ; 8.584  ; 8.527  ; 8.719  ;
; iA[1]      ; o7segU[2]    ; 8.459  ; 8.655  ; 8.594  ; 8.790  ;
; iA[1]      ; o7segU[3]    ; 8.456  ; 8.686  ; 8.591  ; 8.821  ;
; iA[1]      ; o7segU[4]    ; 8.290  ; 8.499  ; 8.425  ; 8.634  ;
; iA[1]      ; o7segU[5]    ; 8.479  ; 8.636  ; 8.614  ; 8.771  ;
; iA[1]      ; o7segU[6]    ; 8.335  ; 8.134  ; 8.470  ; 8.269  ;
; iA[1]      ; oLED_Carry   ; 9.680  ; 10.120 ; 9.911  ; 10.351 ;
; iA[1]      ; oLEDs_Res[0] ; 9.551  ; 10.024 ; 9.679  ; 10.141 ;
; iA[1]      ; oLEDs_Res[1] ; 8.756  ; 9.362  ; 8.891  ; 9.436  ;
; iA[1]      ; oLEDs_Res[2] ; 9.657  ; 10.138 ; 9.885  ; 10.367 ;
; iA[1]      ; oLEDs_Res[3] ; 10.833 ; 11.675 ; 11.060 ; 11.902 ;
; iA[1]      ; oLEDs_Res[4] ; 10.163 ; 10.857 ; 10.364 ; 11.058 ;
; iA[2]      ; o7segD[0]    ; 8.260  ; 8.376  ; 8.361  ; 8.477  ;
; iA[2]      ; o7segD[2]    ; 8.254  ; 8.346  ; 8.355  ; 8.447  ;
; iA[2]      ; o7segD[3]    ; 8.261  ; 8.375  ; 8.362  ; 8.476  ;
; iA[2]      ; o7segD[4]    ; 7.955  ; 8.034  ; 8.056  ; 8.135  ;
; iA[2]      ; o7segD[5]    ; 8.220  ; 8.332  ; 8.321  ; 8.427  ;
; iA[2]      ; o7segD[6]    ; 8.648  ; 8.495  ; 8.743  ; 8.596  ;
; iA[2]      ; o7segU[0]    ; 8.640  ; 8.856  ; 8.832  ; 9.043  ;
; iA[2]      ; o7segU[1]    ; 8.577  ; 8.667  ; 8.769  ; 8.853  ;
; iA[2]      ; o7segU[2]    ; 8.763  ; 8.869  ; 8.848  ; 9.066  ;
; iA[2]      ; o7segU[3]    ; 8.645  ; 8.818  ; 8.839  ; 9.006  ;
; iA[2]      ; o7segU[4]    ; 8.509  ; 8.735  ; 8.706  ; 8.820  ;
; iA[2]      ; o7segU[5]    ; 8.679  ; 8.875  ; 8.876  ; 8.960  ;
; iA[2]      ; o7segU[6]    ; 8.656  ; 8.638  ; 8.853  ; 8.723  ;
; iA[2]      ; oLED_Carry   ; 9.866  ; 10.306 ; 10.033 ; 10.473 ;
; iA[2]      ; oLEDs_Res[0] ; 9.307  ; 9.925  ; 9.504  ; 10.010 ;
; iA[2]      ; oLEDs_Res[2] ; 9.257  ; 9.758  ; 9.358  ; 9.853  ;
; iA[2]      ; oLEDs_Res[3] ; 11.019 ; 11.861 ; 11.182 ; 12.024 ;
; iA[2]      ; oLEDs_Res[4] ; 10.349 ; 11.043 ; 10.486 ; 11.180 ;
; iA[3]      ; o7segD[0]    ; 7.155  ; 7.267  ; 7.267  ; 7.379  ;
; iA[3]      ; o7segD[2]    ; 7.147  ; 7.225  ; 7.259  ; 7.337  ;
; iA[3]      ; o7segD[3]    ; 7.156  ; 7.266  ; 7.268  ; 7.378  ;
; iA[3]      ; o7segD[4]    ; 6.854  ; 6.929  ; 6.966  ; 7.041  ;
; iA[3]      ; o7segD[5]    ; 7.125  ; 7.250  ; 7.237  ; 7.301  ;
; iA[3]      ; o7segD[6]    ; 7.583  ; 7.406  ; 7.634  ; 7.518  ;
; iA[3]      ; o7segU[0]    ; 7.851  ; 8.149  ; 7.963  ; 8.261  ;
; iA[3]      ; o7segU[1]    ; 7.817  ; 8.022  ; 7.929  ; 8.134  ;
; iA[3]      ; o7segU[2]    ; 7.907  ; 8.202  ; 8.019  ; 8.314  ;
; iA[3]      ; o7segU[3]    ; 7.881  ; 8.169  ; 7.993  ; 8.281  ;
; iA[3]      ; o7segU[4]    ; 7.751  ; 7.943  ; 7.863  ; 8.055  ;
; iA[3]      ; o7segU[5]    ; 7.904  ; 8.123  ; 8.016  ; 8.235  ;
; iA[3]      ; o7segU[6]    ; 7.961  ; 7.781  ; 8.073  ; 7.893  ;
; iA[3]      ; oLED_Carry   ; 9.839  ; 10.279 ; 9.957  ; 10.397 ;
; iA[3]      ; oLEDs_Res[0] ; 9.583  ; 10.060 ; 9.725  ; 10.188 ;
; iA[3]      ; oLEDs_Res[3] ; 9.519  ; 10.448 ; 9.631  ; 10.499 ;
; iA[3]      ; oLEDs_Res[4] ; 10.292 ; 10.985 ; 10.410 ; 11.104 ;
; iA[4]      ; o7segD[0]    ; 7.715  ; 7.801  ; 7.805  ; 7.891  ;
; iA[4]      ; o7segD[2]    ; 7.790  ; 7.953  ; 7.880  ; 8.031  ;
; iA[4]      ; o7segD[3]    ; 7.716  ; 7.800  ; 7.806  ; 7.890  ;
; iA[4]      ; o7segD[4]    ; 7.492  ; 7.570  ; 7.582  ; 7.660  ;
; iA[4]      ; o7segD[5]    ; 7.734  ; 7.878  ; 7.824  ; 7.956  ;
; iA[4]      ; o7segD[6]    ; 8.193  ; 8.010  ; 8.271  ; 8.100  ;
; iA[4]      ; o7segU[0]    ; 8.498  ; 8.811  ; 8.588  ; 8.901  ;
; iA[4]      ; o7segU[1]    ; 8.428  ; 8.633  ; 8.518  ; 8.723  ;
; iA[4]      ; o7segU[2]    ; 8.518  ; 8.816  ; 8.608  ; 8.906  ;
; iA[4]      ; o7segU[3]    ; 8.492  ; 8.780  ; 8.582  ; 8.870  ;
; iA[4]      ; o7segU[4]    ; 8.362  ; 8.564  ; 8.452  ; 8.654  ;
; iA[4]      ; o7segU[5]    ; 8.515  ; 8.737  ; 8.605  ; 8.827  ;
; iA[4]      ; o7segU[6]    ; 8.471  ; 8.331  ; 8.561  ; 8.421  ;
; iA[4]      ; oLED_Carry   ; 9.735  ; 10.175 ; 9.804  ; 10.244 ;
; iA[4]      ; oLEDs_Res[0] ; 9.723  ; 10.320 ; 9.919  ; 10.427 ;
; iA[4]      ; oLEDs_Res[4] ; 9.098  ; 9.750  ; 9.188  ; 9.828  ;
; iB[0]      ; o7segD[0]    ; 8.724  ; 8.822  ; 8.913  ; 9.011  ;
; iB[0]      ; o7segD[2]    ; 8.714  ; 8.781  ; 8.903  ; 8.970  ;
; iB[0]      ; o7segD[3]    ; 8.725  ; 8.821  ; 8.914  ; 9.010  ;
; iB[0]      ; o7segD[4]    ; 8.424  ; 8.485  ; 8.613  ; 8.674  ;
; iB[0]      ; o7segD[5]    ; 8.702  ; 8.740  ; 8.891  ; 8.929  ;
; iB[0]      ; o7segD[6]    ; 9.073  ; 8.983  ; 9.262  ; 9.172  ;
; iB[0]      ; o7segU[0]    ; 8.503  ; 8.719  ; 8.720  ; 8.936  ;
; iB[0]      ; o7segU[1]    ; 8.440  ; 8.530  ; 8.657  ; 8.747  ;
; iB[0]      ; o7segU[2]    ; 8.678  ; 8.732  ; 8.806  ; 8.949  ;
; iB[0]      ; o7segU[3]    ; 8.508  ; 8.681  ; 8.725  ; 8.898  ;
; iB[0]      ; o7segU[4]    ; 8.372  ; 8.650  ; 8.589  ; 8.778  ;
; iB[0]      ; o7segU[5]    ; 8.542  ; 8.790  ; 8.759  ; 8.918  ;
; iB[0]      ; o7segU[6]    ; 8.519  ; 8.553  ; 8.736  ; 8.681  ;
; iB[0]      ; oLED_Carry   ; 9.943  ; 10.383 ; 10.136 ; 10.576 ;
; iB[0]      ; oLEDs_Res[0] ; 9.170  ; 9.840  ; 9.387  ; 9.968  ;
; iB[0]      ; oLEDs_Res[1] ; 10.087 ; 10.531 ; 10.225 ; 10.694 ;
; iB[0]      ; oLEDs_Res[2] ; 9.920  ; 10.401 ; 10.110 ; 10.592 ;
; iB[0]      ; oLEDs_Res[3] ; 11.096 ; 11.938 ; 11.285 ; 12.127 ;
; iB[0]      ; oLEDs_Res[4] ; 10.426 ; 11.120 ; 10.589 ; 11.283 ;
; iB[1]      ; o7segD[0]    ; 7.695  ; 8.101  ; 7.877  ; 8.192  ;
; iB[1]      ; o7segD[2]    ; 7.943  ; 7.911  ; 8.034  ; 8.093  ;
; iB[1]      ; o7segD[3]    ; 7.696  ; 8.100  ; 7.878  ; 8.191  ;
; iB[1]      ; o7segD[4]    ; 7.566  ; 7.778  ; 7.748  ; 7.869  ;
; iB[1]      ; o7segD[5]    ; 7.665  ; 7.981  ; 7.847  ; 8.072  ;
; iB[1]      ; o7segD[6]    ; 9.063  ; 8.973  ; 9.145  ; 9.055  ;
; iB[1]      ; o7segU[0]    ; 8.411  ; 8.743  ; 8.593  ; 8.848  ;
; iB[1]      ; o7segU[1]    ; 8.477  ; 8.561  ; 8.574  ; 8.658  ;
; iB[1]      ; o7segU[2]    ; 8.556  ; 8.776  ; 8.653  ; 8.929  ;
; iB[1]      ; o7segU[3]    ; 8.547  ; 8.714  ; 8.644  ; 8.811  ;
; iB[1]      ; o7segU[4]    ; 8.411  ; 8.528  ; 8.569  ; 8.625  ;
; iB[1]      ; o7segU[5]    ; 8.600  ; 8.668  ; 8.739  ; 8.765  ;
; iB[1]      ; o7segU[6]    ; 8.456  ; 8.255  ; 8.634  ; 8.437  ;
; iB[1]      ; oLED_Carry   ; 9.937  ; 10.377 ; 10.019 ; 10.459 ;
; iB[1]      ; oLEDs_Res[0] ; 9.259  ; 9.718  ; 9.367  ; 9.815  ;
; iB[1]      ; oLEDs_Res[1] ; 8.877  ; 9.480  ; 9.059  ; 9.571  ;
; iB[1]      ; oLEDs_Res[2] ; 9.911  ; 10.393 ; 9.993  ; 10.449 ;
; iB[1]      ; oLEDs_Res[3] ; 11.086 ; 11.928 ; 11.168 ; 12.010 ;
; iB[1]      ; oLEDs_Res[4] ; 10.390 ; 11.084 ; 10.472 ; 11.166 ;
; iB[2]      ; o7segD[0]    ; 7.887  ; 8.003  ; 8.052  ; 8.168  ;
; iB[2]      ; o7segD[2]    ; 7.881  ; 7.973  ; 8.046  ; 8.138  ;
; iB[2]      ; o7segD[3]    ; 7.888  ; 8.002  ; 8.053  ; 8.167  ;
; iB[2]      ; o7segD[4]    ; 7.582  ; 7.661  ; 7.747  ; 7.826  ;
; iB[2]      ; o7segD[5]    ; 7.847  ; 8.036  ; 8.012  ; 8.122  ;
; iB[2]      ; o7segD[6]    ; 8.352  ; 8.122  ; 8.438  ; 8.287  ;
; iB[2]      ; o7segU[0]    ; 8.575  ; 8.786  ; 8.674  ; 8.888  ;
; iB[2]      ; o7segU[1]    ; 8.512  ; 8.596  ; 8.611  ; 8.698  ;
; iB[2]      ; o7segU[2]    ; 8.591  ; 8.833  ; 8.693  ; 8.903  ;
; iB[2]      ; o7segU[3]    ; 8.582  ; 8.749  ; 8.679  ; 8.851  ;
; iB[2]      ; o7segU[4]    ; 8.468  ; 8.563  ; 8.543  ; 8.665  ;
; iB[2]      ; o7segU[5]    ; 8.621  ; 8.703  ; 8.713  ; 8.805  ;
; iB[2]      ; o7segU[6]    ; 8.477  ; 8.276  ; 8.642  ; 8.441  ;
; iB[2]      ; oLED_Carry   ; 9.774  ; 10.214 ; 9.856  ; 10.296 ;
; iB[2]      ; oLEDs_Res[0] ; 9.271  ; 9.753  ; 9.341  ; 9.855  ;
; iB[2]      ; oLEDs_Res[2] ; 8.884  ; 9.462  ; 9.049  ; 9.548  ;
; iB[2]      ; oLEDs_Res[3] ; 10.923 ; 11.765 ; 11.009 ; 11.851 ;
; iB[2]      ; oLEDs_Res[4] ; 10.227 ; 10.921 ; 10.330 ; 11.024 ;
; iB[3]      ; o7segD[0]    ; 7.346  ; 7.458  ; 7.536  ; 7.638  ;
; iB[3]      ; o7segD[2]    ; 7.338  ; 7.416  ; 7.528  ; 7.597  ;
; iB[3]      ; o7segD[3]    ; 7.347  ; 7.457  ; 7.537  ; 7.637  ;
; iB[3]      ; o7segD[4]    ; 7.045  ; 7.120  ; 7.235  ; 7.301  ;
; iB[3]      ; o7segD[5]    ; 7.316  ; 7.445  ; 7.506  ; 7.556  ;
; iB[3]      ; o7segD[6]    ; 7.778  ; 7.597  ; 7.889  ; 7.787  ;
; iB[3]      ; o7segU[0]    ; 8.042  ; 8.340  ; 8.232  ; 8.520  ;
; iB[3]      ; o7segU[1]    ; 8.008  ; 8.213  ; 8.198  ; 8.403  ;
; iB[3]      ; o7segU[2]    ; 8.098  ; 8.393  ; 8.288  ; 8.574  ;
; iB[3]      ; o7segU[3]    ; 8.072  ; 8.360  ; 8.262  ; 8.550  ;
; iB[3]      ; o7segU[4]    ; 7.942  ; 8.134  ; 8.132  ; 8.314  ;
; iB[3]      ; o7segU[5]    ; 8.095  ; 8.314  ; 8.285  ; 8.495  ;
; iB[3]      ; o7segU[6]    ; 8.152  ; 7.972  ; 8.332  ; 8.162  ;
; iB[3]      ; oLED_Carry   ; 9.960  ; 10.400 ; 10.089 ; 10.529 ;
; iB[3]      ; oLEDs_Res[0] ; 10.090 ; 10.570 ; 10.226 ; 10.701 ;
; iB[3]      ; oLEDs_Res[3] ; 9.710  ; 10.643 ; 9.900  ; 10.754 ;
; iB[3]      ; oLEDs_Res[4] ; 10.413 ; 11.107 ; 10.542 ; 11.236 ;
; iB[4]      ; o7segD[0]    ; 8.152  ; 8.238  ; 8.286  ; 8.372  ;
; iB[4]      ; o7segD[2]    ; 8.227  ; 8.404  ; 8.361  ; 8.532  ;
; iB[4]      ; o7segD[3]    ; 8.153  ; 8.237  ; 8.287  ; 8.371  ;
; iB[4]      ; o7segD[4]    ; 7.929  ; 8.007  ; 8.063  ; 8.141  ;
; iB[4]      ; o7segD[5]    ; 8.171  ; 8.329  ; 8.305  ; 8.457  ;
; iB[4]      ; o7segD[6]    ; 8.644  ; 8.447  ; 8.772  ; 8.581  ;
; iB[4]      ; o7segU[0]    ; 8.935  ; 9.248  ; 9.069  ; 9.382  ;
; iB[4]      ; o7segU[1]    ; 8.865  ; 9.070  ; 8.999  ; 9.204  ;
; iB[4]      ; o7segU[2]    ; 8.955  ; 9.253  ; 9.089  ; 9.387  ;
; iB[4]      ; o7segU[3]    ; 8.929  ; 9.217  ; 9.063  ; 9.351  ;
; iB[4]      ; o7segU[4]    ; 8.799  ; 9.001  ; 8.933  ; 9.135  ;
; iB[4]      ; o7segU[5]    ; 8.952  ; 9.174  ; 9.086  ; 9.308  ;
; iB[4]      ; o7segU[6]    ; 8.908  ; 8.768  ; 9.042  ; 8.902  ;
; iB[4]      ; oLED_Carry   ; 9.901  ; 10.341 ; 10.029 ; 10.469 ;
; iB[4]      ; oLEDs_Res[0] ; 9.963  ; 10.414 ; 10.070 ; 10.569 ;
; iB[4]      ; oLEDs_Res[4] ; 9.535  ; 10.201 ; 9.669  ; 10.329 ;
; iKeys[0]   ; o7segD[0]    ; 8.683  ; 8.781  ; 8.940  ; 9.052  ;
; iKeys[0]   ; o7segD[2]    ; 8.673  ; 8.740  ; 8.932  ; 9.010  ;
; iKeys[0]   ; o7segD[3]    ; 8.684  ; 8.780  ; 8.941  ; 9.051  ;
; iKeys[0]   ; o7segD[4]    ; 8.383  ; 8.444  ; 8.639  ; 8.714  ;
; iKeys[0]   ; o7segD[5]    ; 8.672  ; 8.699  ; 8.910  ; 8.984  ;
; iKeys[0]   ; o7segD[6]    ; 9.032  ; 8.953  ; 9.317  ; 9.191  ;
; iKeys[0]   ; o7segU[0]    ; 9.358  ; 9.569  ; 9.614  ; 9.825  ;
; iKeys[0]   ; o7segU[1]    ; 9.295  ; 9.379  ; 9.551  ; 9.635  ;
; iKeys[0]   ; o7segU[2]    ; 9.374  ; 9.626  ; 9.630  ; 9.871  ;
; iKeys[0]   ; o7segU[3]    ; 9.365  ; 9.532  ; 9.621  ; 9.788  ;
; iKeys[0]   ; o7segU[4]    ; 9.266  ; 9.346  ; 9.511  ; 9.602  ;
; iKeys[0]   ; o7segU[5]    ; 9.433  ; 9.486  ; 9.681  ; 9.742  ;
; iKeys[0]   ; o7segU[6]    ; 9.271  ; 9.131  ; 9.550  ; 9.410  ;
; iKeys[0]   ; oLED_Carry   ; 9.870  ; 10.292 ; 10.108 ; 10.577 ;
; iKeys[0]   ; oLEDs_Res[0] ; 10.064 ; 10.536 ; 10.309 ; 10.792 ;
; iKeys[0]   ; oLEDs_Res[1] ; 10.154 ; 10.653 ; 10.392 ; 10.938 ;
; iKeys[0]   ; oLEDs_Res[2] ; 10.170 ; 10.636 ; 10.408 ; 10.921 ;
; iKeys[0]   ; oLEDs_Res[3] ; 11.066 ; 11.897 ; 11.304 ; 12.182 ;
; iKeys[0]   ; oLEDs_Res[4] ; 10.621 ; 11.364 ; 11.090 ; 11.758 ;
; iKeys[1]   ; o7segD[0]    ; 8.911  ; 9.019  ; 9.211  ; 9.315  ;
; iKeys[1]   ; o7segD[2]    ; 8.903  ; 8.978  ; 9.203  ; 9.274  ;
; iKeys[1]   ; o7segD[3]    ; 8.912  ; 9.018  ; 9.212  ; 9.314  ;
; iKeys[1]   ; o7segD[4]    ; 8.610  ; 8.682  ; 8.910  ; 8.978  ;
; iKeys[1]   ; o7segD[5]    ; 8.881  ; 8.937  ; 9.181  ; 9.233  ;
; iKeys[1]   ; o7segD[6]    ; 9.270  ; 9.162  ; 9.566  ; 9.462  ;
; iKeys[1]   ; o7segU[0]    ; 9.585  ; 9.796  ; 9.885  ; 10.096 ;
; iKeys[1]   ; o7segU[1]    ; 9.522  ; 9.606  ; 9.822  ; 9.906  ;
; iKeys[1]   ; o7segU[2]    ; 9.601  ; 9.842  ; 9.901  ; 10.142 ;
; iKeys[1]   ; o7segU[3]    ; 9.592  ; 9.759  ; 9.892  ; 10.059 ;
; iKeys[1]   ; o7segU[4]    ; 9.482  ; 9.573  ; 9.782  ; 9.873  ;
; iKeys[1]   ; o7segU[5]    ; 9.652  ; 9.713  ; 9.952  ; 10.013 ;
; iKeys[1]   ; o7segU[6]    ; 9.509  ; 9.369  ; 9.805  ; 9.665  ;
; iKeys[1]   ; oLED_Carry   ; 10.079 ; 10.530 ; 10.379 ; 10.826 ;
; iKeys[1]   ; oLEDs_Res[0] ; 10.280 ; 10.763 ; 10.580 ; 11.063 ;
; iKeys[1]   ; oLEDs_Res[1] ; 10.363 ; 10.891 ; 10.663 ; 11.187 ;
; iKeys[1]   ; oLEDs_Res[2] ; 10.379 ; 10.874 ; 10.679 ; 11.170 ;
; iKeys[1]   ; oLEDs_Res[3] ; 11.275 ; 12.135 ; 11.575 ; 12.431 ;
; iKeys[1]   ; oLEDs_Res[4] ; 10.992 ; 11.735 ; 11.292 ; 12.035 ;
; iKeys[2]   ; o7segD[0]    ; 8.589  ; 8.697  ; 8.763  ; 8.861  ;
; iKeys[2]   ; o7segD[2]    ; 8.581  ; 8.656  ; 8.753  ; 8.820  ;
; iKeys[2]   ; o7segD[3]    ; 8.590  ; 8.696  ; 8.764  ; 8.860  ;
; iKeys[2]   ; o7segD[4]    ; 8.288  ; 8.360  ; 8.463  ; 8.524  ;
; iKeys[2]   ; o7segD[5]    ; 8.559  ; 8.615  ; 8.734  ; 8.779  ;
; iKeys[2]   ; o7segD[6]    ; 8.948  ; 8.840  ; 9.112  ; 9.015  ;
; iKeys[2]   ; o7segU[0]    ; 9.263  ; 9.474  ; 9.438  ; 9.649  ;
; iKeys[2]   ; o7segU[1]    ; 9.200  ; 9.284  ; 9.375  ; 9.459  ;
; iKeys[2]   ; o7segU[2]    ; 9.279  ; 9.520  ; 9.454  ; 9.695  ;
; iKeys[2]   ; o7segU[3]    ; 9.270  ; 9.437  ; 9.445  ; 9.612  ;
; iKeys[2]   ; o7segU[4]    ; 9.160  ; 9.251  ; 9.335  ; 9.426  ;
; iKeys[2]   ; o7segU[5]    ; 9.330  ; 9.391  ; 9.505  ; 9.566  ;
; iKeys[2]   ; o7segU[6]    ; 9.187  ; 9.047  ; 9.351  ; 9.211  ;
; iKeys[2]   ; oLED_Carry   ; 9.757  ; 10.208 ; 9.932  ; 10.372 ;
; iKeys[2]   ; oLEDs_Res[0] ; 9.958  ; 10.441 ; 10.133 ; 10.616 ;
; iKeys[2]   ; oLEDs_Res[1] ; 10.041 ; 10.569 ; 10.216 ; 10.733 ;
; iKeys[2]   ; oLEDs_Res[2] ; 10.057 ; 10.552 ; 10.232 ; 10.716 ;
; iKeys[2]   ; oLEDs_Res[3] ; 10.953 ; 11.813 ; 11.128 ; 11.977 ;
; iKeys[2]   ; oLEDs_Res[4] ; 10.664 ; 11.346 ; 10.825 ; 11.539 ;
; iKeys[3]   ; o7segD[0]    ; 8.182  ; 8.286  ; 8.385  ; 8.483  ;
; iKeys[3]   ; o7segD[2]    ; 8.174  ; 8.245  ; 8.375  ; 8.442  ;
; iKeys[3]   ; o7segD[3]    ; 8.183  ; 8.285  ; 8.386  ; 8.482  ;
; iKeys[3]   ; o7segD[4]    ; 7.881  ; 7.949  ; 8.085  ; 8.146  ;
; iKeys[3]   ; o7segD[5]    ; 8.152  ; 8.204  ; 8.363  ; 8.401  ;
; iKeys[3]   ; o7segD[6]    ; 8.537  ; 8.433  ; 8.734  ; 8.644  ;
; iKeys[3]   ; o7segU[0]    ; 8.856  ; 9.067  ; 9.060  ; 9.271  ;
; iKeys[3]   ; o7segU[1]    ; 8.793  ; 8.877  ; 8.997  ; 9.081  ;
; iKeys[3]   ; o7segU[2]    ; 8.872  ; 9.113  ; 9.076  ; 9.324  ;
; iKeys[3]   ; o7segU[3]    ; 8.863  ; 9.030  ; 9.067  ; 9.234  ;
; iKeys[3]   ; o7segU[4]    ; 8.753  ; 8.844  ; 8.964  ; 9.048  ;
; iKeys[3]   ; o7segU[5]    ; 8.923  ; 8.984  ; 9.134  ; 9.188  ;
; iKeys[3]   ; o7segU[6]    ; 8.776  ; 8.636  ; 8.973  ; 8.833  ;
; iKeys[3]   ; oLED_Carry   ; 9.350  ; 9.797  ; 9.561  ; 9.994  ;
; iKeys[3]   ; oLEDs_Res[0] ; 9.551  ; 10.034 ; 9.762  ; 10.238 ;
; iKeys[3]   ; oLEDs_Res[1] ; 9.634  ; 10.158 ; 9.845  ; 10.355 ;
; iKeys[3]   ; oLEDs_Res[2] ; 9.650  ; 10.141 ; 9.861  ; 10.338 ;
; iKeys[3]   ; oLEDs_Res[3] ; 10.546 ; 11.402 ; 10.757 ; 11.599 ;
; iKeys[3]   ; oLEDs_Res[4] ; 10.260 ; 11.003 ; 10.467 ; 11.210 ;
+------------+--------------+--------+--------+--------+--------+


----------------------------------------------
; Slow 1100mV 85C Model Metastability Report ;
----------------------------------------------
No synchronizer chains to report.


-------------------------------------
; Slow 1100mV 0C Model Fmax Summary ;
-------------------------------------
No paths to report.


--------------------------------------
; Slow 1100mV 0C Model Setup Summary ;
--------------------------------------
No paths to report.


-------------------------------------
; Slow 1100mV 0C Model Hold Summary ;
-------------------------------------
No paths to report.


-----------------------------------------
; Slow 1100mV 0C Model Recovery Summary ;
-----------------------------------------
No paths to report.


----------------------------------------
; Slow 1100mV 0C Model Removal Summary ;
----------------------------------------
No paths to report.


----------------------------------------------------
; Slow 1100mV 0C Model Minimum Pulse Width Summary ;
----------------------------------------------------
No paths to report.


+---------------------------------------------------------------+
; Propagation Delay                                             ;
+------------+--------------+--------+--------+--------+--------+
; Input Port ; Output Port  ; RR     ; RF     ; FR     ; FF     ;
+------------+--------------+--------+--------+--------+--------+
; iA[0]      ; o7segD[0]    ; 10.457 ; 10.754 ; 10.615 ; 10.912 ;
; iA[0]      ; o7segD[2]    ; 10.454 ; 10.754 ; 10.625 ; 10.912 ;
; iA[0]      ; o7segD[3]    ; 10.459 ; 10.755 ; 10.617 ; 10.913 ;
; iA[0]      ; o7segD[4]    ; 10.310 ; 10.369 ; 10.468 ; 10.527 ;
; iA[0]      ; o7segD[5]    ; 10.388 ; 10.668 ; 10.559 ; 10.826 ;
; iA[0]      ; o7segD[6]    ; 11.052 ; 10.712 ; 11.210 ; 10.883 ;
; iA[0]      ; o7segU[0]    ; 11.866 ; 12.207 ; 12.024 ; 12.365 ;
; iA[0]      ; o7segU[1]    ; 11.754 ; 11.917 ; 11.912 ; 12.075 ;
; iA[0]      ; o7segU[2]    ; 11.860 ; 12.114 ; 12.018 ; 12.272 ;
; iA[0]      ; o7segU[3]    ; 11.843 ; 12.157 ; 12.001 ; 12.315 ;
; iA[0]      ; o7segU[4]    ; 11.700 ; 11.786 ; 11.858 ; 11.944 ;
; iA[0]      ; o7segU[5]    ; 11.839 ; 12.014 ; 11.997 ; 12.172 ;
; iA[0]      ; o7segU[6]    ; 11.935 ; 11.759 ; 12.093 ; 11.917 ;
; iA[0]      ; oLED_Carry   ; 11.081 ; 11.726 ; 11.229 ; 11.874 ;
; iA[0]      ; oLEDs_Res[0] ; 10.725 ; 11.534 ; 10.863 ; 11.638 ;
; iA[0]      ; oLEDs_Res[1] ; 11.366 ; 11.997 ; 11.522 ; 12.185 ;
; iA[0]      ; oLEDs_Res[2] ; 11.028 ; 11.722 ; 11.190 ; 11.897 ;
; iA[0]      ; oLEDs_Res[3] ; 12.563 ; 13.997 ; 12.712 ; 14.146 ;
; iA[0]      ; oLEDs_Res[4] ; 11.770 ; 12.860 ; 11.941 ; 13.018 ;
; iA[1]      ; o7segD[0]    ; 10.286 ; 10.583 ; 10.437 ; 10.734 ;
; iA[1]      ; o7segD[2]    ; 10.283 ; 10.583 ; 10.447 ; 10.734 ;
; iA[1]      ; o7segD[3]    ; 10.288 ; 10.584 ; 10.439 ; 10.735 ;
; iA[1]      ; o7segD[4]    ; 10.139 ; 10.198 ; 10.290 ; 10.349 ;
; iA[1]      ; o7segD[5]    ; 10.217 ; 10.497 ; 10.381 ; 10.648 ;
; iA[1]      ; o7segD[6]    ; 10.881 ; 10.541 ; 11.032 ; 10.705 ;
; iA[1]      ; o7segU[0]    ; 11.695 ; 12.036 ; 11.846 ; 12.187 ;
; iA[1]      ; o7segU[1]    ; 11.583 ; 11.746 ; 11.734 ; 11.897 ;
; iA[1]      ; o7segU[2]    ; 11.689 ; 11.943 ; 11.840 ; 12.094 ;
; iA[1]      ; o7segU[3]    ; 11.672 ; 11.986 ; 11.823 ; 12.137 ;
; iA[1]      ; o7segU[4]    ; 11.529 ; 11.615 ; 11.680 ; 11.766 ;
; iA[1]      ; o7segU[5]    ; 11.668 ; 11.843 ; 11.819 ; 11.994 ;
; iA[1]      ; o7segU[6]    ; 11.764 ; 11.588 ; 11.915 ; 11.739 ;
; iA[1]      ; oLED_Carry   ; 10.910 ; 11.555 ; 11.061 ; 11.706 ;
; iA[1]      ; oLEDs_Res[0] ; 10.425 ; 11.050 ; 10.594 ; 11.228 ;
; iA[1]      ; oLEDs_Res[1] ; 11.067 ; 11.732 ; 11.269 ; 11.933 ;
; iA[1]      ; oLEDs_Res[2] ; 10.807 ; 11.501 ; 11.008 ; 11.702 ;
; iA[1]      ; oLEDs_Res[3] ; 12.392 ; 13.826 ; 12.543 ; 13.977 ;
; iA[1]      ; oLEDs_Res[4] ; 11.599 ; 12.689 ; 11.763 ; 12.840 ;
; iA[2]      ; o7segD[0]    ; 10.549 ; 10.846 ; 10.625 ; 10.922 ;
; iA[2]      ; o7segD[2]    ; 10.546 ; 10.846 ; 10.622 ; 10.922 ;
; iA[2]      ; o7segD[3]    ; 10.551 ; 10.847 ; 10.627 ; 10.923 ;
; iA[2]      ; o7segD[4]    ; 10.402 ; 10.461 ; 10.478 ; 10.537 ;
; iA[2]      ; o7segD[5]    ; 10.480 ; 10.760 ; 10.556 ; 10.836 ;
; iA[2]      ; o7segD[6]    ; 11.144 ; 10.804 ; 11.220 ; 10.880 ;
; iA[2]      ; o7segU[0]    ; 11.958 ; 12.299 ; 12.034 ; 12.375 ;
; iA[2]      ; o7segU[1]    ; 11.846 ; 12.009 ; 11.922 ; 12.085 ;
; iA[2]      ; o7segU[2]    ; 11.952 ; 12.206 ; 12.028 ; 12.282 ;
; iA[2]      ; o7segU[3]    ; 11.935 ; 12.249 ; 12.011 ; 12.325 ;
; iA[2]      ; o7segU[4]    ; 11.792 ; 11.878 ; 11.868 ; 11.954 ;
; iA[2]      ; o7segU[5]    ; 11.931 ; 12.106 ; 12.007 ; 12.182 ;
; iA[2]      ; o7segU[6]    ; 12.027 ; 11.851 ; 12.103 ; 11.927 ;
; iA[2]      ; oLED_Carry   ; 11.173 ; 11.818 ; 11.249 ; 11.894 ;
; iA[2]      ; oLEDs_Res[0] ; 10.033 ; 10.845 ; 10.261 ; 10.941 ;
; iA[2]      ; oLEDs_Res[2] ; 10.767 ; 11.337 ; 10.874 ; 11.562 ;
; iA[2]      ; oLEDs_Res[3] ; 12.655 ; 14.089 ; 12.818 ; 14.225 ;
; iA[2]      ; oLEDs_Res[4] ; 11.862 ; 12.952 ; 11.938 ; 13.028 ;
; iA[3]      ; o7segD[0]    ; 10.516 ; 10.813 ; 10.694 ; 10.991 ;
; iA[3]      ; o7segD[2]    ; 10.526 ; 10.813 ; 10.694 ; 10.991 ;
; iA[3]      ; o7segD[3]    ; 10.518 ; 10.814 ; 10.696 ; 10.992 ;
; iA[3]      ; o7segD[4]    ; 10.369 ; 10.428 ; 10.547 ; 10.606 ;
; iA[3]      ; o7segD[5]    ; 10.460 ; 10.727 ; 10.628 ; 10.905 ;
; iA[3]      ; o7segD[6]    ; 11.111 ; 10.784 ; 11.289 ; 10.952 ;
; iA[3]      ; o7segU[0]    ; 11.925 ; 12.266 ; 12.103 ; 12.444 ;
; iA[3]      ; o7segU[1]    ; 11.813 ; 11.976 ; 11.991 ; 12.154 ;
; iA[3]      ; o7segU[2]    ; 11.919 ; 12.173 ; 12.097 ; 12.351 ;
; iA[3]      ; o7segU[3]    ; 11.902 ; 12.216 ; 12.080 ; 12.394 ;
; iA[3]      ; o7segU[4]    ; 11.759 ; 11.845 ; 11.937 ; 12.023 ;
; iA[3]      ; o7segU[5]    ; 11.898 ; 12.073 ; 12.076 ; 12.251 ;
; iA[3]      ; o7segU[6]    ; 11.994 ; 11.818 ; 12.172 ; 11.996 ;
; iA[3]      ; oLED_Carry   ; 11.138 ; 11.783 ; 11.318 ; 11.963 ;
; iA[3]      ; oLEDs_Res[0] ; 10.438 ; 11.073 ; 10.658 ; 11.267 ;
; iA[3]      ; oLEDs_Res[3] ; 12.747 ; 14.121 ; 12.916 ; 14.292 ;
; iA[3]      ; oLEDs_Res[4] ; 11.842 ; 12.919 ; 12.010 ; 13.097 ;
; iA[4]      ; o7segD[0]    ; 9.800  ; 10.097 ; 9.904  ; 10.201 ;
; iA[4]      ; o7segD[2]    ; 9.704  ; 10.097 ; 9.842  ; 10.201 ;
; iA[4]      ; o7segD[3]    ; 9.802  ; 10.098 ; 9.906  ; 10.202 ;
; iA[4]      ; o7segD[4]    ; 9.653  ; 9.712  ; 9.757  ; 9.816  ;
; iA[4]      ; o7segD[5]    ; 9.638  ; 10.011 ; 9.776  ; 10.115 ;
; iA[4]      ; o7segD[6]    ; 10.395 ; 9.962  ; 10.499 ; 10.100 ;
; iA[4]      ; o7segU[0]    ; 11.209 ; 11.550 ; 11.313 ; 11.654 ;
; iA[4]      ; o7segU[1]    ; 11.097 ; 11.260 ; 11.201 ; 11.364 ;
; iA[4]      ; o7segU[2]    ; 11.203 ; 11.457 ; 11.307 ; 11.561 ;
; iA[4]      ; o7segU[3]    ; 11.186 ; 11.500 ; 11.290 ; 11.604 ;
; iA[4]      ; o7segU[4]    ; 11.043 ; 11.129 ; 11.147 ; 11.233 ;
; iA[4]      ; o7segU[5]    ; 11.182 ; 11.357 ; 11.286 ; 11.461 ;
; iA[4]      ; o7segU[6]    ; 11.278 ; 11.102 ; 11.382 ; 11.206 ;
; iA[4]      ; oLED_Carry   ; 10.992 ; 11.577 ; 11.146 ; 11.764 ;
; iA[4]      ; oLEDs_Res[0] ; 10.581 ; 11.341 ; 10.840 ; 11.433 ;
; iA[4]      ; oLEDs_Res[4] ; 11.020 ; 12.203 ; 11.158 ; 12.307 ;
; iB[0]      ; o7segD[0]    ; 10.341 ; 10.638 ; 10.426 ; 10.723 ;
; iB[0]      ; o7segD[2]    ; 10.351 ; 10.638 ; 10.423 ; 10.723 ;
; iB[0]      ; o7segD[3]    ; 10.343 ; 10.639 ; 10.428 ; 10.724 ;
; iB[0]      ; o7segD[4]    ; 10.194 ; 10.253 ; 10.279 ; 10.338 ;
; iB[0]      ; o7segD[5]    ; 10.285 ; 10.552 ; 10.357 ; 10.637 ;
; iB[0]      ; o7segD[6]    ; 10.936 ; 10.609 ; 11.021 ; 10.681 ;
; iB[0]      ; o7segU[0]    ; 11.750 ; 12.091 ; 11.835 ; 12.176 ;
; iB[0]      ; o7segU[1]    ; 11.638 ; 11.801 ; 11.723 ; 11.886 ;
; iB[0]      ; o7segU[2]    ; 11.744 ; 11.998 ; 11.829 ; 12.083 ;
; iB[0]      ; o7segU[3]    ; 11.727 ; 12.041 ; 11.812 ; 12.126 ;
; iB[0]      ; o7segU[4]    ; 11.584 ; 11.670 ; 11.669 ; 11.755 ;
; iB[0]      ; o7segU[5]    ; 11.723 ; 11.898 ; 11.808 ; 11.983 ;
; iB[0]      ; o7segU[6]    ; 11.819 ; 11.643 ; 11.904 ; 11.728 ;
; iB[0]      ; oLED_Carry   ; 10.955 ; 11.600 ; 11.050 ; 11.695 ;
; iB[0]      ; oLEDs_Res[0] ; 10.813 ; 11.392 ; 10.922 ; 11.619 ;
; iB[0]      ; oLEDs_Res[1] ; 11.248 ; 11.911 ; 11.335 ; 11.966 ;
; iB[0]      ; oLEDs_Res[2] ; 10.916 ; 11.623 ; 10.997 ; 11.691 ;
; iB[0]      ; oLEDs_Res[3] ; 12.438 ; 13.872 ; 12.532 ; 13.966 ;
; iB[0]      ; oLEDs_Res[4] ; 11.667 ; 12.744 ; 11.739 ; 12.829 ;
; iB[1]      ; o7segD[0]    ; 10.610 ; 10.907 ; 10.743 ; 11.040 ;
; iB[1]      ; o7segD[2]    ; 10.620 ; 10.907 ; 10.742 ; 11.040 ;
; iB[1]      ; o7segD[3]    ; 10.612 ; 10.908 ; 10.745 ; 11.041 ;
; iB[1]      ; o7segD[4]    ; 10.463 ; 10.522 ; 10.596 ; 10.655 ;
; iB[1]      ; o7segD[5]    ; 10.554 ; 10.821 ; 10.676 ; 10.954 ;
; iB[1]      ; o7segD[6]    ; 11.205 ; 10.878 ; 11.338 ; 11.000 ;
; iB[1]      ; o7segU[0]    ; 12.019 ; 12.360 ; 12.152 ; 12.493 ;
; iB[1]      ; o7segU[1]    ; 11.907 ; 12.070 ; 12.040 ; 12.203 ;
; iB[1]      ; o7segU[2]    ; 12.013 ; 12.267 ; 12.146 ; 12.400 ;
; iB[1]      ; o7segU[3]    ; 11.996 ; 12.310 ; 12.129 ; 12.443 ;
; iB[1]      ; o7segU[4]    ; 11.853 ; 11.939 ; 11.986 ; 12.072 ;
; iB[1]      ; o7segU[5]    ; 11.992 ; 12.167 ; 12.125 ; 12.300 ;
; iB[1]      ; o7segU[6]    ; 12.088 ; 11.912 ; 12.221 ; 12.045 ;
; iB[1]      ; oLED_Carry   ; 11.233 ; 11.878 ; 11.367 ; 12.012 ;
; iB[1]      ; oLEDs_Res[0] ; 9.965  ; 10.618 ; 10.135 ; 10.767 ;
; iB[1]      ; oLEDs_Res[1] ; 11.493 ; 12.124 ; 11.616 ; 12.248 ;
; iB[1]      ; oLEDs_Res[2] ; 11.185 ; 11.892 ; 11.314 ; 12.014 ;
; iB[1]      ; oLEDs_Res[3] ; 12.715 ; 14.149 ; 12.849 ; 14.283 ;
; iB[1]      ; oLEDs_Res[4] ; 11.936 ; 13.013 ; 12.058 ; 13.146 ;
; iB[2]      ; o7segD[0]    ; 10.355 ; 10.652 ; 10.518 ; 10.815 ;
; iB[2]      ; o7segD[2]    ; 10.352 ; 10.652 ; 10.515 ; 10.815 ;
; iB[2]      ; o7segD[3]    ; 10.357 ; 10.653 ; 10.520 ; 10.816 ;
; iB[2]      ; o7segD[4]    ; 10.208 ; 10.267 ; 10.371 ; 10.430 ;
; iB[2]      ; o7segD[5]    ; 10.286 ; 10.566 ; 10.449 ; 10.729 ;
; iB[2]      ; o7segD[6]    ; 10.950 ; 10.610 ; 11.113 ; 10.773 ;
; iB[2]      ; o7segU[0]    ; 11.764 ; 12.105 ; 11.927 ; 12.268 ;
; iB[2]      ; o7segU[1]    ; 11.652 ; 11.815 ; 11.815 ; 11.978 ;
; iB[2]      ; o7segU[2]    ; 11.758 ; 12.012 ; 11.921 ; 12.175 ;
; iB[2]      ; o7segU[3]    ; 11.741 ; 12.055 ; 11.904 ; 12.218 ;
; iB[2]      ; o7segU[4]    ; 11.598 ; 11.684 ; 11.761 ; 11.847 ;
; iB[2]      ; o7segU[5]    ; 11.737 ; 11.912 ; 11.900 ; 12.075 ;
; iB[2]      ; o7segU[6]    ; 11.833 ; 11.657 ; 11.996 ; 11.820 ;
; iB[2]      ; oLED_Carry   ; 10.979 ; 11.624 ; 11.142 ; 11.787 ;
; iB[2]      ; oLEDs_Res[0] ; 9.984  ; 10.745 ; 10.087 ; 10.911 ;
; iB[2]      ; oLEDs_Res[2] ; 10.349 ; 11.149 ; 10.505 ; 11.271 ;
; iB[2]      ; oLEDs_Res[3] ; 12.546 ; 13.953 ; 12.643 ; 14.058 ;
; iB[2]      ; oLEDs_Res[4] ; 11.668 ; 12.758 ; 11.831 ; 12.921 ;
; iB[3]      ; o7segD[0]    ; 10.633 ; 10.930 ; 10.817 ; 11.114 ;
; iB[3]      ; o7segD[2]    ; 10.632 ; 10.930 ; 10.827 ; 11.114 ;
; iB[3]      ; o7segD[3]    ; 10.635 ; 10.931 ; 10.819 ; 11.115 ;
; iB[3]      ; o7segD[4]    ; 10.486 ; 10.545 ; 10.670 ; 10.729 ;
; iB[3]      ; o7segD[5]    ; 10.566 ; 10.844 ; 10.761 ; 11.028 ;
; iB[3]      ; o7segD[6]    ; 11.228 ; 10.890 ; 11.412 ; 11.085 ;
; iB[3]      ; o7segU[0]    ; 12.042 ; 12.383 ; 12.226 ; 12.567 ;
; iB[3]      ; o7segU[1]    ; 11.930 ; 12.093 ; 12.114 ; 12.277 ;
; iB[3]      ; o7segU[2]    ; 12.036 ; 12.290 ; 12.220 ; 12.474 ;
; iB[3]      ; o7segU[3]    ; 12.019 ; 12.333 ; 12.203 ; 12.517 ;
; iB[3]      ; o7segU[4]    ; 11.876 ; 11.962 ; 12.060 ; 12.146 ;
; iB[3]      ; o7segU[5]    ; 12.015 ; 12.190 ; 12.199 ; 12.374 ;
; iB[3]      ; o7segU[6]    ; 12.111 ; 11.935 ; 12.295 ; 12.119 ;
; iB[3]      ; oLED_Carry   ; 11.257 ; 11.902 ; 11.439 ; 12.084 ;
; iB[3]      ; oLEDs_Res[0] ; 11.102 ; 11.713 ; 11.298 ; 11.896 ;
; iB[3]      ; oLEDs_Res[3] ; 12.854 ; 14.231 ; 13.048 ; 14.422 ;
; iB[3]      ; oLEDs_Res[4] ; 11.948 ; 13.036 ; 12.143 ; 13.220 ;
; iB[4]      ; o7segD[0]    ; 10.219 ; 10.516 ; 10.402 ; 10.699 ;
; iB[4]      ; o7segD[2]    ; 10.194 ; 10.516 ; 10.365 ; 10.699 ;
; iB[4]      ; o7segD[3]    ; 10.221 ; 10.517 ; 10.404 ; 10.700 ;
; iB[4]      ; o7segD[4]    ; 10.072 ; 10.131 ; 10.255 ; 10.314 ;
; iB[4]      ; o7segD[5]    ; 10.128 ; 10.430 ; 10.299 ; 10.613 ;
; iB[4]      ; o7segD[6]    ; 10.814 ; 10.452 ; 10.997 ; 10.623 ;
; iB[4]      ; o7segU[0]    ; 11.628 ; 11.969 ; 11.811 ; 12.152 ;
; iB[4]      ; o7segU[1]    ; 11.516 ; 11.679 ; 11.699 ; 11.862 ;
; iB[4]      ; o7segU[2]    ; 11.622 ; 11.876 ; 11.805 ; 12.059 ;
; iB[4]      ; o7segU[3]    ; 11.605 ; 11.919 ; 11.788 ; 12.102 ;
; iB[4]      ; o7segU[4]    ; 11.462 ; 11.548 ; 11.645 ; 11.731 ;
; iB[4]      ; o7segU[5]    ; 11.601 ; 11.776 ; 11.784 ; 11.959 ;
; iB[4]      ; o7segU[6]    ; 11.697 ; 11.521 ; 11.880 ; 11.704 ;
; iB[4]      ; oLED_Carry   ; 11.243 ; 11.861 ; 11.464 ; 12.049 ;
; iB[4]      ; oLEDs_Res[0] ; 10.883 ; 11.569 ; 11.036 ; 11.784 ;
; iB[4]      ; oLEDs_Res[4] ; 11.510 ; 12.622 ; 11.681 ; 12.805 ;
; iKeys[0]   ; o7segD[0]    ; 10.714 ; 11.011 ; 11.222 ; 11.519 ;
; iKeys[0]   ; o7segD[2]    ; 10.769 ; 11.011 ; 11.214 ; 11.519 ;
; iKeys[0]   ; o7segD[3]    ; 10.716 ; 11.012 ; 11.224 ; 11.520 ;
; iKeys[0]   ; o7segD[4]    ; 10.567 ; 10.626 ; 11.075 ; 11.134 ;
; iKeys[0]   ; o7segD[5]    ; 10.703 ; 10.925 ; 11.148 ; 11.433 ;
; iKeys[0]   ; o7segD[6]    ; 11.309 ; 11.027 ; 11.817 ; 11.472 ;
; iKeys[0]   ; o7segU[0]    ; 12.123 ; 12.464 ; 12.631 ; 12.972 ;
; iKeys[0]   ; o7segU[1]    ; 12.011 ; 12.174 ; 12.519 ; 12.682 ;
; iKeys[0]   ; o7segU[2]    ; 12.117 ; 12.371 ; 12.625 ; 12.879 ;
; iKeys[0]   ; o7segU[3]    ; 12.100 ; 12.414 ; 12.608 ; 12.922 ;
; iKeys[0]   ; o7segU[4]    ; 11.957 ; 12.043 ; 12.465 ; 12.551 ;
; iKeys[0]   ; o7segU[5]    ; 12.096 ; 12.271 ; 12.604 ; 12.779 ;
; iKeys[0]   ; o7segU[6]    ; 12.192 ; 12.016 ; 12.700 ; 12.524 ;
; iKeys[0]   ; oLED_Carry   ; 10.700 ; 11.661 ; 11.358 ; 11.941 ;
; iKeys[0]   ; oLEDs_Res[0] ; 11.942 ; 12.832 ; 12.499 ; 13.451 ;
; iKeys[0]   ; oLEDs_Res[1] ; 11.549 ; 12.319 ; 12.138 ; 12.895 ;
; iKeys[0]   ; oLEDs_Res[2] ; 11.387 ; 12.224 ; 11.928 ; 12.840 ;
; iKeys[0]   ; oLEDs_Res[3] ; 12.715 ; 14.124 ; 13.328 ; 14.746 ;
; iKeys[0]   ; oLEDs_Res[4] ; 12.085 ; 13.117 ; 12.530 ; 13.625 ;
; iKeys[1]   ; o7segD[0]    ; 11.034 ; 11.216 ; 11.616 ; 11.774 ;
; iKeys[1]   ; o7segD[2]    ; 11.050 ; 11.216 ; 11.617 ; 11.748 ;
; iKeys[1]   ; o7segD[3]    ; 11.036 ; 11.217 ; 11.618 ; 11.775 ;
; iKeys[1]   ; o7segD[4]    ; 10.772 ; 10.898 ; 11.304 ; 11.440 ;
; iKeys[1]   ; o7segD[5]    ; 10.984 ; 11.130 ; 11.529 ; 11.684 ;
; iKeys[1]   ; o7segD[6]    ; 11.514 ; 11.308 ; 12.069 ; 11.853 ;
; iKeys[1]   ; o7segU[0]    ; 12.359 ; 12.700 ; 12.890 ; 13.231 ;
; iKeys[1]   ; o7segU[1]    ; 12.247 ; 12.379 ; 12.778 ; 12.911 ;
; iKeys[1]   ; o7segU[2]    ; 12.353 ; 12.589 ; 12.884 ; 13.111 ;
; iKeys[1]   ; o7segU[3]    ; 12.336 ; 12.619 ; 12.867 ; 13.151 ;
; iKeys[1]   ; o7segU[4]    ; 12.193 ; 12.290 ; 12.724 ; 12.812 ;
; iKeys[1]   ; o7segU[5]    ; 12.332 ; 12.484 ; 12.863 ; 13.015 ;
; iKeys[1]   ; o7segU[6]    ; 12.397 ; 12.221 ; 12.935 ; 12.759 ;
; iKeys[1]   ; oLED_Carry   ; 11.256 ; 12.125 ; 11.789 ; 12.671 ;
; iKeys[1]   ; oLEDs_Res[0] ; 12.409 ; 13.299 ; 12.932 ; 13.884 ;
; iKeys[1]   ; oLEDs_Res[1] ; 12.016 ; 12.786 ; 12.571 ; 13.328 ;
; iKeys[1]   ; oLEDs_Res[2] ; 11.851 ; 12.691 ; 12.397 ; 13.273 ;
; iKeys[1]   ; oLEDs_Res[3] ; 13.226 ; 14.644 ; 13.759 ; 15.177 ;
; iKeys[1]   ; oLEDs_Res[4] ; 12.366 ; 13.322 ; 12.911 ; 13.854 ;
; iKeys[2]   ; o7segD[0]    ; 10.625 ; 10.833 ; 10.967 ; 11.126 ;
; iKeys[2]   ; o7segD[2]    ; 10.678 ; 10.833 ; 10.968 ; 11.126 ;
; iKeys[2]   ; o7segD[3]    ; 10.627 ; 10.834 ; 10.969 ; 11.127 ;
; iKeys[2]   ; o7segD[4]    ; 10.389 ; 10.449 ; 10.682 ; 10.791 ;
; iKeys[2]   ; o7segD[5]    ; 10.612 ; 10.747 ; 10.897 ; 11.040 ;
; iKeys[2]   ; o7segD[6]    ; 11.131 ; 10.936 ; 11.424 ; 11.221 ;
; iKeys[2]   ; o7segU[0]    ; 11.945 ; 12.286 ; 12.241 ; 12.582 ;
; iKeys[2]   ; o7segU[1]    ; 11.833 ; 11.996 ; 12.129 ; 12.289 ;
; iKeys[2]   ; o7segU[2]    ; 11.939 ; 12.193 ; 12.235 ; 12.486 ;
; iKeys[2]   ; o7segU[3]    ; 11.922 ; 12.236 ; 12.218 ; 12.529 ;
; iKeys[2]   ; o7segU[4]    ; 11.779 ; 11.865 ; 12.075 ; 12.163 ;
; iKeys[2]   ; o7segU[5]    ; 11.918 ; 12.093 ; 12.214 ; 12.386 ;
; iKeys[2]   ; o7segU[6]    ; 12.014 ; 11.838 ; 12.307 ; 12.131 ;
; iKeys[2]   ; oLED_Carry   ; 10.609 ; 11.753 ; 11.167 ; 11.548 ;
; iKeys[2]   ; oLEDs_Res[0] ; 11.941 ; 12.893 ; 12.283 ; 13.235 ;
; iKeys[2]   ; oLEDs_Res[1] ; 11.580 ; 12.337 ; 11.922 ; 12.679 ;
; iKeys[2]   ; oLEDs_Res[2] ; 11.479 ; 12.282 ; 11.727 ; 12.624 ;
; iKeys[2]   ; oLEDs_Res[3] ; 12.807 ; 14.216 ; 13.137 ; 14.555 ;
; iKeys[2]   ; oLEDs_Res[4] ; 11.994 ; 12.939 ; 12.279 ; 13.232 ;
; iKeys[3]   ; o7segD[0]    ; 10.173 ; 10.331 ; 10.526 ; 10.684 ;
; iKeys[3]   ; o7segD[2]    ; 10.174 ; 10.313 ; 10.527 ; 10.669 ;
; iKeys[3]   ; o7segD[3]    ; 10.175 ; 10.332 ; 10.528 ; 10.685 ;
; iKeys[3]   ; o7segD[4]    ; 9.869  ; 9.997  ; 10.225 ; 10.350 ;
; iKeys[3]   ; o7segD[5]    ; 10.057 ; 10.241 ; 10.439 ; 10.594 ;
; iKeys[3]   ; o7segD[6]    ; 10.626 ; 10.381 ; 10.979 ; 10.763 ;
; iKeys[3]   ; o7segU[0]    ; 11.447 ; 11.788 ; 11.805 ; 12.146 ;
; iKeys[3]   ; o7segU[1]    ; 11.335 ; 11.476 ; 11.693 ; 11.832 ;
; iKeys[3]   ; o7segU[2]    ; 11.441 ; 11.673 ; 11.799 ; 12.035 ;
; iKeys[3]   ; o7segU[3]    ; 11.424 ; 11.716 ; 11.782 ; 12.072 ;
; iKeys[3]   ; o7segU[4]    ; 11.281 ; 11.369 ; 11.639 ; 11.736 ;
; iKeys[3]   ; o7segU[5]    ; 11.420 ; 11.573 ; 11.778 ; 11.930 ;
; iKeys[3]   ; o7segU[6]    ; 11.494 ; 11.318 ; 11.850 ; 11.674 ;
; iKeys[3]   ; oLED_Carry   ; 10.348 ; 11.200 ; 10.699 ; 11.573 ;
; iKeys[3]   ; oLEDs_Res[0] ; 11.489 ; 12.441 ; 11.855 ; 12.794 ;
; iKeys[3]   ; oLEDs_Res[1] ; 11.128 ; 11.885 ; 11.481 ; 12.238 ;
; iKeys[3]   ; oLEDs_Res[2] ; 10.926 ; 11.830 ; 11.299 ; 12.183 ;
; iKeys[3]   ; oLEDs_Res[3] ; 12.318 ; 13.736 ; 12.669 ; 14.087 ;
; iKeys[3]   ; oLEDs_Res[4] ; 11.439 ; 12.419 ; 11.821 ; 12.775 ;
+------------+--------------+--------+--------+--------+--------+


+---------------------------------------------------------------+
; Minimum Propagation Delay                                     ;
+------------+--------------+--------+--------+--------+--------+
; Input Port ; Output Port  ; RR     ; RF     ; FR     ; FF     ;
+------------+--------------+--------+--------+--------+--------+
; iA[0]      ; o7segD[0]    ; 8.763  ; 8.903  ; 8.796  ; 8.936  ;
; iA[0]      ; o7segD[2]    ; 8.757  ; 8.868  ; 8.790  ; 8.901  ;
; iA[0]      ; o7segD[3]    ; 8.764  ; 8.902  ; 8.797  ; 8.935  ;
; iA[0]      ; o7segD[4]    ; 8.482  ; 8.559  ; 8.515  ; 8.592  ;
; iA[0]      ; o7segD[5]    ; 8.751  ; 8.823  ; 8.784  ; 8.856  ;
; iA[0]      ; o7segD[6]    ; 9.155  ; 9.038  ; 9.188  ; 9.071  ;
; iA[0]      ; o7segU[0]    ; 8.710  ; 8.972  ; 8.803  ; 9.068  ;
; iA[0]      ; o7segU[1]    ; 8.643  ; 8.759  ; 8.737  ; 8.855  ;
; iA[0]      ; o7segU[2]    ; 8.724  ; 8.995  ; 8.820  ; 9.084  ;
; iA[0]      ; o7segU[3]    ; 8.710  ; 8.926  ; 8.802  ; 9.022  ;
; iA[0]      ; o7segU[4]    ; 8.584  ; 8.743  ; 8.673  ; 8.839  ;
; iA[0]      ; o7segU[5]    ; 8.721  ; 8.861  ; 8.810  ; 8.957  ;
; iA[0]      ; o7segU[6]    ; 8.780  ; 8.608  ; 8.869  ; 8.704  ;
; iA[0]      ; oLED_Carry   ; 10.001 ; 10.524 ; 10.033 ; 10.556 ;
; iA[0]      ; oLEDs_Res[0] ; 9.333  ; 9.936  ; 9.422  ; 10.032 ;
; iA[0]      ; oLEDs_Res[1] ; 10.138 ; 10.668 ; 10.201 ; 10.708 ;
; iA[0]      ; oLEDs_Res[2] ; 9.936  ; 10.507 ; 9.957  ; 10.529 ;
; iA[0]      ; oLEDs_Res[3] ; 11.196 ; 12.159 ; 11.229 ; 12.192 ;
; iA[0]      ; oLEDs_Res[4] ; 10.456 ; 11.238 ; 10.517 ; 11.298 ;
; iA[1]      ; o7segD[0]    ; 7.342  ; 7.768  ; 7.487  ; 7.849  ;
; iA[1]      ; o7segD[2]    ; 7.572  ; 7.627  ; 7.653  ; 7.772  ;
; iA[1]      ; o7segD[3]    ; 7.343  ; 7.767  ; 7.488  ; 7.848  ;
; iA[1]      ; o7segD[4]    ; 7.258  ; 7.499  ; 7.403  ; 7.580  ;
; iA[1]      ; o7segD[5]    ; 7.307  ; 7.657  ; 7.452  ; 7.738  ;
; iA[1]      ; o7segD[6]    ; 8.684  ; 8.567  ; 8.873  ; 8.756  ;
; iA[1]      ; o7segU[0]    ; 8.060  ; 8.464  ; 8.205  ; 8.609  ;
; iA[1]      ; o7segU[1]    ; 8.195  ; 8.362  ; 8.340  ; 8.507  ;
; iA[1]      ; o7segU[2]    ; 8.252  ; 8.503  ; 8.397  ; 8.648  ;
; iA[1]      ; o7segU[3]    ; 8.254  ; 8.522  ; 8.399  ; 8.667  ;
; iA[1]      ; o7segU[4]    ; 8.084  ; 8.301  ; 8.229  ; 8.446  ;
; iA[1]      ; o7segU[5]    ; 8.249  ; 8.444  ; 8.394  ; 8.589  ;
; iA[1]      ; o7segU[6]    ; 8.153  ; 7.919  ; 8.298  ; 8.064  ;
; iA[1]      ; oLED_Carry   ; 9.529  ; 10.052 ; 9.719  ; 10.242 ;
; iA[1]      ; oLEDs_Res[0] ; 9.329  ; 9.890  ; 9.472  ; 10.022 ;
; iA[1]      ; oLEDs_Res[1] ; 8.525  ; 9.223  ; 8.670  ; 9.304  ;
; iA[1]      ; oLEDs_Res[2] ; 9.453  ; 10.025 ; 9.654  ; 10.225 ;
; iA[1]      ; oLEDs_Res[3] ; 10.725 ; 11.688 ; 10.914 ; 11.877 ;
; iA[1]      ; oLEDs_Res[4] ; 10.013 ; 10.794 ; 10.174 ; 10.956 ;
; iA[2]      ; o7segD[0]    ; 8.128  ; 8.285  ; 8.239  ; 8.396  ;
; iA[2]      ; o7segD[2]    ; 8.122  ; 8.262  ; 8.233  ; 8.373  ;
; iA[2]      ; o7segD[3]    ; 8.129  ; 8.284  ; 8.240  ; 8.395  ;
; iA[2]      ; o7segD[4]    ; 7.842  ; 7.937  ; 7.953  ; 8.048  ;
; iA[2]      ; o7segD[5]    ; 8.084  ; 8.253  ; 8.195  ; 8.358  ;
; iA[2]      ; o7segD[6]    ; 8.568  ; 8.372  ; 8.673  ; 8.483  ;
; iA[2]      ; o7segU[0]    ; 8.446  ; 8.714  ; 8.637  ; 8.900  ;
; iA[2]      ; o7segU[1]    ; 8.380  ; 8.501  ; 8.571  ; 8.687  ;
; iA[2]      ; o7segU[2]    ; 8.589  ; 8.727  ; 8.652  ; 8.918  ;
; iA[2]      ; o7segU[3]    ; 8.445  ; 8.666  ; 8.636  ; 8.854  ;
; iA[2]      ; o7segU[4]    ; 8.316  ; 8.608  ; 8.507  ; 8.671  ;
; iA[2]      ; o7segU[5]    ; 8.453  ; 8.726  ; 8.644  ; 8.789  ;
; iA[2]      ; o7segU[6]    ; 8.512  ; 8.473  ; 8.703  ; 8.536  ;
; iA[2]      ; oLED_Carry   ; 9.716  ; 10.239 ; 9.861  ; 10.384 ;
; iA[2]      ; oLEDs_Res[0] ; 9.065  ; 9.801  ; 9.256  ; 9.864  ;
; iA[2]      ; oLEDs_Res[2] ; 9.046  ; 9.655  ; 9.157  ; 9.760  ;
; iA[2]      ; oLEDs_Res[3] ; 10.912 ; 11.875 ; 11.056 ; 12.019 ;
; iA[2]      ; oLEDs_Res[4] ; 10.200 ; 10.981 ; 10.316 ; 11.098 ;
; iA[3]      ; o7segD[0]    ; 6.921  ; 7.078  ; 7.044  ; 7.184  ;
; iA[3]      ; o7segD[2]    ; 6.919  ; 7.045  ; 7.038  ; 7.149  ;
; iA[3]      ; o7segD[3]    ; 6.922  ; 7.077  ; 7.045  ; 7.183  ;
; iA[3]      ; o7segD[4]    ; 6.639  ; 6.733  ; 6.763  ; 6.840  ;
; iA[3]      ; o7segD[5]    ; 6.890  ; 7.043  ; 7.014  ; 7.104  ;
; iA[3]      ; o7segD[6]    ; 7.375  ; 7.177  ; 7.436  ; 7.301  ;
; iA[3]      ; o7segU[0]    ; 7.624  ; 7.938  ; 7.741  ; 8.041  ;
; iA[3]      ; o7segU[1]    ; 7.590  ; 7.785  ; 7.714  ; 7.894  ;
; iA[3]      ; o7segU[2]    ; 7.680  ; 7.980  ; 7.804  ; 8.089  ;
; iA[3]      ; o7segU[3]    ; 7.649  ; 7.945  ; 7.773  ; 8.054  ;
; iA[3]      ; o7segU[4]    ; 7.525  ; 7.724  ; 7.649  ; 7.833  ;
; iA[3]      ; o7segU[5]    ; 7.644  ; 7.867  ; 7.768  ; 7.976  ;
; iA[3]      ; o7segU[6]    ; 7.740  ; 7.567  ; 7.843  ; 7.684  ;
; iA[3]      ; oLED_Carry   ; 9.699  ; 10.222 ; 9.829  ; 10.352 ;
; iA[3]      ; oLEDs_Res[0] ; 9.356  ; 9.918  ; 9.525  ; 10.070 ;
; iA[3]      ; oLEDs_Res[3] ; 9.335  ; 10.379 ; 9.459  ; 10.440 ;
; iA[3]      ; oLEDs_Res[4] ; 10.154 ; 10.933 ; 10.284 ; 11.066 ;
; iA[4]      ; o7segD[0]    ; 7.484  ; 7.614  ; 7.603  ; 7.733  ;
; iA[4]      ; o7segD[2]    ; 7.580  ; 7.782  ; 7.699  ; 7.886  ;
; iA[4]      ; o7segD[3]    ; 7.485  ; 7.613  ; 7.604  ; 7.732  ;
; iA[4]      ; o7segD[4]    ; 7.300  ; 7.394  ; 7.419  ; 7.513  ;
; iA[4]      ; o7segD[5]    ; 7.521  ; 7.703  ; 7.640  ; 7.807  ;
; iA[4]      ; o7segD[6]    ; 8.017  ; 7.809  ; 8.121  ; 7.928  ;
; iA[4]      ; o7segU[0]    ; 8.290  ; 8.618  ; 8.409  ; 8.737  ;
; iA[4]      ; o7segU[1]    ; 8.226  ; 8.420  ; 8.345  ; 8.539  ;
; iA[4]      ; o7segU[2]    ; 8.316  ; 8.615  ; 8.435  ; 8.734  ;
; iA[4]      ; o7segU[3]    ; 8.285  ; 8.580  ; 8.404  ; 8.699  ;
; iA[4]      ; o7segU[4]    ; 8.161  ; 8.359  ; 8.280  ; 8.478  ;
; iA[4]      ; o7segU[5]    ; 8.280  ; 8.502  ; 8.399  ; 8.621  ;
; iA[4]      ; o7segU[6]    ; 8.293  ; 8.107  ; 8.412  ; 8.226  ;
; iA[4]      ; oLED_Carry   ; 9.543  ; 10.066 ; 9.656  ; 10.179 ;
; iA[4]      ; oLEDs_Res[0] ; 9.481  ; 10.182 ; 9.675  ; 10.266 ;
; iA[4]      ; oLEDs_Res[4] ; 8.834  ; 9.595  ; 8.953  ; 9.699  ;
; iB[0]      ; o7segD[0]    ; 8.543  ; 8.683  ; 8.704  ; 8.844  ;
; iB[0]      ; o7segD[2]    ; 8.537  ; 8.648  ; 8.698  ; 8.809  ;
; iB[0]      ; o7segD[3]    ; 8.544  ; 8.682  ; 8.705  ; 8.843  ;
; iB[0]      ; o7segD[4]    ; 8.262  ; 8.339  ; 8.423  ; 8.500  ;
; iB[0]      ; o7segD[5]    ; 8.531  ; 8.603  ; 8.692  ; 8.764  ;
; iB[0]      ; o7segD[6]    ; 8.935  ; 8.818  ; 9.096  ; 8.979  ;
; iB[0]      ; o7segU[0]    ; 8.278  ; 8.546  ; 8.491  ; 8.759  ;
; iB[0]      ; o7segU[1]    ; 8.212  ; 8.333  ; 8.425  ; 8.546  ;
; iB[0]      ; o7segU[2]    ; 8.445  ; 8.559  ; 8.548  ; 8.772  ;
; iB[0]      ; o7segU[3]    ; 8.277  ; 8.498  ; 8.490  ; 8.711  ;
; iB[0]      ; o7segU[4]    ; 8.148  ; 8.464  ; 8.361  ; 8.567  ;
; iB[0]      ; o7segU[5]    ; 8.285  ; 8.582  ; 8.498  ; 8.685  ;
; iB[0]      ; o7segU[6]    ; 8.344  ; 8.329  ; 8.557  ; 8.432  ;
; iB[0]      ; oLED_Carry   ; 9.780  ; 10.303 ; 9.942  ; 10.465 ;
; iB[0]      ; oLEDs_Res[0] ; 8.897  ; 9.657  ; 9.110  ; 9.760  ;
; iB[0]      ; oLEDs_Res[1] ; 9.948  ; 10.455 ; 10.079 ; 10.609 ;
; iB[0]      ; oLEDs_Res[2] ; 9.704  ; 10.276 ; 9.877  ; 10.448 ;
; iB[0]      ; oLEDs_Res[3] ; 10.976 ; 11.939 ; 11.137 ; 12.100 ;
; iB[0]      ; oLEDs_Res[4] ; 10.264 ; 11.045 ; 10.397 ; 11.179 ;
; iB[1]      ; o7segD[0]    ; 7.461  ; 7.894  ; 7.661  ; 7.968  ;
; iB[1]      ; o7segD[2]    ; 7.698  ; 7.746  ; 7.772  ; 7.946  ;
; iB[1]      ; o7segD[3]    ; 7.462  ; 7.893  ; 7.662  ; 7.967  ;
; iB[1]      ; o7segD[4]    ; 7.377  ; 7.625  ; 7.577  ; 7.699  ;
; iB[1]      ; o7segD[5]    ; 7.426  ; 7.783  ; 7.626  ; 7.857  ;
; iB[1]      ; o7segD[6]    ; 8.945  ; 8.828  ; 9.039  ; 8.922  ;
; iB[1]      ; o7segU[0]    ; 8.179  ; 8.561  ; 8.379  ; 8.675  ;
; iB[1]      ; o7segU[1]    ; 8.232  ; 8.348  ; 8.346  ; 8.462  ;
; iB[1]      ; o7segU[2]    ; 8.313  ; 8.622  ; 8.427  ; 8.768  ;
; iB[1]      ; o7segU[3]    ; 8.299  ; 8.515  ; 8.413  ; 8.629  ;
; iB[1]      ; o7segU[4]    ; 8.203  ; 8.332  ; 8.357  ; 8.446  ;
; iB[1]      ; o7segU[5]    ; 8.366  ; 8.450  ; 8.494  ; 8.564  ;
; iB[1]      ; o7segU[6]    ; 8.272  ; 8.038  ; 8.425  ; 8.238  ;
; iB[1]      ; oLED_Carry   ; 9.791  ; 10.314 ; 9.885  ; 10.408 ;
; iB[1]      ; oLEDs_Res[0] ; 8.978  ; 9.525  ; 9.106  ; 9.639  ;
; iB[1]      ; oLEDs_Res[1] ; 8.644  ; 9.349  ; 8.844  ; 9.423  ;
; iB[1]      ; oLEDs_Res[2] ; 9.726  ; 10.297 ; 9.815  ; 10.359 ;
; iB[1]      ; oLEDs_Res[3] ; 10.986 ; 11.949 ; 11.080 ; 12.043 ;
; iB[1]      ; oLEDs_Res[4] ; 10.246 ; 11.028 ; 10.340 ; 11.122 ;
; iB[2]      ; o7segD[0]    ; 7.675  ; 7.832  ; 7.885  ; 8.036  ;
; iB[2]      ; o7segD[2]    ; 7.669  ; 7.809  ; 7.879  ; 8.013  ;
; iB[2]      ; o7segD[3]    ; 7.676  ; 7.831  ; 7.886  ; 8.035  ;
; iB[2]      ; o7segD[4]    ; 7.389  ; 7.484  ; 7.599  ; 7.688  ;
; iB[2]      ; o7segD[5]    ; 7.631  ; 7.900  ; 7.841  ; 7.957  ;
; iB[2]      ; o7segD[6]    ; 8.215  ; 7.919  ; 8.272  ; 8.129  ;
; iB[2]      ; o7segU[0]    ; 8.373  ; 8.635  ; 8.496  ; 8.764  ;
; iB[2]      ; o7segU[1]    ; 8.306  ; 8.422  ; 8.430  ; 8.551  ;
; iB[2]      ; o7segU[2]    ; 8.387  ; 8.679  ; 8.524  ; 8.777  ;
; iB[2]      ; o7segU[3]    ; 8.373  ; 8.589  ; 8.495  ; 8.716  ;
; iB[2]      ; o7segU[4]    ; 8.266  ; 8.406  ; 8.366  ; 8.543  ;
; iB[2]      ; o7segU[5]    ; 8.385  ; 8.524  ; 8.503  ; 8.661  ;
; iB[2]      ; o7segU[6]    ; 8.284  ; 8.035  ; 8.457  ; 8.245  ;
; iB[2]      ; oLED_Carry   ; 9.594  ; 10.117 ; 9.720  ; 10.243 ;
; iB[2]      ; oLEDs_Res[0] ; 9.017  ; 9.599  ; 9.115  ; 9.736  ;
; iB[2]      ; oLEDs_Res[2] ; 8.593  ; 9.302  ; 8.803  ; 9.359  ;
; iB[2]      ; oLEDs_Res[3] ; 10.789 ; 11.752 ; 10.916 ; 11.879 ;
; iB[2]      ; oLEDs_Res[4] ; 10.049 ; 10.831 ; 10.185 ; 10.967 ;
; iB[3]      ; o7segD[0]    ; 7.119  ; 7.276  ; 7.276  ; 7.416  ;
; iB[3]      ; o7segD[2]    ; 7.117  ; 7.243  ; 7.270  ; 7.381  ;
; iB[3]      ; o7segD[3]    ; 7.120  ; 7.275  ; 7.277  ; 7.415  ;
; iB[3]      ; o7segD[4]    ; 6.837  ; 6.931  ; 6.995  ; 7.072  ;
; iB[3]      ; o7segD[5]    ; 7.088  ; 7.262  ; 7.316  ; 7.336  ;
; iB[3]      ; o7segD[6]    ; 7.594  ; 7.375  ; 7.668  ; 7.603  ;
; iB[3]      ; o7segU[0]    ; 7.822  ; 8.136  ; 7.973  ; 8.273  ;
; iB[3]      ; o7segU[1]    ; 7.788  ; 7.983  ; 7.948  ; 8.126  ;
; iB[3]      ; o7segU[2]    ; 7.878  ; 8.178  ; 8.038  ; 8.321  ;
; iB[3]      ; o7segU[3]    ; 7.847  ; 8.143  ; 8.007  ; 8.286  ;
; iB[3]      ; o7segU[4]    ; 7.723  ; 7.922  ; 7.883  ; 8.065  ;
; iB[3]      ; o7segU[5]    ; 7.842  ; 8.065  ; 8.002  ; 8.208  ;
; iB[3]      ; o7segU[6]    ; 7.938  ; 7.765  ; 8.075  ; 7.916  ;
; iB[3]      ; oLED_Carry   ; 9.818  ; 10.341 ; 9.959  ; 10.482 ;
; iB[3]      ; oLEDs_Res[0] ; 9.922  ; 10.483 ; 10.069 ; 10.625 ;
; iB[3]      ; oLEDs_Res[3] ; 9.533  ; 10.598 ; 9.761  ; 10.672 ;
; iB[3]      ; oLEDs_Res[4] ; 10.273 ; 11.055 ; 10.414 ; 11.193 ;
; iB[4]      ; o7segD[0]    ; 7.989  ; 8.119  ; 8.140  ; 8.270  ;
; iB[4]      ; o7segD[2]    ; 8.085  ; 8.303  ; 8.236  ; 8.448  ;
; iB[4]      ; o7segD[3]    ; 7.990  ; 8.118  ; 8.141  ; 8.269  ;
; iB[4]      ; o7segD[4]    ; 7.805  ; 7.899  ; 7.956  ; 8.050  ;
; iB[4]      ; o7segD[5]    ; 8.026  ; 8.224  ; 8.177  ; 8.369  ;
; iB[4]      ; o7segD[6]    ; 8.538  ; 8.314  ; 8.683  ; 8.465  ;
; iB[4]      ; o7segU[0]    ; 8.795  ; 9.123  ; 8.946  ; 9.274  ;
; iB[4]      ; o7segU[1]    ; 8.731  ; 8.925  ; 8.882  ; 9.076  ;
; iB[4]      ; o7segU[2]    ; 8.821  ; 9.120  ; 8.972  ; 9.271  ;
; iB[4]      ; o7segU[3]    ; 8.790  ; 9.085  ; 8.941  ; 9.236  ;
; iB[4]      ; o7segU[4]    ; 8.666  ; 8.864  ; 8.817  ; 9.015  ;
; iB[4]      ; o7segU[5]    ; 8.785  ; 9.007  ; 8.936  ; 9.158  ;
; iB[4]      ; o7segU[6]    ; 8.798  ; 8.612  ; 8.949  ; 8.763  ;
; iB[4]      ; oLED_Carry   ; 9.748  ; 10.271 ; 9.893  ; 10.416 ;
; iB[4]      ; oLEDs_Res[0] ; 9.765  ; 10.299 ; 9.898  ; 10.484 ;
; iB[4]      ; oLEDs_Res[4] ; 9.339  ; 10.116 ; 9.490  ; 10.261 ;
; iKeys[0]   ; o7segD[0]    ; 8.437  ; 8.577  ; 8.746  ; 8.903  ;
; iKeys[0]   ; o7segD[2]    ; 8.431  ; 8.542  ; 8.744  ; 8.870  ;
; iKeys[0]   ; o7segD[3]    ; 8.438  ; 8.576  ; 8.747  ; 8.902  ;
; iKeys[0]   ; o7segD[4]    ; 8.156  ; 8.233  ; 8.464  ; 8.558  ;
; iKeys[0]   ; o7segD[5]    ; 8.435  ; 8.497  ; 8.715  ; 8.828  ;
; iKeys[0]   ; o7segD[6]    ; 8.829  ; 8.722  ; 9.160  ; 9.002  ;
; iKeys[0]   ; o7segU[0]    ; 9.134  ; 9.434  ; 9.449  ; 9.742  ;
; iKeys[0]   ; o7segU[1]    ; 9.105  ; 9.221  ; 9.413  ; 9.529  ;
; iKeys[0]   ; o7segU[2]    ; 9.186  ; 9.479  ; 9.494  ; 9.772  ;
; iKeys[0]   ; o7segU[3]    ; 9.168  ; 9.388  ; 9.474  ; 9.696  ;
; iKeys[0]   ; o7segU[4]    ; 9.044  ; 9.205  ; 9.350  ; 9.513  ;
; iKeys[0]   ; o7segU[5]    ; 9.163  ; 9.323  ; 9.469  ; 9.631  ;
; iKeys[0]   ; o7segU[6]    ; 9.065  ; 8.879  ; 9.377  ; 9.191  ;
; iKeys[0]   ; oLED_Carry   ; 9.654  ; 10.157 ; 9.934  ; 10.488 ;
; iKeys[0]   ; oLEDs_Res[0] ; 9.817  ; 10.398 ; 10.110 ; 10.706 ;
; iKeys[0]   ; oLEDs_Res[1] ; 9.933  ; 10.506 ; 10.213 ; 10.837 ;
; iKeys[0]   ; oLEDs_Res[2] ; 9.907  ; 10.469 ; 10.187 ; 10.800 ;
; iKeys[0]   ; oLEDs_Res[3] ; 10.880 ; 11.833 ; 11.160 ; 12.164 ;
; iKeys[0]   ; oLEDs_Res[4] ; 10.378 ; 11.257 ; 10.842 ; 11.610 ;
; iKeys[1]   ; o7segD[0]    ; 8.685  ; 8.825  ; 9.032  ; 9.172  ;
; iKeys[1]   ; o7segD[2]    ; 8.679  ; 8.790  ; 9.026  ; 9.137  ;
; iKeys[1]   ; o7segD[3]    ; 8.686  ; 8.824  ; 9.033  ; 9.171  ;
; iKeys[1]   ; o7segD[4]    ; 8.404  ; 8.481  ; 8.751  ; 8.828  ;
; iKeys[1]   ; o7segD[5]    ; 8.655  ; 8.745  ; 9.007  ; 9.092  ;
; iKeys[1]   ; o7segD[6]    ; 9.077  ; 8.942  ; 9.424  ; 9.294  ;
; iKeys[1]   ; o7segU[0]    ; 9.382  ; 9.682  ; 9.729  ; 10.029 ;
; iKeys[1]   ; o7segU[1]    ; 9.353  ; 9.469  ; 9.700  ; 9.816  ;
; iKeys[1]   ; o7segU[2]    ; 9.434  ; 9.712  ; 9.781  ; 10.064 ;
; iKeys[1]   ; o7segU[3]    ; 9.414  ; 9.636  ; 9.763  ; 9.983  ;
; iKeys[1]   ; o7segU[4]    ; 9.290  ; 9.453  ; 9.639  ; 9.800  ;
; iKeys[1]   ; o7segU[5]    ; 9.409  ; 9.571  ; 9.758  ; 9.918  ;
; iKeys[1]   ; o7segU[6]    ; 9.313  ; 9.127  ; 9.660  ; 9.474  ;
; iKeys[1]   ; oLED_Carry   ; 9.874  ; 10.405 ; 10.226 ; 10.752 ;
; iKeys[1]   ; oLEDs_Res[0] ; 10.050 ; 10.646 ; 10.402 ; 10.993 ;
; iKeys[1]   ; oLEDs_Res[1] ; 10.153 ; 10.754 ; 10.505 ; 11.101 ;
; iKeys[1]   ; oLEDs_Res[2] ; 10.127 ; 10.717 ; 10.479 ; 11.064 ;
; iKeys[1]   ; oLEDs_Res[3] ; 11.100 ; 12.081 ; 11.452 ; 12.428 ;
; iKeys[1]   ; oLEDs_Res[4] ; 10.786 ; 11.630 ; 11.139 ; 11.978 ;
; iKeys[2]   ; o7segD[0]    ; 8.376  ; 8.516  ; 8.572  ; 8.712  ;
; iKeys[2]   ; o7segD[2]    ; 8.370  ; 8.481  ; 8.566  ; 8.677  ;
; iKeys[2]   ; o7segD[3]    ; 8.377  ; 8.515  ; 8.573  ; 8.711  ;
; iKeys[2]   ; o7segD[4]    ; 8.095  ; 8.172  ; 8.291  ; 8.368  ;
; iKeys[2]   ; o7segD[5]    ; 8.347  ; 8.436  ; 8.554  ; 8.632  ;
; iKeys[2]   ; o7segD[6]    ; 8.768  ; 8.634  ; 8.964  ; 8.841  ;
; iKeys[2]   ; o7segU[0]    ; 9.073  ; 9.373  ; 9.269  ; 9.569  ;
; iKeys[2]   ; o7segU[1]    ; 9.044  ; 9.160  ; 9.240  ; 9.356  ;
; iKeys[2]   ; o7segU[2]    ; 9.125  ; 9.404  ; 9.321  ; 9.611  ;
; iKeys[2]   ; o7segU[3]    ; 9.106  ; 9.327  ; 9.303  ; 9.523  ;
; iKeys[2]   ; o7segU[4]    ; 8.982  ; 9.144  ; 9.179  ; 9.340  ;
; iKeys[2]   ; o7segU[5]    ; 9.101  ; 9.262  ; 9.298  ; 9.458  ;
; iKeys[2]   ; o7segU[6]    ; 9.004  ; 8.818  ; 9.200  ; 9.014  ;
; iKeys[2]   ; oLED_Carry   ; 9.566  ; 10.096 ; 9.773  ; 10.292 ;
; iKeys[2]   ; oLEDs_Res[0] ; 9.742  ; 10.337 ; 9.949  ; 10.533 ;
; iKeys[2]   ; oLEDs_Res[1] ; 9.845  ; 10.445 ; 10.052 ; 10.641 ;
; iKeys[2]   ; oLEDs_Res[2] ; 9.819  ; 10.408 ; 10.026 ; 10.604 ;
; iKeys[2]   ; oLEDs_Res[3] ; 10.792 ; 11.772 ; 10.999 ; 11.968 ;
; iKeys[2]   ; oLEDs_Res[4] ; 10.418 ; 11.225 ; 10.620 ; 11.466 ;
; iKeys[3]   ; o7segD[0]    ; 7.901  ; 8.041  ; 8.143  ; 8.283  ;
; iKeys[3]   ; o7segD[2]    ; 7.895  ; 8.006  ; 8.137  ; 8.248  ;
; iKeys[3]   ; o7segD[3]    ; 7.902  ; 8.040  ; 8.144  ; 8.282  ;
; iKeys[3]   ; o7segD[4]    ; 7.620  ; 7.697  ; 7.862  ; 7.939  ;
; iKeys[3]   ; o7segD[5]    ; 7.873  ; 7.961  ; 8.131  ; 8.203  ;
; iKeys[3]   ; o7segD[6]    ; 8.293  ; 8.160  ; 8.535  ; 8.418  ;
; iKeys[3]   ; o7segU[0]    ; 8.598  ; 8.898  ; 8.840  ; 9.140  ;
; iKeys[3]   ; o7segU[1]    ; 8.569  ; 8.685  ; 8.811  ; 8.927  ;
; iKeys[3]   ; o7segU[2]    ; 8.650  ; 8.930  ; 8.892  ; 9.185  ;
; iKeys[3]   ; o7segU[3]    ; 8.632  ; 8.852  ; 8.874  ; 9.094  ;
; iKeys[3]   ; o7segU[4]    ; 8.508  ; 8.669  ; 8.750  ; 8.911  ;
; iKeys[3]   ; o7segU[5]    ; 8.627  ; 8.787  ; 8.869  ; 9.029  ;
; iKeys[3]   ; o7segU[6]    ; 8.529  ; 8.343  ; 8.771  ; 8.585  ;
; iKeys[3]   ; oLED_Carry   ; 9.092  ; 9.621  ; 9.350  ; 9.863  ;
; iKeys[3]   ; oLEDs_Res[0] ; 9.268  ; 9.862  ; 9.523  ; 10.104 ;
; iKeys[3]   ; oLEDs_Res[1] ; 9.371  ; 9.970  ; 9.629  ; 10.212 ;
; iKeys[3]   ; oLEDs_Res[2] ; 9.345  ; 9.933  ; 9.603  ; 10.175 ;
; iKeys[3]   ; oLEDs_Res[3] ; 10.318 ; 11.297 ; 10.576 ; 11.539 ;
; iKeys[3]   ; oLEDs_Res[4] ; 10.006 ; 10.836 ; 10.258 ; 11.074 ;
+------------+--------------+--------+--------+--------+--------+


---------------------------------------------
; Slow 1100mV 0C Model Metastability Report ;
---------------------------------------------
No synchronizer chains to report.


---------------------------------------
; Fast 1100mV 85C Model Setup Summary ;
---------------------------------------
No paths to report.


--------------------------------------
; Fast 1100mV 85C Model Hold Summary ;
--------------------------------------
No paths to report.


------------------------------------------
; Fast 1100mV 85C Model Recovery Summary ;
------------------------------------------
No paths to report.


-----------------------------------------
; Fast 1100mV 85C Model Removal Summary ;
-----------------------------------------
No paths to report.


-----------------------------------------------------
; Fast 1100mV 85C Model Minimum Pulse Width Summary ;
-----------------------------------------------------
No paths to report.


+-----------------------------------------------------------+
; Propagation Delay                                         ;
+------------+--------------+-------+-------+-------+-------+
; Input Port ; Output Port  ; RR    ; RF    ; FR    ; FF    ;
+------------+--------------+-------+-------+-------+-------+
; iA[0]      ; o7segD[0]    ; 5.276 ; 5.523 ; 5.748 ; 5.995 ;
; iA[0]      ; o7segD[2]    ; 5.179 ; 5.523 ; 5.653 ; 5.995 ;
; iA[0]      ; o7segD[3]    ; 5.271 ; 5.518 ; 5.743 ; 5.990 ;
; iA[0]      ; o7segD[4]    ; 5.138 ; 5.269 ; 5.610 ; 5.741 ;
; iA[0]      ; o7segD[5]    ; 5.125 ; 5.450 ; 5.599 ; 5.922 ;
; iA[0]      ; o7segD[6]    ; 5.720 ; 5.350 ; 6.192 ; 5.824 ;
; iA[0]      ; o7segU[0]    ; 5.893 ; 6.256 ; 6.365 ; 6.728 ;
; iA[0]      ; o7segU[1]    ; 5.830 ; 6.091 ; 6.302 ; 6.563 ;
; iA[0]      ; o7segU[2]    ; 5.851 ; 6.206 ; 6.323 ; 6.678 ;
; iA[0]      ; o7segU[3]    ; 5.909 ; 6.239 ; 6.381 ; 6.711 ;
; iA[0]      ; o7segU[4]    ; 5.780 ; 6.005 ; 6.252 ; 6.477 ;
; iA[0]      ; o7segU[5]    ; 5.901 ; 6.159 ; 6.373 ; 6.631 ;
; iA[0]      ; o7segU[6]    ; 6.010 ; 5.779 ; 6.482 ; 6.251 ;
; iA[0]      ; oLED_Carry   ; 5.880 ; 6.514 ; 6.343 ; 6.977 ;
; iA[0]      ; oLEDs_Res[0] ; 5.640 ; 6.361 ; 6.104 ; 6.816 ;
; iA[0]      ; oLEDs_Res[1] ; 5.912 ; 6.587 ; 6.389 ; 7.075 ;
; iA[0]      ; oLEDs_Res[2] ; 5.806 ; 6.492 ; 6.279 ; 6.967 ;
; iA[0]      ; oLEDs_Res[3] ; 6.886 ; 8.130 ; 7.353 ; 8.597 ;
; iA[0]      ; oLEDs_Res[4] ; 6.128 ; 7.032 ; 6.602 ; 7.504 ;
; iA[1]      ; o7segD[0]    ; 5.225 ; 5.472 ; 5.711 ; 5.958 ;
; iA[1]      ; o7segD[2]    ; 5.128 ; 5.472 ; 5.616 ; 5.958 ;
; iA[1]      ; o7segD[3]    ; 5.220 ; 5.467 ; 5.706 ; 5.953 ;
; iA[1]      ; o7segD[4]    ; 5.087 ; 5.218 ; 5.573 ; 5.704 ;
; iA[1]      ; o7segD[5]    ; 5.074 ; 5.399 ; 5.562 ; 5.885 ;
; iA[1]      ; o7segD[6]    ; 5.669 ; 5.299 ; 6.155 ; 5.787 ;
; iA[1]      ; o7segU[0]    ; 5.842 ; 6.205 ; 6.328 ; 6.691 ;
; iA[1]      ; o7segU[1]    ; 5.779 ; 6.040 ; 6.265 ; 6.526 ;
; iA[1]      ; o7segU[2]    ; 5.800 ; 6.155 ; 6.286 ; 6.641 ;
; iA[1]      ; o7segU[3]    ; 5.858 ; 6.188 ; 6.344 ; 6.674 ;
; iA[1]      ; o7segU[4]    ; 5.729 ; 5.954 ; 6.215 ; 6.440 ;
; iA[1]      ; o7segU[5]    ; 5.850 ; 6.108 ; 6.336 ; 6.594 ;
; iA[1]      ; o7segU[6]    ; 5.959 ; 5.728 ; 6.445 ; 6.214 ;
; iA[1]      ; oLED_Carry   ; 5.829 ; 6.463 ; 6.315 ; 6.949 ;
; iA[1]      ; oLEDs_Res[0] ; 5.597 ; 6.258 ; 6.083 ; 6.746 ;
; iA[1]      ; oLEDs_Res[1] ; 5.823 ; 6.512 ; 6.319 ; 7.008 ;
; iA[1]      ; oLEDs_Res[2] ; 5.745 ; 6.431 ; 6.241 ; 6.927 ;
; iA[1]      ; oLEDs_Res[3] ; 6.835 ; 8.079 ; 7.321 ; 8.565 ;
; iA[1]      ; oLEDs_Res[4] ; 6.077 ; 6.981 ; 6.565 ; 7.467 ;
; iA[2]      ; o7segD[0]    ; 5.334 ; 5.581 ; 5.780 ; 6.027 ;
; iA[2]      ; o7segD[2]    ; 5.237 ; 5.581 ; 5.683 ; 6.027 ;
; iA[2]      ; o7segD[3]    ; 5.329 ; 5.576 ; 5.775 ; 6.022 ;
; iA[2]      ; o7segD[4]    ; 5.196 ; 5.327 ; 5.642 ; 5.773 ;
; iA[2]      ; o7segD[5]    ; 5.183 ; 5.508 ; 5.629 ; 5.954 ;
; iA[2]      ; o7segD[6]    ; 5.778 ; 5.408 ; 6.224 ; 5.854 ;
; iA[2]      ; o7segU[0]    ; 5.951 ; 6.314 ; 6.397 ; 6.760 ;
; iA[2]      ; o7segU[1]    ; 5.888 ; 6.149 ; 6.334 ; 6.595 ;
; iA[2]      ; o7segU[2]    ; 5.909 ; 6.264 ; 6.355 ; 6.710 ;
; iA[2]      ; o7segU[3]    ; 5.967 ; 6.297 ; 6.413 ; 6.743 ;
; iA[2]      ; o7segU[4]    ; 5.838 ; 6.063 ; 6.284 ; 6.509 ;
; iA[2]      ; o7segU[5]    ; 5.959 ; 6.217 ; 6.405 ; 6.663 ;
; iA[2]      ; o7segU[6]    ; 6.068 ; 5.837 ; 6.514 ; 6.283 ;
; iA[2]      ; oLED_Carry   ; 5.938 ; 6.572 ; 6.384 ; 7.018 ;
; iA[2]      ; oLEDs_Res[0] ; 5.500 ; 6.186 ; 5.993 ; 6.643 ;
; iA[2]      ; oLEDs_Res[2] ; 5.742 ; 6.395 ; 6.196 ; 6.884 ;
; iA[2]      ; oLEDs_Res[3] ; 6.944 ; 8.188 ; 7.390 ; 8.634 ;
; iA[2]      ; oLEDs_Res[4] ; 6.186 ; 7.090 ; 6.632 ; 7.536 ;
; iA[3]      ; o7segD[0]    ; 5.277 ; 5.524 ; 5.766 ; 6.013 ;
; iA[3]      ; o7segD[2]    ; 5.180 ; 5.524 ; 5.669 ; 6.013 ;
; iA[3]      ; o7segD[3]    ; 5.272 ; 5.519 ; 5.761 ; 6.008 ;
; iA[3]      ; o7segD[4]    ; 5.139 ; 5.270 ; 5.628 ; 5.759 ;
; iA[3]      ; o7segD[5]    ; 5.126 ; 5.451 ; 5.615 ; 5.940 ;
; iA[3]      ; o7segD[6]    ; 5.721 ; 5.351 ; 6.210 ; 5.840 ;
; iA[3]      ; o7segU[0]    ; 5.894 ; 6.257 ; 6.383 ; 6.746 ;
; iA[3]      ; o7segU[1]    ; 5.831 ; 6.092 ; 6.320 ; 6.581 ;
; iA[3]      ; o7segU[2]    ; 5.852 ; 6.207 ; 6.341 ; 6.696 ;
; iA[3]      ; o7segU[3]    ; 5.910 ; 6.240 ; 6.399 ; 6.729 ;
; iA[3]      ; o7segU[4]    ; 5.781 ; 6.006 ; 6.270 ; 6.495 ;
; iA[3]      ; o7segU[5]    ; 5.902 ; 6.160 ; 6.391 ; 6.649 ;
; iA[3]      ; o7segU[6]    ; 6.011 ; 5.780 ; 6.500 ; 6.269 ;
; iA[3]      ; oLED_Carry   ; 5.881 ; 6.515 ; 6.370 ; 7.004 ;
; iA[3]      ; oLEDs_Res[0] ; 5.613 ; 6.275 ; 6.114 ; 6.774 ;
; iA[3]      ; oLEDs_Res[3] ; 6.799 ; 8.039 ; 7.285 ; 8.528 ;
; iA[3]      ; oLEDs_Res[4] ; 6.129 ; 7.033 ; 6.618 ; 7.522 ;
; iA[4]      ; o7segD[0]    ; 5.038 ; 5.285 ; 5.463 ; 5.710 ;
; iA[4]      ; o7segD[2]    ; 4.906 ; 5.285 ; 5.340 ; 5.710 ;
; iA[4]      ; o7segD[3]    ; 5.033 ; 5.280 ; 5.458 ; 5.705 ;
; iA[4]      ; o7segD[4]    ; 4.900 ; 5.031 ; 5.325 ; 5.456 ;
; iA[4]      ; o7segD[5]    ; 4.852 ; 5.212 ; 5.286 ; 5.637 ;
; iA[4]      ; o7segD[6]    ; 5.482 ; 5.077 ; 5.907 ; 5.511 ;
; iA[4]      ; o7segU[0]    ; 5.655 ; 6.018 ; 6.080 ; 6.443 ;
; iA[4]      ; o7segU[1]    ; 5.592 ; 5.853 ; 6.017 ; 6.278 ;
; iA[4]      ; o7segU[2]    ; 5.613 ; 5.968 ; 6.038 ; 6.393 ;
; iA[4]      ; o7segU[3]    ; 5.671 ; 6.001 ; 6.096 ; 6.426 ;
; iA[4]      ; o7segU[4]    ; 5.542 ; 5.767 ; 5.967 ; 6.192 ;
; iA[4]      ; o7segU[5]    ; 5.663 ; 5.921 ; 6.088 ; 6.346 ;
; iA[4]      ; o7segU[6]    ; 5.772 ; 5.541 ; 6.197 ; 5.966 ;
; iA[4]      ; oLED_Carry   ; 5.809 ; 6.443 ; 6.247 ; 6.881 ;
; iA[4]      ; oLEDs_Res[0] ; 5.673 ; 6.369 ; 6.143 ; 6.792 ;
; iA[4]      ; oLEDs_Res[4] ; 5.855 ; 6.794 ; 6.289 ; 7.219 ;
; iB[0]      ; o7segD[0]    ; 5.252 ; 5.499 ; 5.688 ; 5.935 ;
; iB[0]      ; o7segD[2]    ; 5.157 ; 5.499 ; 5.591 ; 5.935 ;
; iB[0]      ; o7segD[3]    ; 5.247 ; 5.494 ; 5.683 ; 5.930 ;
; iB[0]      ; o7segD[4]    ; 5.114 ; 5.245 ; 5.550 ; 5.681 ;
; iB[0]      ; o7segD[5]    ; 5.103 ; 5.426 ; 5.537 ; 5.862 ;
; iB[0]      ; o7segD[6]    ; 5.696 ; 5.328 ; 6.132 ; 5.762 ;
; iB[0]      ; o7segU[0]    ; 5.869 ; 6.232 ; 6.305 ; 6.668 ;
; iB[0]      ; o7segU[1]    ; 5.806 ; 6.067 ; 6.242 ; 6.503 ;
; iB[0]      ; o7segU[2]    ; 5.827 ; 6.182 ; 6.263 ; 6.618 ;
; iB[0]      ; o7segU[3]    ; 5.885 ; 6.215 ; 6.321 ; 6.651 ;
; iB[0]      ; o7segU[4]    ; 5.756 ; 5.981 ; 6.192 ; 6.417 ;
; iB[0]      ; o7segU[5]    ; 5.877 ; 6.135 ; 6.313 ; 6.571 ;
; iB[0]      ; o7segU[6]    ; 5.986 ; 5.755 ; 6.422 ; 6.191 ;
; iB[0]      ; oLED_Carry   ; 5.847 ; 6.481 ; 6.292 ; 6.926 ;
; iB[0]      ; oLEDs_Res[0] ; 5.686 ; 6.337 ; 6.125 ; 6.811 ;
; iB[0]      ; oLEDs_Res[1] ; 5.893 ; 6.579 ; 6.324 ; 6.999 ;
; iB[0]      ; oLEDs_Res[2] ; 5.783 ; 6.471 ; 6.218 ; 6.904 ;
; iB[0]      ; oLEDs_Res[3] ; 6.857 ; 8.101 ; 7.298 ; 8.542 ;
; iB[0]      ; oLEDs_Res[4] ; 6.106 ; 7.008 ; 6.540 ; 7.444 ;
; iB[1]      ; o7segD[0]    ; 5.342 ; 5.589 ; 5.807 ; 6.054 ;
; iB[1]      ; o7segD[2]    ; 5.245 ; 5.589 ; 5.710 ; 6.054 ;
; iB[1]      ; o7segD[3]    ; 5.337 ; 5.584 ; 5.802 ; 6.049 ;
; iB[1]      ; o7segD[4]    ; 5.204 ; 5.335 ; 5.669 ; 5.800 ;
; iB[1]      ; o7segD[5]    ; 5.191 ; 5.516 ; 5.656 ; 5.981 ;
; iB[1]      ; o7segD[6]    ; 5.786 ; 5.416 ; 6.251 ; 5.881 ;
; iB[1]      ; o7segU[0]    ; 5.959 ; 6.322 ; 6.424 ; 6.787 ;
; iB[1]      ; o7segU[1]    ; 5.896 ; 6.157 ; 6.361 ; 6.622 ;
; iB[1]      ; o7segU[2]    ; 5.917 ; 6.272 ; 6.382 ; 6.737 ;
; iB[1]      ; o7segU[3]    ; 5.975 ; 6.305 ; 6.440 ; 6.770 ;
; iB[1]      ; o7segU[4]    ; 5.846 ; 6.071 ; 6.311 ; 6.536 ;
; iB[1]      ; o7segU[5]    ; 5.967 ; 6.225 ; 6.432 ; 6.690 ;
; iB[1]      ; o7segU[6]    ; 6.076 ; 5.845 ; 6.541 ; 6.310 ;
; iB[1]      ; oLED_Carry   ; 5.946 ; 6.580 ; 6.411 ; 7.045 ;
; iB[1]      ; oLEDs_Res[0] ; 5.494 ; 6.150 ; 5.969 ; 6.625 ;
; iB[1]      ; oLEDs_Res[1] ; 5.951 ; 6.639 ; 6.413 ; 7.104 ;
; iB[1]      ; oLEDs_Res[2] ; 5.872 ; 6.558 ; 6.337 ; 7.023 ;
; iB[1]      ; oLEDs_Res[3] ; 6.952 ; 8.196 ; 7.417 ; 8.661 ;
; iB[1]      ; oLEDs_Res[4] ; 6.194 ; 7.098 ; 6.659 ; 7.563 ;
; iB[2]      ; o7segD[0]    ; 5.243 ; 5.490 ; 5.707 ; 5.954 ;
; iB[2]      ; o7segD[2]    ; 5.146 ; 5.490 ; 5.610 ; 5.954 ;
; iB[2]      ; o7segD[3]    ; 5.238 ; 5.485 ; 5.702 ; 5.949 ;
; iB[2]      ; o7segD[4]    ; 5.105 ; 5.236 ; 5.569 ; 5.700 ;
; iB[2]      ; o7segD[5]    ; 5.092 ; 5.417 ; 5.556 ; 5.881 ;
; iB[2]      ; o7segD[6]    ; 5.687 ; 5.317 ; 6.151 ; 5.781 ;
; iB[2]      ; o7segU[0]    ; 5.860 ; 6.223 ; 6.324 ; 6.687 ;
; iB[2]      ; o7segU[1]    ; 5.797 ; 6.058 ; 6.261 ; 6.522 ;
; iB[2]      ; o7segU[2]    ; 5.818 ; 6.173 ; 6.282 ; 6.637 ;
; iB[2]      ; o7segU[3]    ; 5.876 ; 6.206 ; 6.340 ; 6.670 ;
; iB[2]      ; o7segU[4]    ; 5.747 ; 5.972 ; 6.211 ; 6.436 ;
; iB[2]      ; o7segU[5]    ; 5.868 ; 6.126 ; 6.332 ; 6.590 ;
; iB[2]      ; o7segU[6]    ; 5.977 ; 5.746 ; 6.441 ; 6.210 ;
; iB[2]      ; oLED_Carry   ; 5.847 ; 6.481 ; 6.311 ; 6.945 ;
; iB[2]      ; oLEDs_Res[0] ; 5.444 ; 6.123 ; 5.890 ; 6.590 ;
; iB[2]      ; oLEDs_Res[2] ; 5.574 ; 6.297 ; 6.034 ; 6.748 ;
; iB[2]      ; oLEDs_Res[3] ; 6.853 ; 8.097 ; 7.317 ; 8.561 ;
; iB[2]      ; oLEDs_Res[4] ; 6.095 ; 6.999 ; 6.559 ; 7.463 ;
; iB[3]      ; o7segD[0]    ; 5.374 ; 5.621 ; 5.871 ; 6.118 ;
; iB[3]      ; o7segD[2]    ; 5.277 ; 5.621 ; 5.774 ; 6.118 ;
; iB[3]      ; o7segD[3]    ; 5.369 ; 5.616 ; 5.866 ; 6.113 ;
; iB[3]      ; o7segD[4]    ; 5.236 ; 5.367 ; 5.733 ; 5.864 ;
; iB[3]      ; o7segD[5]    ; 5.223 ; 5.548 ; 5.720 ; 6.045 ;
; iB[3]      ; o7segD[6]    ; 5.818 ; 5.448 ; 6.315 ; 5.945 ;
; iB[3]      ; o7segU[0]    ; 5.991 ; 6.354 ; 6.488 ; 6.851 ;
; iB[3]      ; o7segU[1]    ; 5.928 ; 6.189 ; 6.425 ; 6.686 ;
; iB[3]      ; o7segU[2]    ; 5.949 ; 6.304 ; 6.446 ; 6.801 ;
; iB[3]      ; o7segU[3]    ; 6.007 ; 6.337 ; 6.504 ; 6.834 ;
; iB[3]      ; o7segU[4]    ; 5.878 ; 6.103 ; 6.375 ; 6.600 ;
; iB[3]      ; o7segU[5]    ; 5.999 ; 6.257 ; 6.496 ; 6.754 ;
; iB[3]      ; o7segU[6]    ; 6.108 ; 5.877 ; 6.605 ; 6.374 ;
; iB[3]      ; oLED_Carry   ; 5.978 ; 6.612 ; 6.475 ; 7.109 ;
; iB[3]      ; oLEDs_Res[0] ; 5.886 ; 6.552 ; 6.388 ; 7.053 ;
; iB[3]      ; oLEDs_Res[3] ; 6.895 ; 8.136 ; 7.393 ; 8.633 ;
; iB[3]      ; oLEDs_Res[4] ; 6.226 ; 7.130 ; 6.723 ; 7.627 ;
; iB[4]      ; o7segD[0]    ; 5.203 ; 5.450 ; 5.694 ; 5.941 ;
; iB[4]      ; o7segD[2]    ; 5.103 ; 5.450 ; 5.592 ; 5.941 ;
; iB[4]      ; o7segD[3]    ; 5.198 ; 5.445 ; 5.689 ; 5.936 ;
; iB[4]      ; o7segD[4]    ; 5.065 ; 5.196 ; 5.556 ; 5.687 ;
; iB[4]      ; o7segD[5]    ; 5.049 ; 5.377 ; 5.538 ; 5.868 ;
; iB[4]      ; o7segD[6]    ; 5.647 ; 5.274 ; 6.138 ; 5.763 ;
; iB[4]      ; o7segU[0]    ; 5.820 ; 6.183 ; 6.311 ; 6.674 ;
; iB[4]      ; o7segU[1]    ; 5.757 ; 6.018 ; 6.248 ; 6.509 ;
; iB[4]      ; o7segU[2]    ; 5.778 ; 6.133 ; 6.269 ; 6.624 ;
; iB[4]      ; o7segU[3]    ; 5.836 ; 6.166 ; 6.327 ; 6.657 ;
; iB[4]      ; o7segU[4]    ; 5.707 ; 5.932 ; 6.198 ; 6.423 ;
; iB[4]      ; o7segU[5]    ; 5.828 ; 6.086 ; 6.319 ; 6.577 ;
; iB[4]      ; o7segU[6]    ; 5.937 ; 5.706 ; 6.428 ; 6.197 ;
; iB[4]      ; oLED_Carry   ; 5.929 ; 6.563 ; 6.418 ; 7.052 ;
; iB[4]      ; oLEDs_Res[0] ; 5.792 ; 6.474 ; 6.275 ; 6.978 ;
; iB[4]      ; oLEDs_Res[4] ; 6.052 ; 6.959 ; 6.541 ; 7.450 ;
; iKeys[0]   ; o7segD[0]    ; 5.697 ; 5.944 ; 6.428 ; 6.675 ;
; iKeys[0]   ; o7segD[2]    ; 5.642 ; 5.944 ; 6.437 ; 6.675 ;
; iKeys[0]   ; o7segD[3]    ; 5.692 ; 5.939 ; 6.423 ; 6.670 ;
; iKeys[0]   ; o7segD[4]    ; 5.559 ; 5.690 ; 6.290 ; 6.421 ;
; iKeys[0]   ; o7segD[5]    ; 5.534 ; 5.871 ; 6.270 ; 6.602 ;
; iKeys[0]   ; o7segD[6]    ; 6.141 ; 5.759 ; 6.872 ; 6.495 ;
; iKeys[0]   ; o7segU[0]    ; 6.314 ; 6.677 ; 7.045 ; 7.409 ;
; iKeys[0]   ; o7segU[1]    ; 6.251 ; 6.512 ; 6.982 ; 7.243 ;
; iKeys[0]   ; o7segU[2]    ; 6.272 ; 6.627 ; 7.003 ; 7.358 ;
; iKeys[0]   ; o7segU[3]    ; 6.330 ; 6.660 ; 7.061 ; 7.391 ;
; iKeys[0]   ; o7segU[4]    ; 6.201 ; 6.426 ; 6.932 ; 7.157 ;
; iKeys[0]   ; o7segU[5]    ; 6.322 ; 6.580 ; 7.053 ; 7.311 ;
; iKeys[0]   ; o7segU[6]    ; 6.431 ; 6.200 ; 7.162 ; 6.931 ;
; iKeys[0]   ; oLED_Carry   ; 5.955 ; 6.684 ; 6.764 ; 7.338 ;
; iKeys[0]   ; oLEDs_Res[0] ; 6.511 ; 7.237 ; 7.300 ; 8.047 ;
; iKeys[0]   ; oLEDs_Res[1] ; 6.376 ; 7.070 ; 7.173 ; 7.865 ;
; iKeys[0]   ; oLEDs_Res[2] ; 6.290 ; 7.033 ; 7.081 ; 7.823 ;
; iKeys[0]   ; oLEDs_Res[3] ; 7.187 ; 8.374 ; 8.018 ; 9.207 ;
; iKeys[0]   ; oLEDs_Res[4] ; 6.537 ; 7.453 ; 7.273 ; 8.184 ;
; iKeys[1]   ; o7segD[0]    ; 5.790 ; 6.037 ; 6.574 ; 6.794 ;
; iKeys[1]   ; o7segD[2]    ; 5.786 ; 6.037 ; 6.606 ; 6.794 ;
; iKeys[1]   ; o7segD[3]    ; 5.785 ; 6.032 ; 6.569 ; 6.789 ;
; iKeys[1]   ; o7segD[4]    ; 5.652 ; 5.783 ; 6.409 ; 6.580 ;
; iKeys[1]   ; o7segD[5]    ; 5.633 ; 5.964 ; 6.439 ; 6.732 ;
; iKeys[1]   ; o7segD[6]    ; 6.234 ; 5.858 ; 7.002 ; 6.664 ;
; iKeys[1]   ; o7segU[0]    ; 6.407 ; 6.770 ; 7.202 ; 7.578 ;
; iKeys[1]   ; o7segU[1]    ; 6.344 ; 6.605 ; 7.101 ; 7.362 ;
; iKeys[1]   ; o7segU[2]    ; 6.365 ; 6.720 ; 7.122 ; 7.477 ;
; iKeys[1]   ; o7segU[3]    ; 6.423 ; 6.753 ; 7.180 ; 7.510 ;
; iKeys[1]   ; o7segU[4]    ; 6.294 ; 6.519 ; 7.059 ; 7.292 ;
; iKeys[1]   ; o7segU[5]    ; 6.415 ; 6.673 ; 7.172 ; 7.430 ;
; iKeys[1]   ; o7segU[6]    ; 6.524 ; 6.293 ; 7.325 ; 7.100 ;
; iKeys[1]   ; oLED_Carry   ; 6.176 ; 6.825 ; 6.930 ; 7.581 ;
; iKeys[1]   ; oLEDs_Res[0] ; 6.655 ; 7.381 ; 7.469 ; 8.216 ;
; iKeys[1]   ; oLEDs_Res[1] ; 6.520 ; 7.214 ; 7.342 ; 8.034 ;
; iKeys[1]   ; oLEDs_Res[2] ; 6.434 ; 7.177 ; 7.250 ; 7.992 ;
; iKeys[1]   ; oLEDs_Res[3] ; 7.430 ; 8.619 ; 8.184 ; 9.373 ;
; iKeys[1]   ; oLEDs_Res[4] ; 6.636 ; 7.546 ; 7.442 ; 8.303 ;
; iKeys[2]   ; o7segD[0]    ; 5.552 ; 5.777 ; 6.168 ; 6.388 ;
; iKeys[2]   ; o7segD[2]    ; 5.584 ; 5.777 ; 6.200 ; 6.388 ;
; iKeys[2]   ; o7segD[3]    ; 5.547 ; 5.772 ; 6.163 ; 6.383 ;
; iKeys[2]   ; o7segD[4]    ; 5.392 ; 5.558 ; 6.003 ; 6.174 ;
; iKeys[2]   ; o7segD[5]    ; 5.417 ; 5.710 ; 6.033 ; 6.326 ;
; iKeys[2]   ; o7segD[6]    ; 5.980 ; 5.642 ; 6.596 ; 6.258 ;
; iKeys[2]   ; o7segU[0]    ; 6.180 ; 6.556 ; 6.796 ; 7.172 ;
; iKeys[2]   ; o7segU[1]    ; 6.084 ; 6.345 ; 6.695 ; 6.956 ;
; iKeys[2]   ; o7segU[2]    ; 6.105 ; 6.460 ; 6.716 ; 7.071 ;
; iKeys[2]   ; o7segU[3]    ; 6.163 ; 6.493 ; 6.774 ; 7.104 ;
; iKeys[2]   ; o7segU[4]    ; 6.037 ; 6.270 ; 6.653 ; 6.886 ;
; iKeys[2]   ; o7segU[5]    ; 6.155 ; 6.413 ; 6.766 ; 7.024 ;
; iKeys[2]   ; o7segU[6]    ; 6.303 ; 6.078 ; 6.919 ; 6.694 ;
; iKeys[2]   ; oLED_Carry   ; 5.807 ; 6.577 ; 6.526 ; 7.040 ;
; iKeys[2]   ; oLEDs_Res[0] ; 6.447 ; 7.194 ; 7.063 ; 7.810 ;
; iKeys[2]   ; oLEDs_Res[1] ; 6.320 ; 7.012 ; 6.936 ; 7.628 ;
; iKeys[2]   ; oLEDs_Res[2] ; 6.228 ; 6.970 ; 6.844 ; 7.586 ;
; iKeys[2]   ; oLEDs_Res[3] ; 7.080 ; 8.267 ; 7.780 ; 8.969 ;
; iKeys[2]   ; oLEDs_Res[4] ; 6.420 ; 7.286 ; 7.036 ; 7.897 ;
; iKeys[3]   ; o7segD[0]    ; 5.455 ; 5.675 ; 6.077 ; 6.297 ;
; iKeys[3]   ; o7segD[2]    ; 5.487 ; 5.675 ; 6.109 ; 6.297 ;
; iKeys[3]   ; o7segD[3]    ; 5.450 ; 5.670 ; 6.072 ; 6.292 ;
; iKeys[3]   ; o7segD[4]    ; 5.290 ; 5.461 ; 5.912 ; 6.083 ;
; iKeys[3]   ; o7segD[5]    ; 5.320 ; 5.613 ; 5.942 ; 6.235 ;
; iKeys[3]   ; o7segD[6]    ; 5.883 ; 5.545 ; 6.505 ; 6.167 ;
; iKeys[3]   ; o7segU[0]    ; 6.083 ; 6.459 ; 6.705 ; 7.081 ;
; iKeys[3]   ; o7segU[1]    ; 5.982 ; 6.243 ; 6.604 ; 6.865 ;
; iKeys[3]   ; o7segU[2]    ; 6.003 ; 6.358 ; 6.625 ; 6.980 ;
; iKeys[3]   ; o7segU[3]    ; 6.061 ; 6.391 ; 6.683 ; 7.013 ;
; iKeys[3]   ; o7segU[4]    ; 5.940 ; 6.173 ; 6.562 ; 6.795 ;
; iKeys[3]   ; o7segU[5]    ; 6.053 ; 6.311 ; 6.675 ; 6.933 ;
; iKeys[3]   ; o7segU[6]    ; 6.206 ; 5.981 ; 6.828 ; 6.603 ;
; iKeys[3]   ; oLED_Carry   ; 5.814 ; 6.469 ; 6.436 ; 7.092 ;
; iKeys[3]   ; oLEDs_Res[0] ; 6.350 ; 7.097 ; 6.972 ; 7.719 ;
; iKeys[3]   ; oLEDs_Res[1] ; 6.223 ; 6.915 ; 6.845 ; 7.537 ;
; iKeys[3]   ; oLEDs_Res[2] ; 6.131 ; 6.873 ; 6.753 ; 7.495 ;
; iKeys[3]   ; oLEDs_Res[3] ; 7.068 ; 8.257 ; 7.690 ; 8.879 ;
; iKeys[3]   ; oLEDs_Res[4] ; 6.323 ; 7.184 ; 6.945 ; 7.806 ;
+------------+--------------+-------+-------+-------+-------+


+-----------------------------------------------------------+
; Minimum Propagation Delay                                 ;
+------------+--------------+-------+-------+-------+-------+
; Input Port ; Output Port  ; RR    ; RF    ; FR    ; FF    ;
+------------+--------------+-------+-------+-------+-------+
; iA[0]      ; o7segD[0]    ; 4.549 ; 4.756 ; 4.995 ; 5.183 ;
; iA[0]      ; o7segD[2]    ; 4.597 ; 4.753 ; 5.026 ; 5.180 ;
; iA[0]      ; o7segD[3]    ; 4.544 ; 4.751 ; 4.990 ; 5.178 ;
; iA[0]      ; o7segD[4]    ; 4.416 ; 4.545 ; 4.847 ; 4.972 ;
; iA[0]      ; o7segD[5]    ; 4.537 ; 4.777 ; 4.983 ; 5.204 ;
; iA[0]      ; o7segD[6]    ; 5.017 ; 4.765 ; 5.444 ; 5.198 ;
; iA[0]      ; o7segU[0]    ; 4.577 ; 4.837 ; 5.012 ; 5.272 ;
; iA[0]      ; o7segU[1]    ; 4.483 ; 4.664 ; 4.918 ; 5.099 ;
; iA[0]      ; o7segU[2]    ; 4.606 ; 4.805 ; 5.039 ; 5.240 ;
; iA[0]      ; o7segU[3]    ; 4.526 ; 4.764 ; 4.961 ; 5.199 ;
; iA[0]      ; o7segU[4]    ; 4.488 ; 4.729 ; 4.923 ; 5.162 ;
; iA[0]      ; o7segU[5]    ; 4.556 ; 4.803 ; 4.991 ; 5.236 ;
; iA[0]      ; o7segU[6]    ; 4.668 ; 4.534 ; 5.103 ; 4.967 ;
; iA[0]      ; oLED_Carry   ; 5.417 ; 5.960 ; 5.840 ; 6.383 ;
; iA[0]      ; oLEDs_Res[0] ; 5.098 ; 5.692 ; 5.533 ; 6.125 ;
; iA[0]      ; oLEDs_Res[1] ; 5.396 ; 5.974 ; 5.842 ; 6.410 ;
; iA[0]      ; oLEDs_Res[2] ; 5.337 ; 5.917 ; 5.770 ; 6.349 ;
; iA[0]      ; oLEDs_Res[3] ; 6.238 ; 7.145 ; 6.665 ; 7.572 ;
; iA[0]      ; oLEDs_Res[4] ; 5.593 ; 6.309 ; 6.031 ; 6.747 ;
; iA[1]      ; o7segD[0]    ; 3.998 ; 4.334 ; 4.457 ; 4.769 ;
; iA[1]      ; o7segD[2]    ; 4.157 ; 4.226 ; 4.592 ; 4.685 ;
; iA[1]      ; o7segD[3]    ; 3.993 ; 4.329 ; 4.452 ; 4.764 ;
; iA[1]      ; o7segD[4]    ; 3.894 ; 4.134 ; 4.353 ; 4.569 ;
; iA[1]      ; o7segD[5]    ; 3.986 ; 4.270 ; 4.445 ; 4.705 ;
; iA[1]      ; o7segD[6]    ; 4.855 ; 4.609 ; 5.348 ; 5.093 ;
; iA[1]      ; o7segU[0]    ; 4.429 ; 4.728 ; 4.888 ; 5.187 ;
; iA[1]      ; o7segU[1]    ; 4.386 ; 4.595 ; 4.845 ; 5.054 ;
; iA[1]      ; o7segU[2]    ; 4.447 ; 4.692 ; 4.906 ; 5.151 ;
; iA[1]      ; o7segU[3]    ; 4.425 ; 4.668 ; 4.884 ; 5.127 ;
; iA[1]      ; o7segU[4]    ; 4.363 ; 4.578 ; 4.822 ; 5.037 ;
; iA[1]      ; o7segU[5]    ; 4.442 ; 4.651 ; 4.901 ; 5.110 ;
; iA[1]      ; o7segU[6]    ; 4.510 ; 4.294 ; 4.969 ; 4.753 ;
; iA[1]      ; oLED_Carry   ; 5.251 ; 5.794 ; 5.744 ; 6.287 ;
; iA[1]      ; oLEDs_Res[0] ; 5.121 ; 5.702 ; 5.580 ; 6.157 ;
; iA[1]      ; oLEDs_Res[1] ; 4.845 ; 5.451 ; 5.304 ; 5.886 ;
; iA[1]      ; oLEDs_Res[2] ; 5.181 ; 5.760 ; 5.665 ; 6.253 ;
; iA[1]      ; oLEDs_Res[3] ; 6.076 ; 6.983 ; 6.569 ; 7.476 ;
; iA[1]      ; oLEDs_Res[4] ; 5.442 ; 6.158 ; 5.930 ; 6.646 ;
; iA[2]      ; o7segD[0]    ; 4.243 ; 4.432 ; 4.689 ; 4.878 ;
; iA[2]      ; o7segD[2]    ; 4.263 ; 4.429 ; 4.709 ; 4.875 ;
; iA[2]      ; o7segD[3]    ; 4.238 ; 4.427 ; 4.684 ; 4.873 ;
; iA[2]      ; o7segD[4]    ; 4.082 ; 4.216 ; 4.528 ; 4.662 ;
; iA[2]      ; o7segD[5]    ; 4.232 ; 4.457 ; 4.678 ; 4.902 ;
; iA[2]      ; o7segD[6]    ; 4.689 ; 4.431 ; 5.134 ; 4.877 ;
; iA[2]      ; o7segU[0]    ; 4.541 ; 4.801 ; 5.009 ; 5.269 ;
; iA[2]      ; o7segU[1]    ; 4.447 ; 4.628 ; 4.915 ; 5.096 ;
; iA[2]      ; o7segU[2]    ; 4.595 ; 4.769 ; 5.022 ; 5.237 ;
; iA[2]      ; o7segU[3]    ; 4.490 ; 4.728 ; 4.958 ; 5.196 ;
; iA[2]      ; o7segU[4]    ; 4.452 ; 4.718 ; 4.920 ; 5.145 ;
; iA[2]      ; o7segU[5]    ; 4.520 ; 4.792 ; 4.988 ; 5.219 ;
; iA[2]      ; o7segU[6]    ; 4.632 ; 4.508 ; 5.100 ; 4.950 ;
; iA[2]      ; oLED_Carry   ; 5.341 ; 5.884 ; 5.805 ; 6.348 ;
; iA[2]      ; oLEDs_Res[0] ; 5.062 ; 5.681 ; 5.530 ; 6.108 ;
; iA[2]      ; oLEDs_Res[2] ; 5.003 ; 5.584 ; 5.449 ; 6.029 ;
; iA[2]      ; oLEDs_Res[3] ; 6.139 ; 7.043 ; 6.598 ; 7.494 ;
; iA[2]      ; oLEDs_Res[4] ; 5.532 ; 6.248 ; 5.984 ; 6.700 ;
; iA[3]      ; o7segD[0]    ; 3.776 ; 3.956 ; 4.224 ; 4.404 ;
; iA[3]      ; o7segD[2]    ; 3.799 ; 3.953 ; 4.247 ; 4.401 ;
; iA[3]      ; o7segD[3]    ; 3.771 ; 3.951 ; 4.219 ; 4.399 ;
; iA[3]      ; o7segD[4]    ; 3.620 ; 3.745 ; 4.068 ; 4.193 ;
; iA[3]      ; o7segD[5]    ; 3.778 ; 3.960 ; 4.226 ; 4.384 ;
; iA[3]      ; o7segD[6]    ; 4.200 ; 3.979 ; 4.624 ; 4.427 ;
; iA[3]      ; o7segU[0]    ; 4.199 ; 4.486 ; 4.647 ; 4.934 ;
; iA[3]      ; o7segU[1]    ; 4.129 ; 4.347 ; 4.577 ; 4.795 ;
; iA[3]      ; o7segU[2]    ; 4.195 ; 4.462 ; 4.643 ; 4.910 ;
; iA[3]      ; o7segU[3]    ; 4.168 ; 4.443 ; 4.616 ; 4.891 ;
; iA[3]      ; o7segU[4]    ; 4.121 ; 4.316 ; 4.569 ; 4.764 ;
; iA[3]      ; o7segU[5]    ; 4.185 ; 4.413 ; 4.633 ; 4.861 ;
; iA[3]      ; o7segU[6]    ; 4.303 ; 4.108 ; 4.751 ; 4.556 ;
; iA[3]      ; oLED_Carry   ; 5.296 ; 5.839 ; 5.755 ; 6.298 ;
; iA[3]      ; oLEDs_Res[0] ; 5.142 ; 5.722 ; 5.610 ; 6.188 ;
; iA[3]      ; oLEDs_Res[3] ; 5.438 ; 6.328 ; 5.886 ; 6.752 ;
; iA[3]      ; oLEDs_Res[4] ; 5.476 ; 6.180 ; 5.926 ; 6.647 ;
; iA[4]      ; o7segD[0]    ; 4.050 ; 4.220 ; 4.473 ; 4.643 ;
; iA[4]      ; o7segD[2]    ; 4.090 ; 4.348 ; 4.513 ; 4.770 ;
; iA[4]      ; o7segD[3]    ; 4.045 ; 4.215 ; 4.468 ; 4.638 ;
; iA[4]      ; o7segD[4]    ; 3.909 ; 4.043 ; 4.332 ; 4.466 ;
; iA[4]      ; o7segD[5]    ; 4.040 ; 4.280 ; 4.463 ; 4.702 ;
; iA[4]      ; o7segD[6]    ; 4.512 ; 4.239 ; 4.934 ; 4.662 ;
; iA[4]      ; o7segU[0]    ; 4.498 ; 4.791 ; 4.921 ; 5.214 ;
; iA[4]      ; o7segU[1]    ; 4.393 ; 4.612 ; 4.816 ; 5.035 ;
; iA[4]      ; o7segU[2]    ; 4.459 ; 4.749 ; 4.882 ; 5.172 ;
; iA[4]      ; o7segU[3]    ; 4.432 ; 4.708 ; 4.855 ; 5.131 ;
; iA[4]      ; o7segU[4]    ; 4.385 ; 4.603 ; 4.808 ; 5.026 ;
; iA[4]      ; o7segU[5]    ; 4.449 ; 4.686 ; 4.872 ; 5.109 ;
; iA[4]      ; o7segU[6]    ; 4.557 ; 4.352 ; 4.980 ; 4.775 ;
; iA[4]      ; oLED_Carry   ; 5.230 ; 5.770 ; 5.651 ; 6.183 ;
; iA[4]      ; oLEDs_Res[0] ; 5.196 ; 5.823 ; 5.637 ; 6.232 ;
; iA[4]      ; oLEDs_Res[4] ; 4.969 ; 5.676 ; 5.392 ; 6.098 ;
; iB[0]      ; o7segD[0]    ; 4.519 ; 4.707 ; 4.940 ; 5.147 ;
; iB[0]      ; o7segD[2]    ; 4.550 ; 4.704 ; 4.988 ; 5.144 ;
; iB[0]      ; o7segD[3]    ; 4.514 ; 4.702 ; 4.935 ; 5.142 ;
; iB[0]      ; o7segD[4]    ; 4.371 ; 4.496 ; 4.807 ; 4.936 ;
; iB[0]      ; o7segD[5]    ; 4.507 ; 4.728 ; 4.928 ; 5.168 ;
; iB[0]      ; o7segD[6]    ; 4.968 ; 4.722 ; 5.408 ; 5.156 ;
; iB[0]      ; o7segU[0]    ; 4.465 ; 4.725 ; 4.923 ; 5.183 ;
; iB[0]      ; o7segU[1]    ; 4.371 ; 4.552 ; 4.829 ; 5.010 ;
; iB[0]      ; o7segU[2]    ; 4.516 ; 4.693 ; 4.942 ; 5.151 ;
; iB[0]      ; o7segU[3]    ; 4.414 ; 4.652 ; 4.872 ; 5.110 ;
; iB[0]      ; o7segU[4]    ; 4.376 ; 4.639 ; 4.834 ; 5.065 ;
; iB[0]      ; o7segU[5]    ; 4.444 ; 4.713 ; 4.902 ; 5.139 ;
; iB[0]      ; o7segU[6]    ; 4.556 ; 4.444 ; 5.014 ; 4.870 ;
; iB[0]      ; oLED_Carry   ; 5.364 ; 5.907 ; 5.808 ; 6.351 ;
; iB[0]      ; oLEDs_Res[0] ; 4.986 ; 5.602 ; 5.444 ; 6.028 ;
; iB[0]      ; oLEDs_Res[1] ; 5.366 ; 5.934 ; 5.787 ; 6.365 ;
; iB[0]      ; oLEDs_Res[2] ; 5.294 ; 5.873 ; 5.728 ; 6.308 ;
; iB[0]      ; oLEDs_Res[3] ; 6.189 ; 7.096 ; 6.629 ; 7.536 ;
; iB[0]      ; oLEDs_Res[4] ; 5.555 ; 6.271 ; 5.984 ; 6.700 ;
; iB[1]      ; o7segD[0]    ; 4.066 ; 4.384 ; 4.526 ; 4.819 ;
; iB[1]      ; o7segD[2]    ; 4.207 ; 4.294 ; 4.642 ; 4.754 ;
; iB[1]      ; o7segD[3]    ; 4.061 ; 4.379 ; 4.521 ; 4.814 ;
; iB[1]      ; o7segD[4]    ; 3.962 ; 4.184 ; 4.422 ; 4.619 ;
; iB[1]      ; o7segD[5]    ; 4.054 ; 4.320 ; 4.514 ; 4.755 ;
; iB[1]      ; o7segD[6]    ; 4.957 ; 4.691 ; 5.379 ; 5.135 ;
; iB[1]      ; o7segU[0]    ; 4.497 ; 4.779 ; 4.957 ; 5.227 ;
; iB[1]      ; o7segU[1]    ; 4.425 ; 4.606 ; 4.873 ; 5.054 ;
; iB[1]      ; o7segU[2]    ; 4.515 ; 4.747 ; 4.970 ; 5.195 ;
; iB[1]      ; o7segU[3]    ; 4.468 ; 4.706 ; 4.916 ; 5.154 ;
; iB[1]      ; o7segU[4]    ; 4.430 ; 4.646 ; 4.878 ; 5.093 ;
; iB[1]      ; o7segU[5]    ; 4.498 ; 4.719 ; 4.946 ; 5.167 ;
; iB[1]      ; o7segU[6]    ; 4.578 ; 4.362 ; 5.038 ; 4.822 ;
; iB[1]      ; oLED_Carry   ; 5.353 ; 5.896 ; 5.792 ; 6.335 ;
; iB[1]      ; oLEDs_Res[0] ; 5.040 ; 5.609 ; 5.488 ; 6.056 ;
; iB[1]      ; oLEDs_Res[1] ; 4.913 ; 5.501 ; 5.373 ; 5.936 ;
; iB[1]      ; oLEDs_Res[2] ; 5.263 ; 5.858 ; 5.707 ; 6.274 ;
; iB[1]      ; oLEDs_Res[3] ; 6.178 ; 7.085 ; 6.617 ; 7.524 ;
; iB[1]      ; oLEDs_Res[4] ; 5.537 ; 6.253 ; 5.972 ; 6.688 ;
; iB[2]      ; o7segD[0]    ; 4.097 ; 4.286 ; 4.545 ; 4.734 ;
; iB[2]      ; o7segD[2]    ; 4.117 ; 4.283 ; 4.565 ; 4.731 ;
; iB[2]      ; o7segD[3]    ; 4.092 ; 4.281 ; 4.540 ; 4.729 ;
; iB[2]      ; o7segD[4]    ; 3.936 ; 4.070 ; 4.384 ; 4.518 ;
; iB[2]      ; o7segD[5]    ; 4.086 ; 4.317 ; 4.534 ; 4.744 ;
; iB[2]      ; o7segD[6]    ; 4.549 ; 4.285 ; 4.976 ; 4.733 ;
; iB[2]      ; o7segU[0]    ; 4.490 ; 4.750 ; 4.920 ; 5.180 ;
; iB[2]      ; o7segU[1]    ; 4.396 ; 4.577 ; 4.826 ; 5.007 ;
; iB[2]      ; o7segU[2]    ; 4.493 ; 4.718 ; 4.933 ; 5.148 ;
; iB[2]      ; o7segU[3]    ; 4.439 ; 4.677 ; 4.869 ; 5.107 ;
; iB[2]      ; o7segU[4]    ; 4.401 ; 4.616 ; 4.831 ; 5.056 ;
; iB[2]      ; o7segU[5]    ; 4.469 ; 4.690 ; 4.899 ; 5.130 ;
; iB[2]      ; o7segU[6]    ; 4.572 ; 4.362 ; 5.011 ; 4.810 ;
; iB[2]      ; oLED_Carry   ; 5.273 ; 5.816 ; 5.702 ; 6.245 ;
; iB[2]      ; oLEDs_Res[0] ; 5.011 ; 5.579 ; 5.441 ; 6.019 ;
; iB[2]      ; oLEDs_Res[2] ; 4.857 ; 5.444 ; 5.305 ; 5.871 ;
; iB[2]      ; oLEDs_Res[3] ; 6.083 ; 6.979 ; 6.508 ; 7.412 ;
; iB[2]      ; oLEDs_Res[4] ; 5.460 ; 6.176 ; 5.893 ; 6.609 ;
; iB[3]      ; o7segD[0]    ; 3.905 ; 4.085 ; 4.371 ; 4.551 ;
; iB[3]      ; o7segD[2]    ; 3.928 ; 4.082 ; 4.394 ; 4.548 ;
; iB[3]      ; o7segD[3]    ; 3.900 ; 4.080 ; 4.366 ; 4.546 ;
; iB[3]      ; o7segD[4]    ; 3.749 ; 3.874 ; 4.215 ; 4.340 ;
; iB[3]      ; o7segD[5]    ; 3.907 ; 4.071 ; 4.373 ; 4.516 ;
; iB[3]      ; o7segD[6]    ; 4.311 ; 4.108 ; 4.756 ; 4.574 ;
; iB[3]      ; o7segU[0]    ; 4.328 ; 4.615 ; 4.794 ; 5.081 ;
; iB[3]      ; o7segU[1]    ; 4.258 ; 4.476 ; 4.724 ; 4.942 ;
; iB[3]      ; o7segU[2]    ; 4.324 ; 4.591 ; 4.790 ; 5.057 ;
; iB[3]      ; o7segU[3]    ; 4.297 ; 4.572 ; 4.763 ; 5.038 ;
; iB[3]      ; o7segU[4]    ; 4.250 ; 4.445 ; 4.716 ; 4.911 ;
; iB[3]      ; o7segU[5]    ; 4.314 ; 4.542 ; 4.780 ; 5.008 ;
; iB[3]      ; o7segU[6]    ; 4.432 ; 4.237 ; 4.898 ; 4.703 ;
; iB[3]      ; oLED_Carry   ; 5.387 ; 5.930 ; 5.851 ; 6.394 ;
; iB[3]      ; oLEDs_Res[0] ; 5.380 ; 5.969 ; 5.849 ; 6.436 ;
; iB[3]      ; oLEDs_Res[3] ; 5.567 ; 6.439 ; 6.033 ; 6.884 ;
; iB[3]      ; oLEDs_Res[4] ; 5.558 ; 6.283 ; 6.029 ; 6.733 ;
; iB[4]      ; o7segD[0]    ; 4.245 ; 4.415 ; 4.710 ; 4.880 ;
; iB[4]      ; o7segD[2]    ; 4.285 ; 4.555 ; 4.750 ; 5.017 ;
; iB[4]      ; o7segD[3]    ; 4.240 ; 4.410 ; 4.705 ; 4.875 ;
; iB[4]      ; o7segD[4]    ; 4.104 ; 4.238 ; 4.569 ; 4.703 ;
; iB[4]      ; o7segD[5]    ; 4.235 ; 4.487 ; 4.700 ; 4.949 ;
; iB[4]      ; o7segD[6]    ; 4.719 ; 4.434 ; 5.181 ; 4.899 ;
; iB[4]      ; o7segU[0]    ; 4.693 ; 4.986 ; 5.158 ; 5.451 ;
; iB[4]      ; o7segU[1]    ; 4.588 ; 4.807 ; 5.053 ; 5.272 ;
; iB[4]      ; o7segU[2]    ; 4.654 ; 4.944 ; 5.119 ; 5.409 ;
; iB[4]      ; o7segU[3]    ; 4.627 ; 4.903 ; 5.092 ; 5.368 ;
; iB[4]      ; o7segU[4]    ; 4.580 ; 4.798 ; 5.045 ; 5.263 ;
; iB[4]      ; o7segU[5]    ; 4.644 ; 4.881 ; 5.109 ; 5.346 ;
; iB[4]      ; o7segU[6]    ; 4.752 ; 4.547 ; 5.217 ; 5.012 ;
; iB[4]      ; oLED_Carry   ; 5.333 ; 5.865 ; 5.802 ; 6.342 ;
; iB[4]      ; oLEDs_Res[0] ; 5.313 ; 5.884 ; 5.768 ; 6.358 ;
; iB[4]      ; oLEDs_Res[4] ; 5.164 ; 5.883 ; 5.629 ; 6.345 ;
; iKeys[0]   ; o7segD[0]    ; 4.632 ; 4.812 ; 5.226 ; 5.406 ;
; iKeys[0]   ; o7segD[2]    ; 4.655 ; 4.809 ; 5.249 ; 5.403 ;
; iKeys[0]   ; o7segD[3]    ; 4.627 ; 4.807 ; 5.221 ; 5.401 ;
; iKeys[0]   ; o7segD[4]    ; 4.476 ; 4.601 ; 5.070 ; 5.195 ;
; iKeys[0]   ; o7segD[5]    ; 4.634 ; 4.825 ; 5.228 ; 5.438 ;
; iKeys[0]   ; o7segD[6]    ; 5.065 ; 4.835 ; 5.678 ; 5.429 ;
; iKeys[0]   ; o7segU[0]    ; 5.020 ; 5.280 ; 5.614 ; 5.874 ;
; iKeys[0]   ; o7segU[1]    ; 4.926 ; 5.107 ; 5.520 ; 5.701 ;
; iKeys[0]   ; o7segU[2]    ; 5.015 ; 5.248 ; 5.609 ; 5.842 ;
; iKeys[0]   ; o7segU[3]    ; 4.969 ; 5.207 ; 5.563 ; 5.801 ;
; iKeys[0]   ; o7segU[4]    ; 4.931 ; 5.138 ; 5.525 ; 5.732 ;
; iKeys[0]   ; o7segU[5]    ; 4.999 ; 5.212 ; 5.593 ; 5.806 ;
; iKeys[0]   ; o7segU[6]    ; 5.097 ; 4.904 ; 5.691 ; 5.498 ;
; iKeys[0]   ; oLED_Carry   ; 5.452 ; 5.979 ; 6.046 ; 6.592 ;
; iKeys[0]   ; oLEDs_Res[0] ; 5.541 ; 6.101 ; 6.135 ; 6.695 ;
; iKeys[0]   ; oLEDs_Res[1] ; 5.626 ; 6.213 ; 6.220 ; 6.826 ;
; iKeys[0]   ; oLEDs_Res[2] ; 5.588 ; 6.175 ; 6.182 ; 6.788 ;
; iKeys[0]   ; oLEDs_Res[3] ; 6.294 ; 7.193 ; 6.888 ; 7.806 ;
; iKeys[0]   ; oLEDs_Res[4] ; 5.853 ; 6.577 ; 6.530 ; 7.232 ;
; iKeys[1]   ; o7segD[0]    ; 4.712 ; 4.892 ; 5.340 ; 5.520 ;
; iKeys[1]   ; o7segD[2]    ; 4.735 ; 4.889 ; 5.363 ; 5.517 ;
; iKeys[1]   ; o7segD[3]    ; 4.707 ; 4.887 ; 5.335 ; 5.515 ;
; iKeys[1]   ; o7segD[4]    ; 4.556 ; 4.681 ; 5.184 ; 5.309 ;
; iKeys[1]   ; o7segD[5]    ; 4.714 ; 4.924 ; 5.342 ; 5.550 ;
; iKeys[1]   ; o7segD[6]    ; 5.164 ; 4.915 ; 5.790 ; 5.543 ;
; iKeys[1]   ; o7segU[0]    ; 5.100 ; 5.360 ; 5.728 ; 5.988 ;
; iKeys[1]   ; o7segU[1]    ; 5.006 ; 5.187 ; 5.634 ; 5.815 ;
; iKeys[1]   ; o7segU[2]    ; 5.095 ; 5.328 ; 5.723 ; 5.956 ;
; iKeys[1]   ; o7segU[3]    ; 5.049 ; 5.287 ; 5.677 ; 5.915 ;
; iKeys[1]   ; o7segU[4]    ; 5.011 ; 5.218 ; 5.639 ; 5.846 ;
; iKeys[1]   ; o7segU[5]    ; 5.079 ; 5.292 ; 5.707 ; 5.920 ;
; iKeys[1]   ; o7segU[6]    ; 5.177 ; 4.984 ; 5.805 ; 5.612 ;
; iKeys[1]   ; oLED_Carry   ; 5.532 ; 6.078 ; 6.160 ; 6.704 ;
; iKeys[1]   ; oLEDs_Res[0] ; 5.621 ; 6.181 ; 6.249 ; 6.809 ;
; iKeys[1]   ; oLEDs_Res[1] ; 5.706 ; 6.312 ; 6.334 ; 6.938 ;
; iKeys[1]   ; oLEDs_Res[2] ; 5.668 ; 6.274 ; 6.296 ; 6.900 ;
; iKeys[1]   ; oLEDs_Res[3] ; 6.374 ; 7.292 ; 7.002 ; 7.918 ;
; iKeys[1]   ; oLEDs_Res[4] ; 5.986 ; 6.710 ; 6.614 ; 7.338 ;
; iKeys[2]   ; o7segD[0]    ; 4.509 ; 4.689 ; 5.043 ; 5.223 ;
; iKeys[2]   ; o7segD[2]    ; 4.532 ; 4.686 ; 5.066 ; 5.220 ;
; iKeys[2]   ; o7segD[3]    ; 4.504 ; 4.684 ; 5.038 ; 5.218 ;
; iKeys[2]   ; o7segD[4]    ; 4.353 ; 4.478 ; 4.887 ; 5.012 ;
; iKeys[2]   ; o7segD[5]    ; 4.511 ; 4.721 ; 5.045 ; 5.251 ;
; iKeys[2]   ; o7segD[6]    ; 4.961 ; 4.712 ; 5.491 ; 5.246 ;
; iKeys[2]   ; o7segU[0]    ; 4.897 ; 5.157 ; 5.431 ; 5.691 ;
; iKeys[2]   ; o7segU[1]    ; 4.803 ; 4.984 ; 5.337 ; 5.518 ;
; iKeys[2]   ; o7segU[2]    ; 4.892 ; 5.125 ; 5.426 ; 5.659 ;
; iKeys[2]   ; o7segU[3]    ; 4.846 ; 5.084 ; 5.380 ; 5.618 ;
; iKeys[2]   ; o7segU[4]    ; 4.808 ; 5.015 ; 5.342 ; 5.549 ;
; iKeys[2]   ; o7segU[5]    ; 4.876 ; 5.089 ; 5.410 ; 5.623 ;
; iKeys[2]   ; o7segU[6]    ; 4.974 ; 4.781 ; 5.508 ; 5.315 ;
; iKeys[2]   ; oLED_Carry   ; 5.329 ; 5.875 ; 5.863 ; 6.405 ;
; iKeys[2]   ; oLEDs_Res[0] ; 5.418 ; 5.978 ; 5.952 ; 6.512 ;
; iKeys[2]   ; oLEDs_Res[1] ; 5.503 ; 6.109 ; 6.037 ; 6.639 ;
; iKeys[2]   ; oLEDs_Res[2] ; 5.465 ; 6.071 ; 5.999 ; 6.601 ;
; iKeys[2]   ; oLEDs_Res[3] ; 6.171 ; 7.089 ; 6.705 ; 7.619 ;
; iKeys[2]   ; oLEDs_Res[4] ; 5.783 ; 6.507 ; 6.327 ; 7.069 ;
; iKeys[3]   ; o7segD[0]    ; 4.409 ; 4.589 ; 4.956 ; 5.136 ;
; iKeys[3]   ; o7segD[2]    ; 4.432 ; 4.586 ; 4.979 ; 5.133 ;
; iKeys[3]   ; o7segD[3]    ; 4.404 ; 4.584 ; 4.951 ; 5.131 ;
; iKeys[3]   ; o7segD[4]    ; 4.253 ; 4.378 ; 4.800 ; 4.925 ;
; iKeys[3]   ; o7segD[5]    ; 4.411 ; 4.611 ; 4.958 ; 5.156 ;
; iKeys[3]   ; o7segD[6]    ; 4.851 ; 4.612 ; 5.396 ; 5.159 ;
; iKeys[3]   ; o7segU[0]    ; 4.797 ; 5.057 ; 5.344 ; 5.604 ;
; iKeys[3]   ; o7segU[1]    ; 4.703 ; 4.884 ; 5.250 ; 5.431 ;
; iKeys[3]   ; o7segU[2]    ; 4.792 ; 5.025 ; 5.339 ; 5.572 ;
; iKeys[3]   ; o7segU[3]    ; 4.746 ; 4.984 ; 5.293 ; 5.531 ;
; iKeys[3]   ; o7segU[4]    ; 4.708 ; 4.915 ; 5.255 ; 5.462 ;
; iKeys[3]   ; o7segU[5]    ; 4.776 ; 4.989 ; 5.323 ; 5.536 ;
; iKeys[3]   ; o7segU[6]    ; 4.874 ; 4.681 ; 5.421 ; 5.228 ;
; iKeys[3]   ; oLED_Carry   ; 5.229 ; 5.765 ; 5.776 ; 6.310 ;
; iKeys[3]   ; oLEDs_Res[0] ; 5.318 ; 5.878 ; 5.865 ; 6.425 ;
; iKeys[3]   ; oLEDs_Res[1] ; 5.403 ; 5.999 ; 5.950 ; 6.544 ;
; iKeys[3]   ; oLEDs_Res[2] ; 5.365 ; 5.961 ; 5.912 ; 6.506 ;
; iKeys[3]   ; oLEDs_Res[3] ; 6.071 ; 6.979 ; 6.618 ; 7.524 ;
; iKeys[3]   ; oLEDs_Res[4] ; 5.679 ; 6.403 ; 6.223 ; 6.947 ;
+------------+--------------+-------+-------+-------+-------+


----------------------------------------------
; Fast 1100mV 85C Model Metastability Report ;
----------------------------------------------
No synchronizer chains to report.


--------------------------------------
; Fast 1100mV 0C Model Setup Summary ;
--------------------------------------
No paths to report.


-------------------------------------
; Fast 1100mV 0C Model Hold Summary ;
-------------------------------------
No paths to report.


-----------------------------------------
; Fast 1100mV 0C Model Recovery Summary ;
-----------------------------------------
No paths to report.


----------------------------------------
; Fast 1100mV 0C Model Removal Summary ;
----------------------------------------
No paths to report.


----------------------------------------------------
; Fast 1100mV 0C Model Minimum Pulse Width Summary ;
----------------------------------------------------
No paths to report.


+-----------------------------------------------------------+
; Propagation Delay                                         ;
+------------+--------------+-------+-------+-------+-------+
; Input Port ; Output Port  ; RR    ; RF    ; FR    ; FF    ;
+------------+--------------+-------+-------+-------+-------+
; iA[0]      ; o7segD[0]    ; 5.016 ; 5.203 ; 5.503 ; 5.690 ;
; iA[0]      ; o7segD[2]    ; 4.931 ; 5.198 ; 5.420 ; 5.685 ;
; iA[0]      ; o7segD[3]    ; 5.012 ; 5.198 ; 5.499 ; 5.685 ;
; iA[0]      ; o7segD[4]    ; 4.891 ; 4.973 ; 5.378 ; 5.460 ;
; iA[0]      ; o7segD[5]    ; 4.875 ; 5.127 ; 5.364 ; 5.614 ;
; iA[0]      ; o7segD[6]    ; 5.383 ; 5.087 ; 5.870 ; 5.576 ;
; iA[0]      ; o7segU[0]    ; 5.606 ; 5.887 ; 6.093 ; 6.374 ;
; iA[0]      ; o7segU[1]    ; 5.537 ; 5.738 ; 6.024 ; 6.225 ;
; iA[0]      ; o7segU[2]    ; 5.580 ; 5.851 ; 6.067 ; 6.338 ;
; iA[0]      ; o7segU[3]    ; 5.620 ; 5.879 ; 6.107 ; 6.366 ;
; iA[0]      ; o7segU[4]    ; 5.501 ; 5.660 ; 5.988 ; 6.147 ;
; iA[0]      ; o7segU[5]    ; 5.580 ; 5.787 ; 6.067 ; 6.274 ;
; iA[0]      ; o7segU[6]    ; 5.673 ; 5.512 ; 6.160 ; 5.999 ;
; iA[0]      ; oLED_Carry   ; 5.594 ; 6.121 ; 6.074 ; 6.601 ;
; iA[0]      ; oLEDs_Res[0] ; 5.375 ; 5.978 ; 5.844 ; 6.438 ;
; iA[0]      ; oLEDs_Res[1] ; 5.631 ; 6.183 ; 6.114 ; 6.676 ;
; iA[0]      ; oLEDs_Res[2] ; 5.475 ; 6.065 ; 5.962 ; 6.554 ;
; iA[0]      ; oLEDs_Res[3] ; 6.584 ; 7.650 ; 7.067 ; 8.133 ;
; iA[0]      ; oLEDs_Res[4] ; 5.836 ; 6.600 ; 6.325 ; 7.087 ;
; iA[1]      ; o7segD[0]    ; 4.960 ; 5.147 ; 5.443 ; 5.630 ;
; iA[1]      ; o7segD[2]    ; 4.875 ; 5.142 ; 5.358 ; 5.625 ;
; iA[1]      ; o7segD[3]    ; 4.956 ; 5.142 ; 5.439 ; 5.625 ;
; iA[1]      ; o7segD[4]    ; 4.835 ; 4.917 ; 5.318 ; 5.400 ;
; iA[1]      ; o7segD[5]    ; 4.819 ; 5.071 ; 5.302 ; 5.554 ;
; iA[1]      ; o7segD[6]    ; 5.327 ; 5.031 ; 5.810 ; 5.514 ;
; iA[1]      ; o7segU[0]    ; 5.550 ; 5.831 ; 6.033 ; 6.314 ;
; iA[1]      ; o7segU[1]    ; 5.481 ; 5.682 ; 5.964 ; 6.165 ;
; iA[1]      ; o7segU[2]    ; 5.524 ; 5.795 ; 6.007 ; 6.278 ;
; iA[1]      ; o7segU[3]    ; 5.564 ; 5.823 ; 6.047 ; 6.306 ;
; iA[1]      ; o7segU[4]    ; 5.445 ; 5.604 ; 5.928 ; 6.087 ;
; iA[1]      ; o7segU[5]    ; 5.524 ; 5.731 ; 6.007 ; 6.214 ;
; iA[1]      ; o7segU[6]    ; 5.617 ; 5.456 ; 6.100 ; 5.939 ;
; iA[1]      ; oLED_Carry   ; 5.538 ; 6.065 ; 6.021 ; 6.548 ;
; iA[1]      ; oLEDs_Res[0] ; 5.303 ; 5.851 ; 5.790 ; 6.340 ;
; iA[1]      ; oLEDs_Res[1] ; 5.533 ; 6.097 ; 6.023 ; 6.587 ;
; iA[1]      ; oLEDs_Res[2] ; 5.412 ; 6.002 ; 5.902 ; 6.492 ;
; iA[1]      ; oLEDs_Res[3] ; 6.528 ; 7.594 ; 7.011 ; 8.077 ;
; iA[1]      ; oLEDs_Res[4] ; 5.780 ; 6.544 ; 6.263 ; 7.027 ;
; iA[2]      ; o7segD[0]    ; 5.075 ; 5.262 ; 5.521 ; 5.708 ;
; iA[2]      ; o7segD[2]    ; 4.990 ; 5.257 ; 5.436 ; 5.703 ;
; iA[2]      ; o7segD[3]    ; 5.071 ; 5.257 ; 5.517 ; 5.703 ;
; iA[2]      ; o7segD[4]    ; 4.950 ; 5.032 ; 5.396 ; 5.478 ;
; iA[2]      ; o7segD[5]    ; 4.934 ; 5.186 ; 5.380 ; 5.632 ;
; iA[2]      ; o7segD[6]    ; 5.442 ; 5.146 ; 5.888 ; 5.592 ;
; iA[2]      ; o7segU[0]    ; 5.665 ; 5.946 ; 6.111 ; 6.392 ;
; iA[2]      ; o7segU[1]    ; 5.596 ; 5.797 ; 6.042 ; 6.243 ;
; iA[2]      ; o7segU[2]    ; 5.639 ; 5.910 ; 6.085 ; 6.356 ;
; iA[2]      ; o7segU[3]    ; 5.679 ; 5.938 ; 6.125 ; 6.384 ;
; iA[2]      ; o7segU[4]    ; 5.560 ; 5.719 ; 6.006 ; 6.165 ;
; iA[2]      ; o7segU[5]    ; 5.639 ; 5.846 ; 6.085 ; 6.292 ;
; iA[2]      ; o7segU[6]    ; 5.732 ; 5.571 ; 6.178 ; 6.017 ;
; iA[2]      ; oLED_Carry   ; 5.653 ; 6.180 ; 6.099 ; 6.626 ;
; iA[2]      ; oLEDs_Res[0] ; 5.217 ; 5.796 ; 5.708 ; 6.250 ;
; iA[2]      ; oLEDs_Res[2] ; 5.414 ; 5.969 ; 5.869 ; 6.458 ;
; iA[2]      ; oLEDs_Res[3] ; 6.643 ; 7.709 ; 7.089 ; 8.155 ;
; iA[2]      ; oLEDs_Res[4] ; 5.895 ; 6.659 ; 6.341 ; 7.105 ;
; iA[3]      ; o7segD[0]    ; 5.018 ; 5.205 ; 5.507 ; 5.694 ;
; iA[3]      ; o7segD[2]    ; 4.933 ; 5.200 ; 5.422 ; 5.689 ;
; iA[3]      ; o7segD[3]    ; 5.014 ; 5.200 ; 5.503 ; 5.689 ;
; iA[3]      ; o7segD[4]    ; 4.893 ; 4.975 ; 5.382 ; 5.464 ;
; iA[3]      ; o7segD[5]    ; 4.877 ; 5.129 ; 5.366 ; 5.618 ;
; iA[3]      ; o7segD[6]    ; 5.385 ; 5.089 ; 5.874 ; 5.578 ;
; iA[3]      ; o7segU[0]    ; 5.608 ; 5.889 ; 6.097 ; 6.378 ;
; iA[3]      ; o7segU[1]    ; 5.539 ; 5.740 ; 6.028 ; 6.229 ;
; iA[3]      ; o7segU[2]    ; 5.582 ; 5.853 ; 6.071 ; 6.342 ;
; iA[3]      ; o7segU[3]    ; 5.622 ; 5.881 ; 6.111 ; 6.370 ;
; iA[3]      ; o7segU[4]    ; 5.503 ; 5.662 ; 5.992 ; 6.151 ;
; iA[3]      ; o7segU[5]    ; 5.582 ; 5.789 ; 6.071 ; 6.278 ;
; iA[3]      ; o7segU[6]    ; 5.675 ; 5.514 ; 6.164 ; 6.003 ;
; iA[3]      ; oLED_Carry   ; 5.596 ; 6.123 ; 6.085 ; 6.612 ;
; iA[3]      ; oLEDs_Res[0] ; 5.318 ; 5.865 ; 5.823 ; 6.365 ;
; iA[3]      ; oLEDs_Res[3] ; 6.498 ; 7.561 ; 6.985 ; 8.051 ;
; iA[3]      ; oLEDs_Res[4] ; 5.838 ; 6.602 ; 6.327 ; 7.091 ;
; iA[4]      ; o7segD[0]    ; 4.794 ; 4.981 ; 5.234 ; 5.421 ;
; iA[4]      ; o7segD[2]    ; 4.675 ; 4.976 ; 5.124 ; 5.416 ;
; iA[4]      ; o7segD[3]    ; 4.790 ; 4.976 ; 5.230 ; 5.416 ;
; iA[4]      ; o7segD[4]    ; 4.669 ; 4.751 ; 5.109 ; 5.191 ;
; iA[4]      ; o7segD[5]    ; 4.619 ; 4.905 ; 5.068 ; 5.345 ;
; iA[4]      ; o7segD[6]    ; 5.161 ; 4.831 ; 5.601 ; 5.280 ;
; iA[4]      ; o7segU[0]    ; 5.384 ; 5.665 ; 5.824 ; 6.105 ;
; iA[4]      ; o7segU[1]    ; 5.315 ; 5.516 ; 5.755 ; 5.956 ;
; iA[4]      ; o7segU[2]    ; 5.358 ; 5.629 ; 5.798 ; 6.069 ;
; iA[4]      ; o7segU[3]    ; 5.398 ; 5.657 ; 5.838 ; 6.097 ;
; iA[4]      ; o7segU[4]    ; 5.279 ; 5.438 ; 5.719 ; 5.878 ;
; iA[4]      ; o7segU[5]    ; 5.358 ; 5.565 ; 5.798 ; 6.005 ;
; iA[4]      ; o7segU[6]    ; 5.451 ; 5.290 ; 5.891 ; 5.730 ;
; iA[4]      ; oLED_Carry   ; 5.537 ; 6.064 ; 5.991 ; 6.518 ;
; iA[4]      ; oLEDs_Res[0] ; 5.389 ; 5.970 ; 5.863 ; 6.397 ;
; iA[4]      ; oLEDs_Res[4] ; 5.580 ; 6.378 ; 6.029 ; 6.818 ;
; iB[0]      ; o7segD[0]    ; 5.002 ; 5.189 ; 5.427 ; 5.614 ;
; iB[0]      ; o7segD[2]    ; 4.919 ; 5.184 ; 5.342 ; 5.609 ;
; iB[0]      ; o7segD[3]    ; 4.998 ; 5.184 ; 5.423 ; 5.609 ;
; iB[0]      ; o7segD[4]    ; 4.877 ; 4.959 ; 5.302 ; 5.384 ;
; iB[0]      ; o7segD[5]    ; 4.863 ; 5.113 ; 5.286 ; 5.538 ;
; iB[0]      ; o7segD[6]    ; 5.369 ; 5.075 ; 5.794 ; 5.498 ;
; iB[0]      ; o7segU[0]    ; 5.592 ; 5.873 ; 6.017 ; 6.298 ;
; iB[0]      ; o7segU[1]    ; 5.523 ; 5.724 ; 5.948 ; 6.149 ;
; iB[0]      ; o7segU[2]    ; 5.566 ; 5.837 ; 5.991 ; 6.262 ;
; iB[0]      ; o7segU[3]    ; 5.606 ; 5.865 ; 6.031 ; 6.290 ;
; iB[0]      ; o7segU[4]    ; 5.487 ; 5.646 ; 5.912 ; 6.071 ;
; iB[0]      ; o7segU[5]    ; 5.566 ; 5.773 ; 5.991 ; 6.198 ;
; iB[0]      ; o7segU[6]    ; 5.659 ; 5.498 ; 6.084 ; 5.923 ;
; iB[0]      ; oLED_Carry   ; 5.573 ; 6.100 ; 6.005 ; 6.532 ;
; iB[0]      ; oLEDs_Res[0] ; 5.421 ; 5.953 ; 5.863 ; 6.429 ;
; iB[0]      ; oLEDs_Res[1] ; 5.613 ; 6.175 ; 6.042 ; 6.594 ;
; iB[0]      ; oLEDs_Res[2] ; 5.461 ; 6.053 ; 5.886 ; 6.476 ;
; iB[0]      ; oLEDs_Res[3] ; 6.566 ; 7.632 ; 6.995 ; 8.061 ;
; iB[0]      ; oLEDs_Res[4] ; 5.824 ; 6.586 ; 6.247 ; 7.011 ;
; iB[1]      ; o7segD[0]    ; 5.100 ; 5.287 ; 5.569 ; 5.756 ;
; iB[1]      ; o7segD[2]    ; 5.015 ; 5.282 ; 5.484 ; 5.751 ;
; iB[1]      ; o7segD[3]    ; 5.096 ; 5.282 ; 5.565 ; 5.751 ;
; iB[1]      ; o7segD[4]    ; 4.975 ; 5.057 ; 5.444 ; 5.526 ;
; iB[1]      ; o7segD[5]    ; 4.959 ; 5.211 ; 5.428 ; 5.680 ;
; iB[1]      ; o7segD[6]    ; 5.467 ; 5.171 ; 5.936 ; 5.640 ;
; iB[1]      ; o7segU[0]    ; 5.690 ; 5.971 ; 6.159 ; 6.440 ;
; iB[1]      ; o7segU[1]    ; 5.621 ; 5.822 ; 6.090 ; 6.291 ;
; iB[1]      ; o7segU[2]    ; 5.664 ; 5.935 ; 6.133 ; 6.404 ;
; iB[1]      ; o7segU[3]    ; 5.704 ; 5.963 ; 6.173 ; 6.432 ;
; iB[1]      ; o7segU[4]    ; 5.585 ; 5.744 ; 6.054 ; 6.213 ;
; iB[1]      ; o7segU[5]    ; 5.664 ; 5.871 ; 6.133 ; 6.340 ;
; iB[1]      ; o7segU[6]    ; 5.757 ; 5.596 ; 6.226 ; 6.065 ;
; iB[1]      ; oLED_Carry   ; 5.678 ; 6.205 ; 6.147 ; 6.674 ;
; iB[1]      ; oLEDs_Res[0] ; 5.214 ; 5.761 ; 5.694 ; 6.239 ;
; iB[1]      ; oLEDs_Res[1] ; 5.681 ; 6.244 ; 6.147 ; 6.714 ;
; iB[1]      ; oLEDs_Res[2] ; 5.559 ; 6.149 ; 6.028 ; 6.618 ;
; iB[1]      ; oLEDs_Res[3] ; 6.668 ; 7.734 ; 7.137 ; 8.203 ;
; iB[1]      ; oLEDs_Res[4] ; 5.920 ; 6.684 ; 6.389 ; 7.153 ;
; iB[2]      ; o7segD[0]    ; 5.000 ; 5.187 ; 5.474 ; 5.661 ;
; iB[2]      ; o7segD[2]    ; 4.915 ; 5.182 ; 5.389 ; 5.656 ;
; iB[2]      ; o7segD[3]    ; 4.996 ; 5.182 ; 5.470 ; 5.656 ;
; iB[2]      ; o7segD[4]    ; 4.875 ; 4.957 ; 5.349 ; 5.431 ;
; iB[2]      ; o7segD[5]    ; 4.859 ; 5.111 ; 5.333 ; 5.585 ;
; iB[2]      ; o7segD[6]    ; 5.367 ; 5.071 ; 5.841 ; 5.545 ;
; iB[2]      ; o7segU[0]    ; 5.590 ; 5.871 ; 6.064 ; 6.345 ;
; iB[2]      ; o7segU[1]    ; 5.521 ; 5.722 ; 5.995 ; 6.196 ;
; iB[2]      ; o7segU[2]    ; 5.564 ; 5.835 ; 6.038 ; 6.309 ;
; iB[2]      ; o7segU[3]    ; 5.604 ; 5.863 ; 6.078 ; 6.337 ;
; iB[2]      ; o7segU[4]    ; 5.485 ; 5.644 ; 5.959 ; 6.118 ;
; iB[2]      ; o7segU[5]    ; 5.564 ; 5.771 ; 6.038 ; 6.245 ;
; iB[2]      ; o7segU[6]    ; 5.657 ; 5.496 ; 6.131 ; 5.970 ;
; iB[2]      ; oLED_Carry   ; 5.578 ; 6.105 ; 6.052 ; 6.579 ;
; iB[2]      ; oLEDs_Res[0] ; 5.179 ; 5.748 ; 5.632 ; 6.224 ;
; iB[2]      ; oLEDs_Res[2] ; 5.263 ; 5.889 ; 5.732 ; 6.349 ;
; iB[2]      ; oLEDs_Res[3] ; 6.568 ; 7.634 ; 7.042 ; 8.108 ;
; iB[2]      ; oLEDs_Res[4] ; 5.820 ; 6.584 ; 6.294 ; 7.058 ;
; iB[3]      ; o7segD[0]    ; 5.133 ; 5.320 ; 5.628 ; 5.815 ;
; iB[3]      ; o7segD[2]    ; 5.048 ; 5.315 ; 5.543 ; 5.810 ;
; iB[3]      ; o7segD[3]    ; 5.129 ; 5.315 ; 5.624 ; 5.810 ;
; iB[3]      ; o7segD[4]    ; 5.008 ; 5.090 ; 5.503 ; 5.585 ;
; iB[3]      ; o7segD[5]    ; 4.992 ; 5.244 ; 5.487 ; 5.739 ;
; iB[3]      ; o7segD[6]    ; 5.500 ; 5.204 ; 5.995 ; 5.699 ;
; iB[3]      ; o7segU[0]    ; 5.723 ; 6.004 ; 6.218 ; 6.499 ;
; iB[3]      ; o7segU[1]    ; 5.654 ; 5.855 ; 6.149 ; 6.350 ;
; iB[3]      ; o7segU[2]    ; 5.697 ; 5.968 ; 6.192 ; 6.463 ;
; iB[3]      ; o7segU[3]    ; 5.737 ; 5.996 ; 6.232 ; 6.491 ;
; iB[3]      ; o7segU[4]    ; 5.618 ; 5.777 ; 6.113 ; 6.272 ;
; iB[3]      ; o7segU[5]    ; 5.697 ; 5.904 ; 6.192 ; 6.399 ;
; iB[3]      ; o7segU[6]    ; 5.790 ; 5.629 ; 6.285 ; 6.124 ;
; iB[3]      ; oLED_Carry   ; 5.711 ; 6.238 ; 6.206 ; 6.733 ;
; iB[3]      ; oLEDs_Res[0] ; 5.612 ; 6.161 ; 6.112 ; 6.659 ;
; iB[3]      ; oLEDs_Res[3] ; 6.612 ; 7.677 ; 7.108 ; 8.172 ;
; iB[3]      ; oLEDs_Res[4] ; 5.953 ; 6.717 ; 6.448 ; 7.212 ;
; iB[4]      ; o7segD[0]    ; 4.970 ; 5.157 ; 5.456 ; 5.643 ;
; iB[4]      ; o7segD[2]    ; 4.882 ; 5.152 ; 5.366 ; 5.638 ;
; iB[4]      ; o7segD[3]    ; 4.966 ; 5.152 ; 5.452 ; 5.638 ;
; iB[4]      ; o7segD[4]    ; 4.845 ; 4.927 ; 5.331 ; 5.413 ;
; iB[4]      ; o7segD[5]    ; 4.826 ; 5.081 ; 5.310 ; 5.567 ;
; iB[4]      ; o7segD[6]    ; 5.337 ; 5.038 ; 5.823 ; 5.522 ;
; iB[4]      ; o7segU[0]    ; 5.560 ; 5.841 ; 6.046 ; 6.327 ;
; iB[4]      ; o7segU[1]    ; 5.491 ; 5.692 ; 5.977 ; 6.178 ;
; iB[4]      ; o7segU[2]    ; 5.534 ; 5.805 ; 6.020 ; 6.291 ;
; iB[4]      ; o7segU[3]    ; 5.574 ; 5.833 ; 6.060 ; 6.319 ;
; iB[4]      ; o7segU[4]    ; 5.455 ; 5.614 ; 5.941 ; 6.100 ;
; iB[4]      ; o7segU[5]    ; 5.534 ; 5.741 ; 6.020 ; 6.227 ;
; iB[4]      ; o7segU[6]    ; 5.627 ; 5.466 ; 6.113 ; 5.952 ;
; iB[4]      ; oLED_Carry   ; 5.667 ; 6.194 ; 6.151 ; 6.678 ;
; iB[4]      ; oLEDs_Res[0] ; 5.525 ; 6.089 ; 6.004 ; 6.591 ;
; iB[4]      ; oLEDs_Res[4] ; 5.787 ; 6.554 ; 6.271 ; 7.040 ;
; iKeys[0]   ; o7segD[0]    ; 5.424 ; 5.611 ; 6.132 ; 6.319 ;
; iKeys[0]   ; o7segD[2]    ; 5.338 ; 5.606 ; 6.101 ; 6.314 ;
; iKeys[0]   ; o7segD[3]    ; 5.420 ; 5.606 ; 6.128 ; 6.314 ;
; iKeys[0]   ; o7segD[4]    ; 5.299 ; 5.381 ; 6.007 ; 6.089 ;
; iKeys[0]   ; o7segD[5]    ; 5.279 ; 5.535 ; 5.964 ; 6.243 ;
; iKeys[0]   ; o7segD[6]    ; 5.791 ; 5.491 ; 6.499 ; 6.176 ;
; iKeys[0]   ; o7segU[0]    ; 6.014 ; 6.295 ; 6.722 ; 7.003 ;
; iKeys[0]   ; o7segU[1]    ; 5.945 ; 6.146 ; 6.653 ; 6.854 ;
; iKeys[0]   ; o7segU[2]    ; 5.988 ; 6.259 ; 6.696 ; 6.967 ;
; iKeys[0]   ; o7segU[3]    ; 6.028 ; 6.287 ; 6.736 ; 6.995 ;
; iKeys[0]   ; o7segU[4]    ; 5.909 ; 6.068 ; 6.617 ; 6.776 ;
; iKeys[0]   ; o7segU[5]    ; 5.988 ; 6.195 ; 6.696 ; 6.903 ;
; iKeys[0]   ; o7segU[6]    ; 6.081 ; 5.920 ; 6.789 ; 6.628 ;
; iKeys[0]   ; oLED_Carry   ; 5.667 ; 6.285 ; 6.436 ; 6.918 ;
; iKeys[0]   ; oLEDs_Res[0] ; 6.193 ; 6.809 ; 6.948 ; 7.587 ;
; iKeys[0]   ; oLEDs_Res[1] ; 6.058 ; 6.636 ; 6.823 ; 7.398 ;
; iKeys[0]   ; oLEDs_Res[2] ; 5.938 ; 6.582 ; 6.684 ; 7.345 ;
; iKeys[0]   ; oLEDs_Res[3] ; 6.871 ; 7.888 ; 7.659 ; 8.679 ;
; iKeys[0]   ; oLEDs_Res[4] ; 6.240 ; 7.008 ; 6.925 ; 7.716 ;
; iKeys[1]   ; o7segD[0]    ; 5.515 ; 5.702 ; 6.261 ; 6.426 ;
; iKeys[1]   ; o7segD[2]    ; 5.489 ; 5.697 ; 6.271 ; 6.421 ;
; iKeys[1]   ; o7segD[3]    ; 5.511 ; 5.697 ; 6.257 ; 6.421 ;
; iKeys[1]   ; o7segD[4]    ; 5.390 ; 5.472 ; 6.114 ; 6.228 ;
; iKeys[1]   ; o7segD[5]    ; 5.375 ; 5.626 ; 6.124 ; 6.356 ;
; iKeys[1]   ; o7segD[6]    ; 5.882 ; 5.587 ; 6.612 ; 6.336 ;
; iKeys[1]   ; o7segU[0]    ; 6.105 ; 6.386 ; 6.846 ; 7.152 ;
; iKeys[1]   ; o7segU[1]    ; 6.036 ; 6.237 ; 6.760 ; 6.961 ;
; iKeys[1]   ; o7segU[2]    ; 6.079 ; 6.350 ; 6.803 ; 7.074 ;
; iKeys[1]   ; o7segU[3]    ; 6.119 ; 6.378 ; 6.843 ; 7.102 ;
; iKeys[1]   ; o7segU[4]    ; 6.000 ; 6.159 ; 6.724 ; 6.895 ;
; iKeys[1]   ; o7segU[5]    ; 6.079 ; 6.286 ; 6.803 ; 7.010 ;
; iKeys[1]   ; o7segU[6]    ; 6.172 ; 6.011 ; 6.927 ; 6.763 ;
; iKeys[1]   ; oLED_Carry   ; 5.880 ; 6.433 ; 6.604 ; 7.159 ;
; iKeys[1]   ; oLEDs_Res[0] ; 6.344 ; 6.960 ; 7.118 ; 7.757 ;
; iKeys[1]   ; oLEDs_Res[1] ; 6.209 ; 6.787 ; 6.993 ; 7.568 ;
; iKeys[1]   ; oLEDs_Res[2] ; 6.089 ; 6.733 ; 6.854 ; 7.515 ;
; iKeys[1]   ; oLEDs_Res[3] ; 7.103 ; 8.123 ; 7.827 ; 8.847 ;
; iKeys[1]   ; oLEDs_Res[4] ; 6.336 ; 7.099 ; 7.085 ; 7.823 ;
; iKeys[2]   ; o7segD[0]    ; 5.262 ; 5.435 ; 5.870 ; 6.035 ;
; iKeys[2]   ; o7segD[2]    ; 5.272 ; 5.430 ; 5.880 ; 6.030 ;
; iKeys[2]   ; o7segD[3]    ; 5.258 ; 5.430 ; 5.866 ; 6.030 ;
; iKeys[2]   ; o7segD[4]    ; 5.123 ; 5.229 ; 5.723 ; 5.837 ;
; iKeys[2]   ; o7segD[5]    ; 5.125 ; 5.359 ; 5.733 ; 5.965 ;
; iKeys[2]   ; o7segD[6]    ; 5.615 ; 5.337 ; 6.221 ; 5.945 ;
; iKeys[2]   ; o7segU[0]    ; 5.847 ; 6.153 ; 6.455 ; 6.761 ;
; iKeys[2]   ; o7segU[1]    ; 5.769 ; 5.970 ; 6.369 ; 6.570 ;
; iKeys[2]   ; o7segU[2]    ; 5.812 ; 6.083 ; 6.412 ; 6.683 ;
; iKeys[2]   ; o7segU[3]    ; 5.852 ; 6.111 ; 6.452 ; 6.711 ;
; iKeys[2]   ; o7segU[4]    ; 5.733 ; 5.896 ; 6.333 ; 6.504 ;
; iKeys[2]   ; o7segU[5]    ; 5.812 ; 6.019 ; 6.412 ; 6.619 ;
; iKeys[2]   ; o7segU[6]    ; 5.928 ; 5.764 ; 6.536 ; 6.372 ;
; iKeys[2]   ; oLED_Carry   ; 5.509 ; 6.178 ; 6.213 ; 6.623 ;
; iKeys[2]   ; oLEDs_Res[0] ; 6.119 ; 6.758 ; 6.727 ; 7.366 ;
; iKeys[2]   ; oLEDs_Res[1] ; 5.994 ; 6.569 ; 6.602 ; 7.177 ;
; iKeys[2]   ; oLEDs_Res[2] ; 5.855 ; 6.516 ; 6.463 ; 7.124 ;
; iKeys[2]   ; oLEDs_Res[3] ; 6.764 ; 7.781 ; 7.436 ; 8.456 ;
; iKeys[2]   ; oLEDs_Res[4] ; 6.086 ; 6.832 ; 6.694 ; 7.432 ;
; iKeys[3]   ; o7segD[0]    ; 5.162 ; 5.330 ; 5.773 ; 5.940 ;
; iKeys[3]   ; o7segD[2]    ; 5.172 ; 5.325 ; 5.783 ; 5.935 ;
; iKeys[3]   ; o7segD[3]    ; 5.158 ; 5.325 ; 5.769 ; 5.935 ;
; iKeys[3]   ; o7segD[4]    ; 5.018 ; 5.129 ; 5.628 ; 5.740 ;
; iKeys[3]   ; o7segD[5]    ; 5.025 ; 5.257 ; 5.636 ; 5.868 ;
; iKeys[3]   ; o7segD[6]    ; 5.513 ; 5.237 ; 6.124 ; 5.848 ;
; iKeys[3]   ; o7segU[0]    ; 5.747 ; 6.053 ; 6.358 ; 6.664 ;
; iKeys[3]   ; o7segU[1]    ; 5.664 ; 5.865 ; 6.274 ; 6.475 ;
; iKeys[3]   ; o7segU[2]    ; 5.707 ; 5.978 ; 6.317 ; 6.588 ;
; iKeys[3]   ; o7segU[3]    ; 5.747 ; 6.006 ; 6.357 ; 6.616 ;
; iKeys[3]   ; o7segU[4]    ; 5.628 ; 5.796 ; 6.238 ; 6.407 ;
; iKeys[3]   ; o7segU[5]    ; 5.707 ; 5.914 ; 6.317 ; 6.524 ;
; iKeys[3]   ; o7segU[6]    ; 5.828 ; 5.664 ; 6.439 ; 6.275 ;
; iKeys[3]   ; oLED_Carry   ; 5.508 ; 6.064 ; 6.118 ; 6.676 ;
; iKeys[3]   ; oLEDs_Res[0] ; 6.019 ; 6.658 ; 6.630 ; 7.269 ;
; iKeys[3]   ; oLEDs_Res[1] ; 5.894 ; 6.469 ; 6.505 ; 7.080 ;
; iKeys[3]   ; oLEDs_Res[2] ; 5.755 ; 6.416 ; 6.366 ; 7.027 ;
; iKeys[3]   ; oLEDs_Res[3] ; 6.731 ; 7.751 ; 7.341 ; 8.361 ;
; iKeys[3]   ; oLEDs_Res[4] ; 5.986 ; 6.727 ; 6.597 ; 7.337 ;
+------------+--------------+-------+-------+-------+-------+


+-----------------------------------------------------------+
; Minimum Propagation Delay                                 ;
+------------+--------------+-------+-------+-------+-------+
; Input Port ; Output Port  ; RR    ; RF    ; FR    ; FF    ;
+------------+--------------+-------+-------+-------+-------+
; iA[0]      ; o7segD[0]    ; 4.326 ; 4.495 ; 4.779 ; 4.925 ;
; iA[0]      ; o7segD[2]    ; 4.367 ; 4.488 ; 4.800 ; 4.918 ;
; iA[0]      ; o7segD[3]    ; 4.321 ; 4.490 ; 4.774 ; 4.920 ;
; iA[0]      ; o7segD[4]    ; 4.211 ; 4.299 ; 4.644 ; 4.732 ;
; iA[0]      ; o7segD[5]    ; 4.299 ; 4.489 ; 4.752 ; 4.926 ;
; iA[0]      ; o7segD[6]    ; 4.720 ; 4.522 ; 5.150 ; 4.955 ;
; iA[0]      ; o7segU[0]    ; 4.347 ; 4.553 ; 4.791 ; 4.997 ;
; iA[0]      ; o7segU[1]    ; 4.255 ; 4.387 ; 4.699 ; 4.831 ;
; iA[0]      ; o7segU[2]    ; 4.377 ; 4.535 ; 4.816 ; 4.979 ;
; iA[0]      ; o7segU[3]    ; 4.310 ; 4.494 ; 4.754 ; 4.938 ;
; iA[0]      ; o7segU[4]    ; 4.264 ; 4.444 ; 4.708 ; 4.883 ;
; iA[0]      ; o7segU[5]    ; 4.309 ; 4.503 ; 4.753 ; 4.942 ;
; iA[0]      ; o7segU[6]    ; 4.405 ; 4.309 ; 4.849 ; 4.748 ;
; iA[0]      ; oLED_Carry   ; 5.159 ; 5.601 ; 5.587 ; 6.029 ;
; iA[0]      ; oLEDs_Res[0] ; 4.847 ; 5.331 ; 5.291 ; 5.770 ;
; iA[0]      ; oLEDs_Res[1] ; 5.132 ; 5.598 ; 5.585 ; 6.043 ;
; iA[0]      ; oLEDs_Res[2] ; 5.041 ; 5.548 ; 5.474 ; 5.980 ;
; iA[0]      ; oLEDs_Res[3] ; 5.968 ; 6.751 ; 6.398 ; 7.181 ;
; iA[0]      ; oLEDs_Res[4] ; 5.328 ; 5.916 ; 5.768 ; 6.357 ;
; iA[1]      ; o7segD[0]    ; 3.772 ; 4.035 ; 4.239 ; 4.475 ;
; iA[1]      ; o7segD[2]    ; 3.900 ; 3.945 ; 4.340 ; 4.412 ;
; iA[1]      ; o7segD[3]    ; 3.767 ; 4.030 ; 4.234 ; 4.470 ;
; iA[1]      ; o7segD[4]    ; 3.687 ; 3.867 ; 4.154 ; 4.307 ;
; iA[1]      ; o7segD[5]    ; 3.745 ; 3.972 ; 4.212 ; 4.412 ;
; iA[1]      ; o7segD[6]    ; 4.542 ; 4.347 ; 5.034 ; 4.825 ;
; iA[1]      ; o7segU[0]    ; 4.173 ; 4.420 ; 4.640 ; 4.887 ;
; iA[1]      ; o7segU[1]    ; 4.140 ; 4.283 ; 4.607 ; 4.750 ;
; iA[1]      ; o7segU[2]    ; 4.212 ; 4.401 ; 4.679 ; 4.868 ;
; iA[1]      ; o7segU[3]    ; 4.189 ; 4.380 ; 4.656 ; 4.847 ;
; iA[1]      ; o7segU[4]    ; 4.119 ; 4.273 ; 4.586 ; 4.740 ;
; iA[1]      ; o7segU[5]    ; 4.177 ; 4.339 ; 4.644 ; 4.806 ;
; iA[1]      ; o7segU[6]    ; 4.224 ; 4.058 ; 4.691 ; 4.525 ;
; iA[1]      ; oLED_Carry   ; 4.979 ; 5.421 ; 5.471 ; 5.913 ;
; iA[1]      ; oLEDs_Res[0] ; 4.845 ; 5.322 ; 5.307 ; 5.781 ;
; iA[1]      ; oLEDs_Res[1] ; 4.578 ; 5.081 ; 5.045 ; 5.521 ;
; iA[1]      ; oLEDs_Res[2] ; 4.866 ; 5.372 ; 5.344 ; 5.864 ;
; iA[1]      ; oLEDs_Res[3] ; 5.790 ; 6.573 ; 6.282 ; 7.065 ;
; iA[1]      ; oLEDs_Res[4] ; 5.160 ; 5.749 ; 5.644 ; 6.232 ;
; iA[2]      ; o7segD[0]    ; 4.036 ; 4.173 ; 4.491 ; 4.628 ;
; iA[2]      ; o7segD[2]    ; 4.044 ; 4.166 ; 4.499 ; 4.621 ;
; iA[2]      ; o7segD[3]    ; 4.031 ; 4.168 ; 4.486 ; 4.623 ;
; iA[2]      ; o7segD[4]    ; 3.888 ; 3.976 ; 4.343 ; 4.431 ;
; iA[2]      ; o7segD[5]    ; 4.011 ; 4.187 ; 4.466 ; 4.639 ;
; iA[2]      ; o7segD[6]    ; 4.403 ; 4.199 ; 4.855 ; 4.654 ;
; iA[2]      ; o7segU[0]    ; 4.296 ; 4.502 ; 4.768 ; 4.974 ;
; iA[2]      ; o7segU[1]    ; 4.204 ; 4.336 ; 4.676 ; 4.808 ;
; iA[2]      ; o7segU[2]    ; 4.362 ; 4.484 ; 4.791 ; 4.956 ;
; iA[2]      ; o7segU[3]    ; 4.259 ; 4.443 ; 4.731 ; 4.915 ;
; iA[2]      ; o7segU[4]    ; 4.213 ; 4.429 ; 4.685 ; 4.858 ;
; iA[2]      ; o7segU[5]    ; 4.258 ; 4.488 ; 4.730 ; 4.917 ;
; iA[2]      ; o7segU[6]    ; 4.354 ; 4.281 ; 4.826 ; 4.723 ;
; iA[2]      ; oLED_Carry   ; 5.072 ; 5.514 ; 5.541 ; 5.983 ;
; iA[2]      ; oLEDs_Res[0] ; 4.796 ; 5.316 ; 5.268 ; 5.745 ;
; iA[2]      ; oLEDs_Res[2] ; 4.718 ; 5.228 ; 5.173 ; 5.680 ;
; iA[2]      ; oLEDs_Res[3] ; 5.853 ; 6.635 ; 6.317 ; 7.091 ;
; iA[2]      ; oLEDs_Res[4] ; 5.253 ; 5.842 ; 5.710 ; 6.298 ;
; iA[3]      ; o7segD[0]    ; 3.564 ; 3.694 ; 4.020 ; 4.150 ;
; iA[3]      ; o7segD[2]    ; 3.574 ; 3.687 ; 4.030 ; 4.143 ;
; iA[3]      ; o7segD[3]    ; 3.559 ; 3.689 ; 4.015 ; 4.145 ;
; iA[3]      ; o7segD[4]    ; 3.421 ; 3.501 ; 3.877 ; 3.957 ;
; iA[3]      ; o7segD[5]    ; 3.552 ; 3.687 ; 4.008 ; 4.118 ;
; iA[3]      ; o7segD[6]    ; 3.911 ; 3.743 ; 4.342 ; 4.199 ;
; iA[3]      ; o7segU[0]    ; 3.957 ; 4.181 ; 4.413 ; 4.637 ;
; iA[3]      ; o7segU[1]    ; 3.889 ; 4.044 ; 4.345 ; 4.500 ;
; iA[3]      ; o7segU[2]    ; 3.966 ; 4.180 ; 4.422 ; 4.636 ;
; iA[3]      ; o7segU[3]    ; 3.938 ; 4.146 ; 4.394 ; 4.602 ;
; iA[3]      ; o7segU[4]    ; 3.884 ; 4.034 ; 4.340 ; 4.490 ;
; iA[3]      ; o7segU[5]    ; 3.926 ; 4.100 ; 4.382 ; 4.556 ;
; iA[3]      ; o7segU[6]    ; 4.021 ; 3.885 ; 4.477 ; 4.341 ;
; iA[3]      ; oLED_Carry   ; 5.028 ; 5.470 ; 5.487 ; 5.929 ;
; iA[3]      ; oLEDs_Res[0] ; 4.863 ; 5.339 ; 5.338 ; 5.811 ;
; iA[3]      ; oLEDs_Res[3] ; 5.167 ; 5.942 ; 5.623 ; 6.373 ;
; iA[3]      ; oLEDs_Res[4] ; 5.195 ; 5.771 ; 5.651 ; 6.244 ;
; iA[4]      ; o7segD[0]    ; 3.854 ; 3.972 ; 4.292 ; 4.410 ;
; iA[4]      ; o7segD[2]    ; 3.883 ; 4.080 ; 4.321 ; 4.516 ;
; iA[4]      ; o7segD[3]    ; 3.849 ; 3.967 ; 4.287 ; 4.405 ;
; iA[4]      ; o7segD[4]    ; 3.727 ; 3.814 ; 4.165 ; 4.252 ;
; iA[4]      ; o7segD[5]    ; 3.832 ; 4.016 ; 4.270 ; 4.452 ;
; iA[4]      ; o7segD[6]    ; 4.232 ; 4.020 ; 4.668 ; 4.458 ;
; iA[4]      ; o7segU[0]    ; 4.273 ; 4.507 ; 4.711 ; 4.945 ;
; iA[4]      ; o7segU[1]    ; 4.171 ; 4.333 ; 4.609 ; 4.771 ;
; iA[4]      ; o7segU[2]    ; 4.248 ; 4.469 ; 4.686 ; 4.907 ;
; iA[4]      ; o7segU[3]    ; 4.220 ; 4.435 ; 4.658 ; 4.873 ;
; iA[4]      ; o7segU[4]    ; 4.166 ; 4.323 ; 4.604 ; 4.761 ;
; iA[4]      ; o7segU[5]    ; 4.208 ; 4.389 ; 4.646 ; 4.827 ;
; iA[4]      ; o7segU[6]    ; 4.293 ; 4.146 ; 4.731 ; 4.584 ;
; iA[4]      ; oLED_Carry   ; 4.973 ; 5.414 ; 5.410 ; 5.843 ;
; iA[4]      ; oLEDs_Res[0] ; 4.929 ; 5.451 ; 5.382 ; 5.869 ;
; iA[4]      ; oLEDs_Res[4] ; 4.723 ; 5.307 ; 5.161 ; 5.743 ;
; iB[0]      ; o7segD[0]    ; 4.294 ; 4.440 ; 4.721 ; 4.890 ;
; iB[0]      ; o7segD[2]    ; 4.315 ; 4.433 ; 4.762 ; 4.883 ;
; iB[0]      ; o7segD[3]    ; 4.289 ; 4.435 ; 4.716 ; 4.885 ;
; iB[0]      ; o7segD[4]    ; 4.159 ; 4.247 ; 4.606 ; 4.694 ;
; iB[0]      ; o7segD[5]    ; 4.267 ; 4.441 ; 4.694 ; 4.884 ;
; iB[0]      ; o7segD[6]    ; 4.665 ; 4.470 ; 5.115 ; 4.917 ;
; iB[0]      ; o7segU[0]    ; 4.225 ; 4.431 ; 4.690 ; 4.896 ;
; iB[0]      ; o7segU[1]    ; 4.133 ; 4.265 ; 4.598 ; 4.730 ;
; iB[0]      ; o7segU[2]    ; 4.286 ; 4.413 ; 4.716 ; 4.878 ;
; iB[0]      ; o7segU[3]    ; 4.188 ; 4.372 ; 4.653 ; 4.837 ;
; iB[0]      ; o7segU[4]    ; 4.142 ; 4.353 ; 4.607 ; 4.783 ;
; iB[0]      ; o7segU[5]    ; 4.187 ; 4.412 ; 4.652 ; 4.842 ;
; iB[0]      ; o7segU[6]    ; 4.283 ; 4.218 ; 4.748 ; 4.648 ;
; iB[0]      ; oLED_Carry   ; 5.102 ; 5.544 ; 5.554 ; 5.996 ;
; iB[0]      ; oLEDs_Res[0] ; 4.725 ; 5.240 ; 5.190 ; 5.670 ;
; iB[0]      ; oLEDs_Res[1] ; 5.100 ; 5.558 ; 5.527 ; 5.993 ;
; iB[0]      ; oLEDs_Res[2] ; 4.989 ; 5.495 ; 5.436 ; 5.943 ;
; iB[0]      ; oLEDs_Res[3] ; 5.913 ; 6.696 ; 6.363 ; 7.146 ;
; iB[0]      ; oLEDs_Res[4] ; 5.283 ; 5.872 ; 5.723 ; 6.311 ;
; iB[1]      ; o7segD[0]    ; 3.859 ; 4.107 ; 4.337 ; 4.542 ;
; iB[1]      ; o7segD[2]    ; 3.972 ; 4.032 ; 4.407 ; 4.510 ;
; iB[1]      ; o7segD[3]    ; 3.854 ; 4.102 ; 4.332 ; 4.537 ;
; iB[1]      ; o7segD[4]    ; 3.774 ; 3.939 ; 4.252 ; 4.374 ;
; iB[1]      ; o7segD[5]    ; 3.832 ; 4.044 ; 4.310 ; 4.479 ;
; iB[1]      ; o7segD[6]    ; 4.667 ; 4.452 ; 5.087 ; 4.899 ;
; iB[1]      ; o7segU[0]    ; 4.260 ; 4.484 ; 4.732 ; 4.938 ;
; iB[1]      ; o7segU[1]    ; 4.186 ; 4.318 ; 4.640 ; 4.772 ;
; iB[1]      ; o7segU[2]    ; 4.292 ; 4.466 ; 4.744 ; 4.920 ;
; iB[1]      ; o7segU[3]    ; 4.241 ; 4.425 ; 4.695 ; 4.879 ;
; iB[1]      ; o7segU[4]    ; 4.195 ; 4.359 ; 4.649 ; 4.811 ;
; iB[1]      ; o7segU[5]    ; 4.240 ; 4.418 ; 4.694 ; 4.870 ;
; iB[1]      ; o7segU[6]    ; 4.311 ; 4.145 ; 4.789 ; 4.623 ;
; iB[1]      ; oLED_Carry   ; 5.105 ; 5.547 ; 5.547 ; 5.989 ;
; iB[1]      ; oLEDs_Res[0] ; 4.778 ; 5.246 ; 5.232 ; 5.698 ;
; iB[1]      ; oLEDs_Res[1] ; 4.665 ; 5.153 ; 5.143 ; 5.588 ;
; iB[1]      ; oLEDs_Res[2] ; 4.971 ; 5.492 ; 5.418 ; 5.912 ;
; iB[1]      ; oLEDs_Res[3] ; 5.915 ; 6.698 ; 6.356 ; 7.139 ;
; iB[1]      ; oLEDs_Res[4] ; 5.275 ; 5.863 ; 5.716 ; 6.304 ;
; iB[2]      ; o7segD[0]    ; 3.894 ; 4.031 ; 4.362 ; 4.499 ;
; iB[2]      ; o7segD[2]    ; 3.902 ; 4.024 ; 4.370 ; 4.492 ;
; iB[2]      ; o7segD[3]    ; 3.889 ; 4.026 ; 4.357 ; 4.494 ;
; iB[2]      ; o7segD[4]    ; 3.746 ; 3.834 ; 4.214 ; 4.302 ;
; iB[2]      ; o7segD[5]    ; 3.869 ; 4.057 ; 4.337 ; 4.488 ;
; iB[2]      ; o7segD[6]    ; 4.273 ; 4.057 ; 4.704 ; 4.525 ;
; iB[2]      ; o7segU[0]    ; 4.261 ; 4.467 ; 4.705 ; 4.911 ;
; iB[2]      ; o7segU[1]    ; 4.169 ; 4.301 ; 4.613 ; 4.745 ;
; iB[2]      ; o7segU[2]    ; 4.274 ; 4.449 ; 4.730 ; 4.893 ;
; iB[2]      ; o7segU[3]    ; 4.224 ; 4.408 ; 4.668 ; 4.852 ;
; iB[2]      ; o7segU[4]    ; 4.178 ; 4.341 ; 4.622 ; 4.797 ;
; iB[2]      ; o7segU[5]    ; 4.223 ; 4.400 ; 4.667 ; 4.856 ;
; iB[2]      ; o7segU[6]    ; 4.298 ; 4.139 ; 4.763 ; 4.607 ;
; iB[2]      ; oLED_Carry   ; 5.022 ; 5.464 ; 5.466 ; 5.908 ;
; iB[2]      ; oLEDs_Res[0] ; 4.761 ; 5.228 ; 5.205 ; 5.684 ;
; iB[2]      ; oLEDs_Res[2] ; 4.576 ; 5.098 ; 5.044 ; 5.529 ;
; iB[2]      ; oLEDs_Res[3] ; 5.813 ; 6.587 ; 6.256 ; 7.038 ;
; iB[2]      ; oLEDs_Res[4] ; 5.197 ; 5.785 ; 5.647 ; 6.236 ;
; iB[3]      ; o7segD[0]    ; 3.711 ; 3.841 ; 4.182 ; 4.308 ;
; iB[3]      ; o7segD[2]    ; 3.721 ; 3.834 ; 4.187 ; 4.298 ;
; iB[3]      ; o7segD[3]    ; 3.706 ; 3.836 ; 4.177 ; 4.303 ;
; iB[3]      ; o7segD[4]    ; 3.568 ; 3.648 ; 4.039 ; 4.115 ;
; iB[3]      ; o7segD[5]    ; 3.699 ; 3.821 ; 4.180 ; 4.265 ;
; iB[3]      ; o7segD[6]    ; 4.045 ; 3.890 ; 4.489 ; 4.371 ;
; iB[3]      ; o7segU[0]    ; 4.104 ; 4.328 ; 4.570 ; 4.792 ;
; iB[3]      ; o7segU[1]    ; 4.036 ; 4.191 ; 4.507 ; 4.659 ;
; iB[3]      ; o7segU[2]    ; 4.113 ; 4.327 ; 4.584 ; 4.795 ;
; iB[3]      ; o7segU[3]    ; 4.085 ; 4.293 ; 4.556 ; 4.761 ;
; iB[3]      ; o7segU[4]    ; 4.031 ; 4.181 ; 4.502 ; 4.646 ;
; iB[3]      ; o7segU[5]    ; 4.073 ; 4.247 ; 4.544 ; 4.715 ;
; iB[3]      ; o7segU[6]    ; 4.168 ; 4.032 ; 4.632 ; 4.498 ;
; iB[3]      ; oLED_Carry   ; 5.137 ; 5.579 ; 5.602 ; 6.044 ;
; iB[3]      ; oLEDs_Res[0] ; 5.123 ; 5.606 ; 5.593 ; 6.074 ;
; iB[3]      ; oLEDs_Res[3] ; 5.314 ; 6.076 ; 5.795 ; 6.520 ;
; iB[3]      ; oLEDs_Res[4] ; 5.297 ; 5.894 ; 5.769 ; 6.345 ;
; iB[4]      ; o7segD[0]    ; 4.057 ; 4.175 ; 4.525 ; 4.643 ;
; iB[4]      ; o7segD[2]    ; 4.086 ; 4.293 ; 4.554 ; 4.758 ;
; iB[4]      ; o7segD[3]    ; 4.052 ; 4.170 ; 4.520 ; 4.638 ;
; iB[4]      ; o7segD[4]    ; 3.930 ; 4.017 ; 4.398 ; 4.485 ;
; iB[4]      ; o7segD[5]    ; 4.035 ; 4.229 ; 4.503 ; 4.694 ;
; iB[4]      ; o7segD[6]    ; 4.445 ; 4.223 ; 4.910 ; 4.691 ;
; iB[4]      ; o7segU[0]    ; 4.476 ; 4.710 ; 4.944 ; 5.178 ;
; iB[4]      ; o7segU[1]    ; 4.374 ; 4.536 ; 4.842 ; 5.004 ;
; iB[4]      ; o7segU[2]    ; 4.451 ; 4.672 ; 4.919 ; 5.140 ;
; iB[4]      ; o7segU[3]    ; 4.423 ; 4.638 ; 4.891 ; 5.106 ;
; iB[4]      ; o7segU[4]    ; 4.369 ; 4.526 ; 4.837 ; 4.994 ;
; iB[4]      ; o7segU[5]    ; 4.411 ; 4.592 ; 4.879 ; 5.060 ;
; iB[4]      ; o7segU[6]    ; 4.496 ; 4.349 ; 4.964 ; 4.817 ;
; iB[4]      ; oLED_Carry   ; 5.083 ; 5.516 ; 5.556 ; 5.997 ;
; iB[4]      ; oLEDs_Res[0] ; 5.061 ; 5.525 ; 5.521 ; 6.007 ;
; iB[4]      ; oLEDs_Res[4] ; 4.926 ; 5.520 ; 5.394 ; 5.985 ;
; iKeys[0]   ; o7segD[0]    ; 4.399 ; 4.529 ; 4.984 ; 5.114 ;
; iKeys[0]   ; o7segD[2]    ; 4.409 ; 4.522 ; 4.994 ; 5.107 ;
; iKeys[0]   ; o7segD[3]    ; 4.394 ; 4.524 ; 4.979 ; 5.109 ;
; iKeys[0]   ; o7segD[4]    ; 4.256 ; 4.336 ; 4.841 ; 4.921 ;
; iKeys[0]   ; o7segD[5]    ; 4.387 ; 4.527 ; 4.972 ; 5.134 ;
; iKeys[0]   ; o7segD[6]    ; 4.751 ; 4.578 ; 5.358 ; 5.163 ;
; iKeys[0]   ; o7segU[0]    ; 4.770 ; 4.976 ; 5.355 ; 5.561 ;
; iKeys[0]   ; o7segU[1]    ; 4.678 ; 4.810 ; 5.263 ; 5.395 ;
; iKeys[0]   ; o7segU[2]    ; 4.781 ; 4.958 ; 5.366 ; 5.543 ;
; iKeys[0]   ; o7segU[3]    ; 4.733 ; 4.917 ; 5.318 ; 5.502 ;
; iKeys[0]   ; o7segU[4]    ; 4.687 ; 4.848 ; 5.272 ; 5.433 ;
; iKeys[0]   ; o7segU[5]    ; 4.732 ; 4.907 ; 5.317 ; 5.492 ;
; iKeys[0]   ; o7segU[6]    ; 4.796 ; 4.657 ; 5.381 ; 5.242 ;
; iKeys[0]   ; oLED_Carry   ; 5.179 ; 5.602 ; 5.764 ; 6.209 ;
; iKeys[0]   ; oLEDs_Res[0] ; 5.270 ; 5.735 ; 5.855 ; 6.320 ;
; iKeys[0]   ; oLEDs_Res[1] ; 5.346 ; 5.823 ; 5.931 ; 6.430 ;
; iKeys[0]   ; oLEDs_Res[2] ; 5.276 ; 5.787 ; 5.861 ; 6.394 ;
; iKeys[0]   ; oLEDs_Res[3] ; 6.002 ; 6.782 ; 6.587 ; 7.389 ;
; iKeys[0]   ; oLEDs_Res[4] ; 5.559 ; 6.165 ; 6.226 ; 6.795 ;
; iKeys[1]   ; o7segD[0]    ; 4.476 ; 4.606 ; 5.100 ; 5.230 ;
; iKeys[1]   ; o7segD[2]    ; 4.486 ; 4.599 ; 5.110 ; 5.223 ;
; iKeys[1]   ; o7segD[3]    ; 4.471 ; 4.601 ; 5.095 ; 5.225 ;
; iKeys[1]   ; o7segD[4]    ; 4.333 ; 4.413 ; 4.957 ; 5.037 ;
; iKeys[1]   ; o7segD[5]    ; 4.464 ; 4.624 ; 5.088 ; 5.245 ;
; iKeys[1]   ; o7segD[6]    ; 4.848 ; 4.655 ; 5.469 ; 5.279 ;
; iKeys[1]   ; o7segU[0]    ; 4.847 ; 5.053 ; 5.471 ; 5.677 ;
; iKeys[1]   ; o7segU[1]    ; 4.755 ; 4.887 ; 5.379 ; 5.511 ;
; iKeys[1]   ; o7segU[2]    ; 4.858 ; 5.035 ; 5.482 ; 5.659 ;
; iKeys[1]   ; o7segU[3]    ; 4.810 ; 4.994 ; 5.434 ; 5.618 ;
; iKeys[1]   ; o7segU[4]    ; 4.764 ; 4.925 ; 5.388 ; 5.549 ;
; iKeys[1]   ; o7segU[5]    ; 4.809 ; 4.984 ; 5.433 ; 5.608 ;
; iKeys[1]   ; o7segU[6]    ; 4.873 ; 4.734 ; 5.497 ; 5.358 ;
; iKeys[1]   ; oLED_Carry   ; 5.256 ; 5.699 ; 5.880 ; 6.320 ;
; iKeys[1]   ; oLEDs_Res[0] ; 5.347 ; 5.812 ; 5.971 ; 6.436 ;
; iKeys[1]   ; oLEDs_Res[1] ; 5.423 ; 5.920 ; 6.047 ; 6.541 ;
; iKeys[1]   ; oLEDs_Res[2] ; 5.353 ; 5.884 ; 5.977 ; 6.505 ;
; iKeys[1]   ; oLEDs_Res[3] ; 6.079 ; 6.879 ; 6.703 ; 7.500 ;
; iKeys[1]   ; oLEDs_Res[4] ; 5.697 ; 6.303 ; 6.320 ; 6.926 ;
; iKeys[2]   ; o7segD[0]    ; 4.266 ; 4.396 ; 4.803 ; 4.933 ;
; iKeys[2]   ; o7segD[2]    ; 4.276 ; 4.389 ; 4.813 ; 4.926 ;
; iKeys[2]   ; o7segD[3]    ; 4.261 ; 4.391 ; 4.798 ; 4.928 ;
; iKeys[2]   ; o7segD[4]    ; 4.123 ; 4.203 ; 4.660 ; 4.740 ;
; iKeys[2]   ; o7segD[5]    ; 4.254 ; 4.414 ; 4.791 ; 4.947 ;
; iKeys[2]   ; o7segD[6]    ; 4.638 ; 4.445 ; 5.171 ; 4.982 ;
; iKeys[2]   ; o7segU[0]    ; 4.637 ; 4.843 ; 5.174 ; 5.380 ;
; iKeys[2]   ; o7segU[1]    ; 4.545 ; 4.677 ; 5.082 ; 5.214 ;
; iKeys[2]   ; o7segU[2]    ; 4.648 ; 4.825 ; 5.185 ; 5.362 ;
; iKeys[2]   ; o7segU[3]    ; 4.600 ; 4.784 ; 5.137 ; 5.321 ;
; iKeys[2]   ; o7segU[4]    ; 4.554 ; 4.715 ; 5.091 ; 5.252 ;
; iKeys[2]   ; o7segU[5]    ; 4.599 ; 4.774 ; 5.136 ; 5.311 ;
; iKeys[2]   ; o7segU[6]    ; 4.663 ; 4.524 ; 5.200 ; 5.061 ;
; iKeys[2]   ; oLED_Carry   ; 5.046 ; 5.489 ; 5.583 ; 6.022 ;
; iKeys[2]   ; oLEDs_Res[0] ; 5.137 ; 5.602 ; 5.674 ; 6.139 ;
; iKeys[2]   ; oLEDs_Res[1] ; 5.213 ; 5.710 ; 5.750 ; 6.243 ;
; iKeys[2]   ; oLEDs_Res[2] ; 5.143 ; 5.674 ; 5.680 ; 6.207 ;
; iKeys[2]   ; oLEDs_Res[3] ; 5.869 ; 6.669 ; 6.406 ; 7.202 ;
; iKeys[2]   ; oLEDs_Res[4] ; 5.484 ; 6.093 ; 6.022 ; 6.641 ;
; iKeys[3]   ; o7segD[0]    ; 4.159 ; 4.289 ; 4.706 ; 4.836 ;
; iKeys[3]   ; o7segD[2]    ; 4.169 ; 4.282 ; 4.716 ; 4.829 ;
; iKeys[3]   ; o7segD[3]    ; 4.154 ; 4.284 ; 4.701 ; 4.831 ;
; iKeys[3]   ; o7segD[4]    ; 4.016 ; 4.096 ; 4.563 ; 4.643 ;
; iKeys[3]   ; o7segD[5]    ; 4.147 ; 4.299 ; 4.694 ; 4.843 ;
; iKeys[3]   ; o7segD[6]    ; 4.523 ; 4.338 ; 5.067 ; 4.885 ;
; iKeys[3]   ; o7segU[0]    ; 4.530 ; 4.736 ; 5.077 ; 5.283 ;
; iKeys[3]   ; o7segU[1]    ; 4.438 ; 4.570 ; 4.985 ; 5.117 ;
; iKeys[3]   ; o7segU[2]    ; 4.541 ; 4.718 ; 5.088 ; 5.265 ;
; iKeys[3]   ; o7segU[3]    ; 4.493 ; 4.677 ; 5.040 ; 5.224 ;
; iKeys[3]   ; o7segU[4]    ; 4.447 ; 4.608 ; 4.994 ; 5.155 ;
; iKeys[3]   ; o7segU[5]    ; 4.492 ; 4.667 ; 5.039 ; 5.214 ;
; iKeys[3]   ; o7segU[6]    ; 4.556 ; 4.417 ; 5.103 ; 4.964 ;
; iKeys[3]   ; oLED_Carry   ; 4.939 ; 5.374 ; 5.486 ; 5.918 ;
; iKeys[3]   ; oLEDs_Res[0] ; 5.030 ; 5.495 ; 5.577 ; 6.042 ;
; iKeys[3]   ; oLEDs_Res[1] ; 5.106 ; 5.595 ; 5.653 ; 6.139 ;
; iKeys[3]   ; oLEDs_Res[2] ; 5.036 ; 5.559 ; 5.583 ; 6.103 ;
; iKeys[3]   ; oLEDs_Res[3] ; 5.762 ; 6.554 ; 6.309 ; 7.098 ;
; iKeys[3]   ; oLEDs_Res[4] ; 5.376 ; 5.982 ; 5.919 ; 6.525 ;
+------------+--------------+-------+-------+-------+-------+


---------------------------------------------
; Fast 1100mV 0C Model Metastability Report ;
---------------------------------------------
No synchronizer chains to report.


+----------------------------------------------------------------------------+
; Multicorner Timing Analysis Summary                                        ;
+------------------+-------+------+----------+---------+---------------------+
; Clock            ; Setup ; Hold ; Recovery ; Removal ; Minimum Pulse Width ;
+------------------+-------+------+----------+---------+---------------------+
; Worst-case Slack ; N/A   ; N/A  ; N/A      ; N/A     ; N/A                 ;
; Design-wide TNS  ; 0.0   ; 0.0  ; 0.0      ; 0.0     ; 0.0                 ;
+------------------+-------+------+----------+---------+---------------------+


+---------------------------------------------------------------+
; Propagation Delay                                             ;
+------------+--------------+--------+--------+--------+--------+
; Input Port ; Output Port  ; RR     ; RF     ; FR     ; FF     ;
+------------+--------------+--------+--------+--------+--------+
; iA[0]      ; o7segD[0]    ; 10.477 ; 10.754 ; 10.622 ; 10.912 ;
; iA[0]      ; o7segD[2]    ; 10.454 ; 10.754 ; 10.625 ; 10.912 ;
; iA[0]      ; o7segD[3]    ; 10.479 ; 10.755 ; 10.624 ; 10.913 ;
; iA[0]      ; o7segD[4]    ; 10.310 ; 10.369 ; 10.468 ; 10.527 ;
; iA[0]      ; o7segD[5]    ; 10.389 ; 10.668 ; 10.559 ; 10.826 ;
; iA[0]      ; o7segD[6]    ; 11.052 ; 10.712 ; 11.210 ; 10.883 ;
; iA[0]      ; o7segU[0]    ; 11.866 ; 12.207 ; 12.024 ; 12.365 ;
; iA[0]      ; o7segU[1]    ; 11.754 ; 11.917 ; 11.912 ; 12.075 ;
; iA[0]      ; o7segU[2]    ; 11.860 ; 12.114 ; 12.018 ; 12.272 ;
; iA[0]      ; o7segU[3]    ; 11.843 ; 12.157 ; 12.001 ; 12.315 ;
; iA[0]      ; o7segU[4]    ; 11.700 ; 11.786 ; 11.858 ; 11.944 ;
; iA[0]      ; o7segU[5]    ; 11.839 ; 12.014 ; 11.997 ; 12.172 ;
; iA[0]      ; o7segU[6]    ; 11.935 ; 11.759 ; 12.093 ; 11.917 ;
; iA[0]      ; oLED_Carry   ; 11.171 ; 11.740 ; 11.304 ; 11.874 ;
; iA[0]      ; oLEDs_Res[0] ; 10.843 ; 11.555 ; 10.959 ; 11.642 ;
; iA[0]      ; oLEDs_Res[1] ; 11.417 ; 12.004 ; 11.547 ; 12.185 ;
; iA[0]      ; oLEDs_Res[2] ; 11.157 ; 11.786 ; 11.307 ; 11.947 ;
; iA[0]      ; oLEDs_Res[3] ; 12.607 ; 13.997 ; 12.744 ; 14.146 ;
; iA[0]      ; oLEDs_Res[4] ; 11.834 ; 12.860 ; 11.989 ; 13.018 ;
; iA[1]      ; o7segD[0]    ; 10.341 ; 10.588 ; 10.536 ; 10.783 ;
; iA[1]      ; o7segD[2]    ; 10.314 ; 10.583 ; 10.519 ; 10.777 ;
; iA[1]      ; o7segD[3]    ; 10.343 ; 10.588 ; 10.538 ; 10.783 ;
; iA[1]      ; o7segD[4]    ; 10.151 ; 10.205 ; 10.346 ; 10.400 ;
; iA[1]      ; o7segD[5]    ; 10.253 ; 10.499 ; 10.458 ; 10.694 ;
; iA[1]      ; o7segD[6]    ; 10.883 ; 10.565 ; 11.078 ; 10.770 ;
; iA[1]      ; o7segU[0]    ; 11.695 ; 12.036 ; 11.846 ; 12.187 ;
; iA[1]      ; o7segU[1]    ; 11.583 ; 11.746 ; 11.759 ; 11.932 ;
; iA[1]      ; o7segU[2]    ; 11.689 ; 11.943 ; 11.844 ; 12.094 ;
; iA[1]      ; o7segU[3]    ; 11.672 ; 11.986 ; 11.850 ; 12.155 ;
; iA[1]      ; o7segU[4]    ; 11.529 ; 11.615 ; 11.680 ; 11.773 ;
; iA[1]      ; o7segU[5]    ; 11.668 ; 11.843 ; 11.851 ; 12.029 ;
; iA[1]      ; o7segU[6]    ; 11.764 ; 11.588 ; 11.915 ; 11.739 ;
; iA[1]      ; oLED_Carry   ; 11.035 ; 11.604 ; 11.218 ; 11.787 ;
; iA[1]      ; oLEDs_Res[0] ; 10.635 ; 11.191 ; 10.788 ; 11.351 ;
; iA[1]      ; oLEDs_Res[1] ; 11.143 ; 11.766 ; 11.369 ; 11.993 ;
; iA[1]      ; oLEDs_Res[2] ; 10.973 ; 11.602 ; 11.199 ; 11.828 ;
; iA[1]      ; oLEDs_Res[3] ; 12.471 ; 13.826 ; 12.658 ; 13.977 ;
; iA[1]      ; oLEDs_Res[4] ; 11.698 ; 12.689 ; 11.903 ; 12.865 ;
; iA[2]      ; o7segD[0]    ; 10.581 ; 10.846 ; 10.683 ; 10.930 ;
; iA[2]      ; o7segD[2]    ; 10.554 ; 10.846 ; 10.656 ; 10.924 ;
; iA[2]      ; o7segD[3]    ; 10.583 ; 10.847 ; 10.685 ; 10.930 ;
; iA[2]      ; o7segD[4]    ; 10.402 ; 10.461 ; 10.493 ; 10.547 ;
; iA[2]      ; o7segD[5]    ; 10.493 ; 10.760 ; 10.595 ; 10.841 ;
; iA[2]      ; o7segD[6]    ; 11.144 ; 10.805 ; 11.225 ; 10.907 ;
; iA[2]      ; o7segU[0]    ; 11.958 ; 12.299 ; 12.034 ; 12.375 ;
; iA[2]      ; o7segU[1]    ; 11.846 ; 12.009 ; 11.922 ; 12.085 ;
; iA[2]      ; o7segU[2]    ; 11.952 ; 12.206 ; 12.028 ; 12.282 ;
; iA[2]      ; o7segU[3]    ; 11.935 ; 12.249 ; 12.011 ; 12.325 ;
; iA[2]      ; o7segU[4]    ; 11.792 ; 11.878 ; 11.868 ; 11.954 ;
; iA[2]      ; o7segU[5]    ; 11.931 ; 12.106 ; 12.007 ; 12.182 ;
; iA[2]      ; o7segU[6]    ; 12.027 ; 11.851 ; 12.103 ; 11.927 ;
; iA[2]      ; oLED_Carry   ; 11.275 ; 11.844 ; 11.377 ; 11.946 ;
; iA[2]      ; oLEDs_Res[0] ; 10.277 ; 10.978 ; 10.519 ; 11.099 ;
; iA[2]      ; oLEDs_Res[2] ; 10.944 ; 11.467 ; 11.072 ; 11.701 ;
; iA[2]      ; oLEDs_Res[3] ; 12.711 ; 14.089 ; 12.870 ; 14.225 ;
; iA[2]      ; oLEDs_Res[4] ; 11.938 ; 12.952 ; 12.040 ; 13.028 ;
; iA[3]      ; o7segD[0]    ; 10.531 ; 10.813 ; 10.695 ; 10.991 ;
; iA[3]      ; o7segD[2]    ; 10.526 ; 10.813 ; 10.694 ; 10.991 ;
; iA[3]      ; o7segD[3]    ; 10.533 ; 10.814 ; 10.697 ; 10.992 ;
; iA[3]      ; o7segD[4]    ; 10.369 ; 10.428 ; 10.547 ; 10.606 ;
; iA[3]      ; o7segD[5]    ; 10.460 ; 10.727 ; 10.628 ; 10.905 ;
; iA[3]      ; o7segD[6]    ; 11.111 ; 10.784 ; 11.289 ; 10.952 ;
; iA[3]      ; o7segU[0]    ; 11.925 ; 12.266 ; 12.103 ; 12.444 ;
; iA[3]      ; o7segU[1]    ; 11.813 ; 11.976 ; 11.991 ; 12.154 ;
; iA[3]      ; o7segU[2]    ; 11.919 ; 12.173 ; 12.097 ; 12.351 ;
; iA[3]      ; o7segU[3]    ; 11.902 ; 12.216 ; 12.080 ; 12.394 ;
; iA[3]      ; o7segU[4]    ; 11.759 ; 11.845 ; 11.937 ; 12.023 ;
; iA[3]      ; o7segU[5]    ; 11.898 ; 12.073 ; 12.076 ; 12.251 ;
; iA[3]      ; o7segU[6]    ; 11.994 ; 11.818 ; 12.172 ; 11.996 ;
; iA[3]      ; oLED_Carry   ; 11.225 ; 11.794 ; 11.389 ; 11.963 ;
; iA[3]      ; oLEDs_Res[0] ; 10.655 ; 11.221 ; 10.844 ; 11.389 ;
; iA[3]      ; oLEDs_Res[3] ; 12.749 ; 14.121 ; 12.916 ; 14.292 ;
; iA[3]      ; oLEDs_Res[4] ; 11.895 ; 12.919 ; 12.052 ; 13.097 ;
; iA[4]      ; o7segD[0]    ; 9.926  ; 10.173 ; 9.996  ; 10.243 ;
; iA[4]      ; o7segD[2]    ; 9.816  ; 10.167 ; 9.915  ; 10.237 ;
; iA[4]      ; o7segD[3]    ; 9.928  ; 10.173 ; 9.998  ; 10.243 ;
; iA[4]      ; o7segD[4]    ; 9.736  ; 9.790  ; 9.806  ; 9.860  ;
; iA[4]      ; o7segD[5]    ; 9.755  ; 10.084 ; 9.854  ; 10.154 ;
; iA[4]      ; o7segD[6]    ; 10.468 ; 10.067 ; 10.538 ; 10.166 ;
; iA[4]      ; o7segU[0]    ; 11.235 ; 11.550 ; 11.313 ; 11.654 ;
; iA[4]      ; o7segU[1]    ; 11.149 ; 11.322 ; 11.219 ; 11.392 ;
; iA[4]      ; o7segU[2]    ; 11.234 ; 11.477 ; 11.307 ; 11.561 ;
; iA[4]      ; o7segU[3]    ; 11.240 ; 11.545 ; 11.310 ; 11.615 ;
; iA[4]      ; o7segU[4]    ; 11.067 ; 11.163 ; 11.147 ; 11.233 ;
; iA[4]      ; o7segU[5]    ; 11.241 ; 11.419 ; 11.311 ; 11.489 ;
; iA[4]      ; o7segU[6]    ; 11.278 ; 11.117 ; 11.382 ; 11.206 ;
; iA[4]      ; oLED_Carry   ; 11.113 ; 11.633 ; 11.221 ; 11.764 ;
; iA[4]      ; oLEDs_Res[0] ; 10.815 ; 11.484 ; 11.093 ; 11.602 ;
; iA[4]      ; oLEDs_Res[4] ; 11.200 ; 12.255 ; 11.299 ; 12.325 ;
; iB[0]      ; o7segD[0]    ; 10.409 ; 10.656 ; 10.515 ; 10.762 ;
; iB[0]      ; o7segD[2]    ; 10.392 ; 10.650 ; 10.488 ; 10.756 ;
; iB[0]      ; o7segD[3]    ; 10.411 ; 10.656 ; 10.517 ; 10.762 ;
; iB[0]      ; o7segD[4]    ; 10.219 ; 10.273 ; 10.325 ; 10.379 ;
; iB[0]      ; o7segD[5]    ; 10.331 ; 10.567 ; 10.427 ; 10.673 ;
; iB[0]      ; o7segD[6]    ; 10.951 ; 10.643 ; 11.057 ; 10.739 ;
; iB[0]      ; o7segU[0]    ; 11.750 ; 12.091 ; 11.835 ; 12.176 ;
; iB[0]      ; o7segU[1]    ; 11.638 ; 11.805 ; 11.738 ; 11.911 ;
; iB[0]      ; o7segU[2]    ; 11.744 ; 11.998 ; 11.829 ; 12.083 ;
; iB[0]      ; o7segU[3]    ; 11.727 ; 12.041 ; 11.829 ; 12.134 ;
; iB[0]      ; o7segU[4]    ; 11.584 ; 11.670 ; 11.669 ; 11.755 ;
; iB[0]      ; o7segU[5]    ; 11.724 ; 11.902 ; 11.830 ; 12.008 ;
; iB[0]      ; o7segU[6]    ; 11.819 ; 11.643 ; 11.904 ; 11.728 ;
; iB[0]      ; oLED_Carry   ; 11.091 ; 11.660 ; 11.209 ; 11.778 ;
; iB[0]      ; oLEDs_Res[0] ; 10.947 ; 11.459 ; 11.070 ; 11.688 ;
; iB[0]      ; oLEDs_Res[1] ; 11.334 ; 11.955 ; 11.455 ; 12.042 ;
; iB[0]      ; oLEDs_Res[2] ; 11.094 ; 11.734 ; 11.195 ; 11.824 ;
; iB[0]      ; oLEDs_Res[3] ; 12.531 ; 13.872 ; 12.645 ; 13.966 ;
; iB[0]      ; oLEDs_Res[4] ; 11.776 ; 12.744 ; 11.872 ; 12.844 ;
; iB[1]      ; o7segD[0]    ; 10.634 ; 10.907 ; 10.752 ; 11.040 ;
; iB[1]      ; o7segD[2]    ; 10.620 ; 10.907 ; 10.742 ; 11.040 ;
; iB[1]      ; o7segD[3]    ; 10.636 ; 10.908 ; 10.754 ; 11.041 ;
; iB[1]      ; o7segD[4]    ; 10.463 ; 10.522 ; 10.596 ; 10.655 ;
; iB[1]      ; o7segD[5]    ; 10.554 ; 10.821 ; 10.676 ; 10.954 ;
; iB[1]      ; o7segD[6]    ; 11.205 ; 10.878 ; 11.338 ; 11.000 ;
; iB[1]      ; o7segU[0]    ; 12.019 ; 12.360 ; 12.152 ; 12.493 ;
; iB[1]      ; o7segU[1]    ; 11.907 ; 12.070 ; 12.040 ; 12.203 ;
; iB[1]      ; o7segU[2]    ; 12.013 ; 12.267 ; 12.146 ; 12.400 ;
; iB[1]      ; o7segU[3]    ; 11.996 ; 12.310 ; 12.129 ; 12.443 ;
; iB[1]      ; o7segU[4]    ; 11.853 ; 11.939 ; 11.986 ; 12.072 ;
; iB[1]      ; o7segU[5]    ; 11.992 ; 12.167 ; 12.125 ; 12.300 ;
; iB[1]      ; o7segU[6]    ; 12.088 ; 11.912 ; 12.221 ; 12.045 ;
; iB[1]      ; oLED_Carry   ; 11.328 ; 11.897 ; 11.446 ; 12.015 ;
; iB[1]      ; oLEDs_Res[0] ; 10.251 ; 10.827 ; 10.395 ; 10.954 ;
; iB[1]      ; oLEDs_Res[1] ; 11.532 ; 12.124 ; 11.640 ; 12.248 ;
; iB[1]      ; oLEDs_Res[2] ; 11.314 ; 11.952 ; 11.432 ; 12.061 ;
; iB[1]      ; oLEDs_Res[3] ; 12.764 ; 14.149 ; 12.882 ; 14.283 ;
; iB[1]      ; oLEDs_Res[4] ; 11.994 ; 13.013 ; 12.109 ; 13.146 ;
; iB[2]      ; o7segD[0]    ; 10.418 ; 10.665 ; 10.546 ; 10.815 ;
; iB[2]      ; o7segD[2]    ; 10.391 ; 10.659 ; 10.519 ; 10.815 ;
; iB[2]      ; o7segD[3]    ; 10.420 ; 10.665 ; 10.548 ; 10.816 ;
; iB[2]      ; o7segD[4]    ; 10.228 ; 10.282 ; 10.371 ; 10.430 ;
; iB[2]      ; o7segD[5]    ; 10.330 ; 10.576 ; 10.458 ; 10.729 ;
; iB[2]      ; o7segD[6]    ; 10.960 ; 10.642 ; 11.113 ; 10.773 ;
; iB[2]      ; o7segU[0]    ; 11.764 ; 12.105 ; 11.927 ; 12.268 ;
; iB[2]      ; o7segU[1]    ; 11.652 ; 11.815 ; 11.815 ; 11.978 ;
; iB[2]      ; o7segU[2]    ; 11.758 ; 12.012 ; 11.921 ; 12.175 ;
; iB[2]      ; o7segU[3]    ; 11.741 ; 12.055 ; 11.904 ; 12.218 ;
; iB[2]      ; o7segU[4]    ; 11.598 ; 11.684 ; 11.761 ; 11.847 ;
; iB[2]      ; o7segU[5]    ; 11.737 ; 11.912 ; 11.900 ; 12.075 ;
; iB[2]      ; o7segU[6]    ; 11.833 ; 11.657 ; 11.996 ; 11.820 ;
; iB[2]      ; oLED_Carry   ; 11.112 ; 11.681 ; 11.240 ; 11.809 ;
; iB[2]      ; oLEDs_Res[0] ; 10.236 ; 10.899 ; 10.312 ; 11.030 ;
; iB[2]      ; oLEDs_Res[2] ; 10.580 ; 11.303 ; 10.701 ; 11.395 ;
; iB[2]      ; oLEDs_Res[3] ; 12.604 ; 13.953 ; 12.677 ; 14.058 ;
; iB[2]      ; oLEDs_Res[4] ; 11.775 ; 12.758 ; 11.903 ; 12.921 ;
; iB[3]      ; o7segD[0]    ; 10.653 ; 10.930 ; 10.822 ; 11.114 ;
; iB[3]      ; o7segD[2]    ; 10.632 ; 10.930 ; 10.827 ; 11.114 ;
; iB[3]      ; o7segD[3]    ; 10.655 ; 10.931 ; 10.824 ; 11.115 ;
; iB[3]      ; o7segD[4]    ; 10.486 ; 10.545 ; 10.670 ; 10.729 ;
; iB[3]      ; o7segD[5]    ; 10.566 ; 10.844 ; 10.761 ; 11.028 ;
; iB[3]      ; o7segD[6]    ; 11.228 ; 10.890 ; 11.412 ; 11.085 ;
; iB[3]      ; o7segU[0]    ; 12.042 ; 12.383 ; 12.226 ; 12.567 ;
; iB[3]      ; o7segU[1]    ; 11.930 ; 12.093 ; 12.114 ; 12.277 ;
; iB[3]      ; o7segU[2]    ; 12.036 ; 12.290 ; 12.220 ; 12.474 ;
; iB[3]      ; o7segU[3]    ; 12.019 ; 12.333 ; 12.203 ; 12.517 ;
; iB[3]      ; o7segU[4]    ; 11.876 ; 11.962 ; 12.060 ; 12.146 ;
; iB[3]      ; o7segU[5]    ; 12.015 ; 12.190 ; 12.199 ; 12.374 ;
; iB[3]      ; o7segU[6]    ; 12.111 ; 11.935 ; 12.295 ; 12.119 ;
; iB[3]      ; oLED_Carry   ; 11.347 ; 11.916 ; 11.516 ; 12.085 ;
; iB[3]      ; oLEDs_Res[0] ; 11.251 ; 11.801 ; 11.431 ; 11.970 ;
; iB[3]      ; oLEDs_Res[3] ; 12.861 ; 14.231 ; 13.048 ; 14.422 ;
; iB[3]      ; oLEDs_Res[4] ; 12.010 ; 13.036 ; 12.185 ; 13.220 ;
; iB[4]      ; o7segD[0]    ; 10.273 ; 10.520 ; 10.438 ; 10.699 ;
; iB[4]      ; o7segD[2]    ; 10.230 ; 10.516 ; 10.386 ; 10.699 ;
; iB[4]      ; o7segD[3]    ; 10.275 ; 10.520 ; 10.440 ; 10.700 ;
; iB[4]      ; o7segD[4]    ; 10.083 ; 10.137 ; 10.255 ; 10.314 ;
; iB[4]      ; o7segD[5]    ; 10.169 ; 10.431 ; 10.325 ; 10.613 ;
; iB[4]      ; o7segD[6]    ; 10.815 ; 10.481 ; 10.997 ; 10.637 ;
; iB[4]      ; o7segU[0]    ; 11.628 ; 11.969 ; 11.811 ; 12.152 ;
; iB[4]      ; o7segU[1]    ; 11.516 ; 11.679 ; 11.699 ; 11.862 ;
; iB[4]      ; o7segU[2]    ; 11.622 ; 11.876 ; 11.805 ; 12.059 ;
; iB[4]      ; o7segU[3]    ; 11.605 ; 11.919 ; 11.788 ; 12.102 ;
; iB[4]      ; o7segU[4]    ; 11.462 ; 11.548 ; 11.645 ; 11.731 ;
; iB[4]      ; o7segU[5]    ; 11.601 ; 11.776 ; 11.784 ; 11.959 ;
; iB[4]      ; o7segU[6]    ; 11.697 ; 11.521 ; 11.880 ; 11.704 ;
; iB[4]      ; oLED_Carry   ; 11.311 ; 11.861 ; 11.509 ; 12.049 ;
; iB[4]      ; oLEDs_Res[0] ; 11.064 ; 11.676 ; 11.195 ; 11.860 ;
; iB[4]      ; oLEDs_Res[4] ; 11.614 ; 12.622 ; 11.770 ; 12.805 ;
; iKeys[0]   ; o7segD[0]    ; 10.853 ; 11.100 ; 11.325 ; 11.561 ;
; iKeys[0]   ; o7segD[2]    ; 10.854 ; 11.094 ; 11.323 ; 11.555 ;
; iKeys[0]   ; o7segD[3]    ; 10.855 ; 11.100 ; 11.327 ; 11.561 ;
; iKeys[0]   ; o7segD[4]    ; 10.663 ; 10.717 ; 11.124 ; 11.178 ;
; iKeys[0]   ; o7segD[5]    ; 10.793 ; 11.011 ; 11.202 ; 11.472 ;
; iKeys[0]   ; o7segD[6]    ; 11.395 ; 11.105 ; 11.856 ; 11.514 ;
; iKeys[0]   ; o7segU[0]    ; 12.162 ; 12.469 ; 12.631 ; 12.972 ;
; iKeys[0]   ; o7segU[1]    ; 12.076 ; 12.249 ; 12.537 ; 12.710 ;
; iKeys[0]   ; o7segU[2]    ; 12.161 ; 12.404 ; 12.625 ; 12.879 ;
; iKeys[0]   ; o7segU[3]    ; 12.167 ; 12.472 ; 12.628 ; 12.933 ;
; iKeys[0]   ; o7segU[4]    ; 11.994 ; 12.090 ; 12.465 ; 12.551 ;
; iKeys[0]   ; o7segU[5]    ; 12.168 ; 12.346 ; 12.629 ; 12.807 ;
; iKeys[0]   ; o7segU[6]    ; 12.196 ; 12.044 ; 12.700 ; 12.524 ;
; iKeys[0]   ; oLED_Carry   ; 10.914 ; 11.769 ; 11.568 ; 12.024 ;
; iKeys[0]   ; oLEDs_Res[0] ; 12.176 ; 12.935 ; 12.704 ; 13.516 ;
; iKeys[0]   ; oLEDs_Res[1] ; 11.758 ; 12.458 ; 12.318 ; 13.007 ;
; iKeys[0]   ; oLEDs_Res[2] ; 11.646 ; 12.403 ; 12.202 ; 12.983 ;
; iKeys[0]   ; oLEDs_Res[3] ; 12.850 ; 14.159 ; 13.452 ; 14.768 ;
; iKeys[0]   ; oLEDs_Res[4] ; 12.238 ; 13.182 ; 12.647 ; 13.643 ;
; iKeys[1]   ; o7segD[0]    ; 11.162 ; 11.303 ; 11.690 ; 11.820 ;
; iKeys[1]   ; o7segD[2]    ; 11.162 ; 11.296 ; 11.688 ; 11.784 ;
; iKeys[1]   ; o7segD[3]    ; 11.164 ; 11.303 ; 11.692 ; 11.820 ;
; iKeys[1]   ; o7segD[4]    ; 10.865 ; 10.999 ; 11.352 ; 11.496 ;
; iKeys[1]   ; o7segD[5]    ; 11.059 ; 11.213 ; 11.557 ; 11.727 ;
; iKeys[1]   ; o7segD[6]    ; 11.597 ; 11.371 ; 12.111 ; 11.869 ;
; iKeys[1]   ; o7segU[0]    ; 12.412 ; 12.719 ; 12.890 ; 13.231 ;
; iKeys[1]   ; o7segU[1]    ; 12.304 ; 12.451 ; 12.778 ; 12.938 ;
; iKeys[1]   ; o7segU[2]    ; 12.411 ; 12.646 ; 12.884 ; 13.111 ;
; iKeys[1]   ; o7segU[3]    ; 12.401 ; 12.674 ; 12.867 ; 13.161 ;
; iKeys[1]   ; o7segU[4]    ; 12.244 ; 12.349 ; 12.724 ; 12.812 ;
; iKeys[1]   ; o7segU[5]    ; 12.418 ; 12.548 ; 12.882 ; 13.035 ;
; iKeys[1]   ; o7segU[6]    ; 12.423 ; 12.263 ; 12.935 ; 12.760 ;
; iKeys[1]   ; oLED_Carry   ; 11.444 ; 12.184 ; 11.931 ; 12.682 ;
; iKeys[1]   ; oLEDs_Res[0] ; 12.593 ; 13.352 ; 13.069 ; 13.884 ;
; iKeys[1]   ; oLEDs_Res[1] ; 12.175 ; 12.875 ; 12.683 ; 13.372 ;
; iKeys[1]   ; oLEDs_Res[2] ; 12.063 ; 12.820 ; 12.567 ; 13.348 ;
; iKeys[1]   ; oLEDs_Res[3] ; 13.328 ; 14.644 ; 13.815 ; 15.177 ;
; iKeys[1]   ; oLEDs_Res[4] ; 12.504 ; 13.384 ; 13.002 ; 13.871 ;
; iKeys[2]   ; o7segD[0]    ; 10.746 ; 10.904 ; 11.045 ; 11.175 ;
; iKeys[2]   ; o7segD[2]    ; 10.744 ; 10.898 ; 11.043 ; 11.165 ;
; iKeys[2]   ; o7segD[3]    ; 10.748 ; 10.904 ; 11.047 ; 11.175 ;
; iKeys[2]   ; o7segD[4]    ; 10.467 ; 10.552 ; 10.734 ; 10.851 ;
; iKeys[2]   ; o7segD[5]    ; 10.671 ; 10.815 ; 10.930 ; 11.082 ;
; iKeys[2]   ; o7segD[6]    ; 11.199 ; 10.983 ; 11.466 ; 11.242 ;
; iKeys[2]   ; o7segU[0]    ; 11.966 ; 12.286 ; 12.241 ; 12.582 ;
; iKeys[2]   ; o7segU[1]    ; 11.880 ; 12.053 ; 12.147 ; 12.320 ;
; iKeys[2]   ; o7segU[2]    ; 11.965 ; 12.208 ; 12.235 ; 12.486 ;
; iKeys[2]   ; o7segU[3]    ; 11.971 ; 12.276 ; 12.238 ; 12.543 ;
; iKeys[2]   ; o7segU[4]    ; 11.798 ; 11.894 ; 12.075 ; 12.163 ;
; iKeys[2]   ; o7segU[5]    ; 11.972 ; 12.150 ; 12.239 ; 12.417 ;
; iKeys[2]   ; o7segU[6]    ; 12.014 ; 11.848 ; 12.307 ; 12.131 ;
; iKeys[2]   ; oLED_Carry   ; 10.792 ; 11.796 ; 11.313 ; 11.634 ;
; iKeys[2]   ; oLEDs_Res[0] ; 12.125 ; 12.937 ; 12.424 ; 13.236 ;
; iKeys[2]   ; oLEDs_Res[1] ; 11.739 ; 12.428 ; 12.038 ; 12.727 ;
; iKeys[2]   ; oLEDs_Res[2] ; 11.637 ; 12.404 ; 11.922 ; 12.703 ;
; iKeys[2]   ; oLEDs_Res[3] ; 12.877 ; 14.216 ; 13.197 ; 14.555 ;
; iKeys[2]   ; oLEDs_Res[4] ; 12.116 ; 12.986 ; 12.375 ; 13.253 ;
; iKeys[3]   ; o7segD[0]    ; 10.349 ; 10.479 ; 10.661 ; 10.791 ;
; iKeys[3]   ; o7segD[2]    ; 10.347 ; 10.453 ; 10.659 ; 10.766 ;
; iKeys[3]   ; o7segD[3]    ; 10.351 ; 10.479 ; 10.663 ; 10.791 ;
; iKeys[3]   ; o7segD[4]    ; 10.022 ; 10.155 ; 10.335 ; 10.467 ;
; iKeys[3]   ; o7segD[5]    ; 10.200 ; 10.386 ; 10.534 ; 10.698 ;
; iKeys[3]   ; o7segD[6]    ; 10.770 ; 10.512 ; 11.082 ; 10.846 ;
; iKeys[3]   ; o7segU[0]    ; 11.547 ; 11.866 ; 11.876 ; 12.183 ;
; iKeys[3]   ; o7segU[1]    ; 11.439 ; 11.608 ; 11.768 ; 11.921 ;
; iKeys[3]   ; o7segU[2]    ; 11.546 ; 11.781 ; 11.875 ; 12.110 ;
; iKeys[3]   ; o7segU[3]    ; 11.536 ; 11.831 ; 11.865 ; 12.144 ;
; iKeys[3]   ; o7segU[4]    ; 11.379 ; 11.484 ; 11.708 ; 11.813 ;
; iKeys[3]   ; o7segU[5]    ; 11.553 ; 11.705 ; 11.882 ; 12.018 ;
; iKeys[3]   ; o7segU[6]    ; 11.579 ; 11.419 ; 11.891 ; 11.731 ;
; iKeys[3]   ; oLED_Carry   ; 10.591 ; 11.320 ; 10.903 ; 11.649 ;
; iKeys[3]   ; oLEDs_Res[0] ; 11.728 ; 12.540 ; 12.057 ; 12.852 ;
; iKeys[3]   ; oLEDs_Res[1] ; 11.342 ; 12.031 ; 11.654 ; 12.343 ;
; iKeys[3]   ; oLEDs_Res[2] ; 11.226 ; 12.007 ; 11.538 ; 12.319 ;
; iKeys[3]   ; oLEDs_Res[3] ; 12.475 ; 13.791 ; 12.787 ; 14.103 ;
; iKeys[3]   ; oLEDs_Res[4] ; 11.645 ; 12.541 ; 11.979 ; 12.854 ;
+------------+--------------+--------+--------+--------+--------+


+-----------------------------------------------------------+
; Minimum Propagation Delay                                 ;
+------------+--------------+-------+-------+-------+-------+
; Input Port ; Output Port  ; RR    ; RF    ; FR    ; FF    ;
+------------+--------------+-------+-------+-------+-------+
; iA[0]      ; o7segD[0]    ; 4.326 ; 4.495 ; 4.779 ; 4.925 ;
; iA[0]      ; o7segD[2]    ; 4.367 ; 4.488 ; 4.800 ; 4.918 ;
; iA[0]      ; o7segD[3]    ; 4.321 ; 4.490 ; 4.774 ; 4.920 ;
; iA[0]      ; o7segD[4]    ; 4.211 ; 4.299 ; 4.644 ; 4.732 ;
; iA[0]      ; o7segD[5]    ; 4.299 ; 4.489 ; 4.752 ; 4.926 ;
; iA[0]      ; o7segD[6]    ; 4.720 ; 4.522 ; 5.150 ; 4.955 ;
; iA[0]      ; o7segU[0]    ; 4.347 ; 4.553 ; 4.791 ; 4.997 ;
; iA[0]      ; o7segU[1]    ; 4.255 ; 4.387 ; 4.699 ; 4.831 ;
; iA[0]      ; o7segU[2]    ; 4.377 ; 4.535 ; 4.816 ; 4.979 ;
; iA[0]      ; o7segU[3]    ; 4.310 ; 4.494 ; 4.754 ; 4.938 ;
; iA[0]      ; o7segU[4]    ; 4.264 ; 4.444 ; 4.708 ; 4.883 ;
; iA[0]      ; o7segU[5]    ; 4.309 ; 4.503 ; 4.753 ; 4.942 ;
; iA[0]      ; o7segU[6]    ; 4.405 ; 4.309 ; 4.849 ; 4.748 ;
; iA[0]      ; oLED_Carry   ; 5.159 ; 5.601 ; 5.587 ; 6.029 ;
; iA[0]      ; oLEDs_Res[0] ; 4.847 ; 5.331 ; 5.291 ; 5.770 ;
; iA[0]      ; oLEDs_Res[1] ; 5.132 ; 5.598 ; 5.585 ; 6.043 ;
; iA[0]      ; oLEDs_Res[2] ; 5.041 ; 5.548 ; 5.474 ; 5.980 ;
; iA[0]      ; oLEDs_Res[3] ; 5.968 ; 6.751 ; 6.398 ; 7.181 ;
; iA[0]      ; oLEDs_Res[4] ; 5.328 ; 5.916 ; 5.768 ; 6.357 ;
; iA[1]      ; o7segD[0]    ; 3.772 ; 4.035 ; 4.239 ; 4.475 ;
; iA[1]      ; o7segD[2]    ; 3.900 ; 3.945 ; 4.340 ; 4.412 ;
; iA[1]      ; o7segD[3]    ; 3.767 ; 4.030 ; 4.234 ; 4.470 ;
; iA[1]      ; o7segD[4]    ; 3.687 ; 3.867 ; 4.154 ; 4.307 ;
; iA[1]      ; o7segD[5]    ; 3.745 ; 3.972 ; 4.212 ; 4.412 ;
; iA[1]      ; o7segD[6]    ; 4.542 ; 4.347 ; 5.034 ; 4.825 ;
; iA[1]      ; o7segU[0]    ; 4.173 ; 4.420 ; 4.640 ; 4.887 ;
; iA[1]      ; o7segU[1]    ; 4.140 ; 4.283 ; 4.607 ; 4.750 ;
; iA[1]      ; o7segU[2]    ; 4.212 ; 4.401 ; 4.679 ; 4.868 ;
; iA[1]      ; o7segU[3]    ; 4.189 ; 4.380 ; 4.656 ; 4.847 ;
; iA[1]      ; o7segU[4]    ; 4.119 ; 4.273 ; 4.586 ; 4.740 ;
; iA[1]      ; o7segU[5]    ; 4.177 ; 4.339 ; 4.644 ; 4.806 ;
; iA[1]      ; o7segU[6]    ; 4.224 ; 4.058 ; 4.691 ; 4.525 ;
; iA[1]      ; oLED_Carry   ; 4.979 ; 5.421 ; 5.471 ; 5.913 ;
; iA[1]      ; oLEDs_Res[0] ; 4.845 ; 5.322 ; 5.307 ; 5.781 ;
; iA[1]      ; oLEDs_Res[1] ; 4.578 ; 5.081 ; 5.045 ; 5.521 ;
; iA[1]      ; oLEDs_Res[2] ; 4.866 ; 5.372 ; 5.344 ; 5.864 ;
; iA[1]      ; oLEDs_Res[3] ; 5.790 ; 6.573 ; 6.282 ; 7.065 ;
; iA[1]      ; oLEDs_Res[4] ; 5.160 ; 5.749 ; 5.644 ; 6.232 ;
; iA[2]      ; o7segD[0]    ; 4.036 ; 4.173 ; 4.491 ; 4.628 ;
; iA[2]      ; o7segD[2]    ; 4.044 ; 4.166 ; 4.499 ; 4.621 ;
; iA[2]      ; o7segD[3]    ; 4.031 ; 4.168 ; 4.486 ; 4.623 ;
; iA[2]      ; o7segD[4]    ; 3.888 ; 3.976 ; 4.343 ; 4.431 ;
; iA[2]      ; o7segD[5]    ; 4.011 ; 4.187 ; 4.466 ; 4.639 ;
; iA[2]      ; o7segD[6]    ; 4.403 ; 4.199 ; 4.855 ; 4.654 ;
; iA[2]      ; o7segU[0]    ; 4.296 ; 4.502 ; 4.768 ; 4.974 ;
; iA[2]      ; o7segU[1]    ; 4.204 ; 4.336 ; 4.676 ; 4.808 ;
; iA[2]      ; o7segU[2]    ; 4.362 ; 4.484 ; 4.791 ; 4.956 ;
; iA[2]      ; o7segU[3]    ; 4.259 ; 4.443 ; 4.731 ; 4.915 ;
; iA[2]      ; o7segU[4]    ; 4.213 ; 4.429 ; 4.685 ; 4.858 ;
; iA[2]      ; o7segU[5]    ; 4.258 ; 4.488 ; 4.730 ; 4.917 ;
; iA[2]      ; o7segU[6]    ; 4.354 ; 4.281 ; 4.826 ; 4.723 ;
; iA[2]      ; oLED_Carry   ; 5.072 ; 5.514 ; 5.541 ; 5.983 ;
; iA[2]      ; oLEDs_Res[0] ; 4.796 ; 5.316 ; 5.268 ; 5.745 ;
; iA[2]      ; oLEDs_Res[2] ; 4.718 ; 5.228 ; 5.173 ; 5.680 ;
; iA[2]      ; oLEDs_Res[3] ; 5.853 ; 6.635 ; 6.317 ; 7.091 ;
; iA[2]      ; oLEDs_Res[4] ; 5.253 ; 5.842 ; 5.710 ; 6.298 ;
; iA[3]      ; o7segD[0]    ; 3.564 ; 3.694 ; 4.020 ; 4.150 ;
; iA[3]      ; o7segD[2]    ; 3.574 ; 3.687 ; 4.030 ; 4.143 ;
; iA[3]      ; o7segD[3]    ; 3.559 ; 3.689 ; 4.015 ; 4.145 ;
; iA[3]      ; o7segD[4]    ; 3.421 ; 3.501 ; 3.877 ; 3.957 ;
; iA[3]      ; o7segD[5]    ; 3.552 ; 3.687 ; 4.008 ; 4.118 ;
; iA[3]      ; o7segD[6]    ; 3.911 ; 3.743 ; 4.342 ; 4.199 ;
; iA[3]      ; o7segU[0]    ; 3.957 ; 4.181 ; 4.413 ; 4.637 ;
; iA[3]      ; o7segU[1]    ; 3.889 ; 4.044 ; 4.345 ; 4.500 ;
; iA[3]      ; o7segU[2]    ; 3.966 ; 4.180 ; 4.422 ; 4.636 ;
; iA[3]      ; o7segU[3]    ; 3.938 ; 4.146 ; 4.394 ; 4.602 ;
; iA[3]      ; o7segU[4]    ; 3.884 ; 4.034 ; 4.340 ; 4.490 ;
; iA[3]      ; o7segU[5]    ; 3.926 ; 4.100 ; 4.382 ; 4.556 ;
; iA[3]      ; o7segU[6]    ; 4.021 ; 3.885 ; 4.477 ; 4.341 ;
; iA[3]      ; oLED_Carry   ; 5.028 ; 5.470 ; 5.487 ; 5.929 ;
; iA[3]      ; oLEDs_Res[0] ; 4.863 ; 5.339 ; 5.338 ; 5.811 ;
; iA[3]      ; oLEDs_Res[3] ; 5.167 ; 5.942 ; 5.623 ; 6.373 ;
; iA[3]      ; oLEDs_Res[4] ; 5.195 ; 5.771 ; 5.651 ; 6.244 ;
; iA[4]      ; o7segD[0]    ; 3.854 ; 3.972 ; 4.292 ; 4.410 ;
; iA[4]      ; o7segD[2]    ; 3.883 ; 4.080 ; 4.321 ; 4.516 ;
; iA[4]      ; o7segD[3]    ; 3.849 ; 3.967 ; 4.287 ; 4.405 ;
; iA[4]      ; o7segD[4]    ; 3.727 ; 3.814 ; 4.165 ; 4.252 ;
; iA[4]      ; o7segD[5]    ; 3.832 ; 4.016 ; 4.270 ; 4.452 ;
; iA[4]      ; o7segD[6]    ; 4.232 ; 4.020 ; 4.668 ; 4.458 ;
; iA[4]      ; o7segU[0]    ; 4.273 ; 4.507 ; 4.711 ; 4.945 ;
; iA[4]      ; o7segU[1]    ; 4.171 ; 4.333 ; 4.609 ; 4.771 ;
; iA[4]      ; o7segU[2]    ; 4.248 ; 4.469 ; 4.686 ; 4.907 ;
; iA[4]      ; o7segU[3]    ; 4.220 ; 4.435 ; 4.658 ; 4.873 ;
; iA[4]      ; o7segU[4]    ; 4.166 ; 4.323 ; 4.604 ; 4.761 ;
; iA[4]      ; o7segU[5]    ; 4.208 ; 4.389 ; 4.646 ; 4.827 ;
; iA[4]      ; o7segU[6]    ; 4.293 ; 4.146 ; 4.731 ; 4.584 ;
; iA[4]      ; oLED_Carry   ; 4.973 ; 5.414 ; 5.410 ; 5.843 ;
; iA[4]      ; oLEDs_Res[0] ; 4.929 ; 5.451 ; 5.382 ; 5.869 ;
; iA[4]      ; oLEDs_Res[4] ; 4.723 ; 5.307 ; 5.161 ; 5.743 ;
; iB[0]      ; o7segD[0]    ; 4.294 ; 4.440 ; 4.721 ; 4.890 ;
; iB[0]      ; o7segD[2]    ; 4.315 ; 4.433 ; 4.762 ; 4.883 ;
; iB[0]      ; o7segD[3]    ; 4.289 ; 4.435 ; 4.716 ; 4.885 ;
; iB[0]      ; o7segD[4]    ; 4.159 ; 4.247 ; 4.606 ; 4.694 ;
; iB[0]      ; o7segD[5]    ; 4.267 ; 4.441 ; 4.694 ; 4.884 ;
; iB[0]      ; o7segD[6]    ; 4.665 ; 4.470 ; 5.115 ; 4.917 ;
; iB[0]      ; o7segU[0]    ; 4.225 ; 4.431 ; 4.690 ; 4.896 ;
; iB[0]      ; o7segU[1]    ; 4.133 ; 4.265 ; 4.598 ; 4.730 ;
; iB[0]      ; o7segU[2]    ; 4.286 ; 4.413 ; 4.716 ; 4.878 ;
; iB[0]      ; o7segU[3]    ; 4.188 ; 4.372 ; 4.653 ; 4.837 ;
; iB[0]      ; o7segU[4]    ; 4.142 ; 4.353 ; 4.607 ; 4.783 ;
; iB[0]      ; o7segU[5]    ; 4.187 ; 4.412 ; 4.652 ; 4.842 ;
; iB[0]      ; o7segU[6]    ; 4.283 ; 4.218 ; 4.748 ; 4.648 ;
; iB[0]      ; oLED_Carry   ; 5.102 ; 5.544 ; 5.554 ; 5.996 ;
; iB[0]      ; oLEDs_Res[0] ; 4.725 ; 5.240 ; 5.190 ; 5.670 ;
; iB[0]      ; oLEDs_Res[1] ; 5.100 ; 5.558 ; 5.527 ; 5.993 ;
; iB[0]      ; oLEDs_Res[2] ; 4.989 ; 5.495 ; 5.436 ; 5.943 ;
; iB[0]      ; oLEDs_Res[3] ; 5.913 ; 6.696 ; 6.363 ; 7.146 ;
; iB[0]      ; oLEDs_Res[4] ; 5.283 ; 5.872 ; 5.723 ; 6.311 ;
; iB[1]      ; o7segD[0]    ; 3.859 ; 4.107 ; 4.337 ; 4.542 ;
; iB[1]      ; o7segD[2]    ; 3.972 ; 4.032 ; 4.407 ; 4.510 ;
; iB[1]      ; o7segD[3]    ; 3.854 ; 4.102 ; 4.332 ; 4.537 ;
; iB[1]      ; o7segD[4]    ; 3.774 ; 3.939 ; 4.252 ; 4.374 ;
; iB[1]      ; o7segD[5]    ; 3.832 ; 4.044 ; 4.310 ; 4.479 ;
; iB[1]      ; o7segD[6]    ; 4.667 ; 4.452 ; 5.087 ; 4.899 ;
; iB[1]      ; o7segU[0]    ; 4.260 ; 4.484 ; 4.732 ; 4.938 ;
; iB[1]      ; o7segU[1]    ; 4.186 ; 4.318 ; 4.640 ; 4.772 ;
; iB[1]      ; o7segU[2]    ; 4.292 ; 4.466 ; 4.744 ; 4.920 ;
; iB[1]      ; o7segU[3]    ; 4.241 ; 4.425 ; 4.695 ; 4.879 ;
; iB[1]      ; o7segU[4]    ; 4.195 ; 4.359 ; 4.649 ; 4.811 ;
; iB[1]      ; o7segU[5]    ; 4.240 ; 4.418 ; 4.694 ; 4.870 ;
; iB[1]      ; o7segU[6]    ; 4.311 ; 4.145 ; 4.789 ; 4.623 ;
; iB[1]      ; oLED_Carry   ; 5.105 ; 5.547 ; 5.547 ; 5.989 ;
; iB[1]      ; oLEDs_Res[0] ; 4.778 ; 5.246 ; 5.232 ; 5.698 ;
; iB[1]      ; oLEDs_Res[1] ; 4.665 ; 5.153 ; 5.143 ; 5.588 ;
; iB[1]      ; oLEDs_Res[2] ; 4.971 ; 5.492 ; 5.418 ; 5.912 ;
; iB[1]      ; oLEDs_Res[3] ; 5.915 ; 6.698 ; 6.356 ; 7.139 ;
; iB[1]      ; oLEDs_Res[4] ; 5.275 ; 5.863 ; 5.716 ; 6.304 ;
; iB[2]      ; o7segD[0]    ; 3.894 ; 4.031 ; 4.362 ; 4.499 ;
; iB[2]      ; o7segD[2]    ; 3.902 ; 4.024 ; 4.370 ; 4.492 ;
; iB[2]      ; o7segD[3]    ; 3.889 ; 4.026 ; 4.357 ; 4.494 ;
; iB[2]      ; o7segD[4]    ; 3.746 ; 3.834 ; 4.214 ; 4.302 ;
; iB[2]      ; o7segD[5]    ; 3.869 ; 4.057 ; 4.337 ; 4.488 ;
; iB[2]      ; o7segD[6]    ; 4.273 ; 4.057 ; 4.704 ; 4.525 ;
; iB[2]      ; o7segU[0]    ; 4.261 ; 4.467 ; 4.705 ; 4.911 ;
; iB[2]      ; o7segU[1]    ; 4.169 ; 4.301 ; 4.613 ; 4.745 ;
; iB[2]      ; o7segU[2]    ; 4.274 ; 4.449 ; 4.730 ; 4.893 ;
; iB[2]      ; o7segU[3]    ; 4.224 ; 4.408 ; 4.668 ; 4.852 ;
; iB[2]      ; o7segU[4]    ; 4.178 ; 4.341 ; 4.622 ; 4.797 ;
; iB[2]      ; o7segU[5]    ; 4.223 ; 4.400 ; 4.667 ; 4.856 ;
; iB[2]      ; o7segU[6]    ; 4.298 ; 4.139 ; 4.763 ; 4.607 ;
; iB[2]      ; oLED_Carry   ; 5.022 ; 5.464 ; 5.466 ; 5.908 ;
; iB[2]      ; oLEDs_Res[0] ; 4.761 ; 5.228 ; 5.205 ; 5.684 ;
; iB[2]      ; oLEDs_Res[2] ; 4.576 ; 5.098 ; 5.044 ; 5.529 ;
; iB[2]      ; oLEDs_Res[3] ; 5.813 ; 6.587 ; 6.256 ; 7.038 ;
; iB[2]      ; oLEDs_Res[4] ; 5.197 ; 5.785 ; 5.647 ; 6.236 ;
; iB[3]      ; o7segD[0]    ; 3.711 ; 3.841 ; 4.182 ; 4.308 ;
; iB[3]      ; o7segD[2]    ; 3.721 ; 3.834 ; 4.187 ; 4.298 ;
; iB[3]      ; o7segD[3]    ; 3.706 ; 3.836 ; 4.177 ; 4.303 ;
; iB[3]      ; o7segD[4]    ; 3.568 ; 3.648 ; 4.039 ; 4.115 ;
; iB[3]      ; o7segD[5]    ; 3.699 ; 3.821 ; 4.180 ; 4.265 ;
; iB[3]      ; o7segD[6]    ; 4.045 ; 3.890 ; 4.489 ; 4.371 ;
; iB[3]      ; o7segU[0]    ; 4.104 ; 4.328 ; 4.570 ; 4.792 ;
; iB[3]      ; o7segU[1]    ; 4.036 ; 4.191 ; 4.507 ; 4.659 ;
; iB[3]      ; o7segU[2]    ; 4.113 ; 4.327 ; 4.584 ; 4.795 ;
; iB[3]      ; o7segU[3]    ; 4.085 ; 4.293 ; 4.556 ; 4.761 ;
; iB[3]      ; o7segU[4]    ; 4.031 ; 4.181 ; 4.502 ; 4.646 ;
; iB[3]      ; o7segU[5]    ; 4.073 ; 4.247 ; 4.544 ; 4.715 ;
; iB[3]      ; o7segU[6]    ; 4.168 ; 4.032 ; 4.632 ; 4.498 ;
; iB[3]      ; oLED_Carry   ; 5.137 ; 5.579 ; 5.602 ; 6.044 ;
; iB[3]      ; oLEDs_Res[0] ; 5.123 ; 5.606 ; 5.593 ; 6.074 ;
; iB[3]      ; oLEDs_Res[3] ; 5.314 ; 6.076 ; 5.795 ; 6.520 ;
; iB[3]      ; oLEDs_Res[4] ; 5.297 ; 5.894 ; 5.769 ; 6.345 ;
; iB[4]      ; o7segD[0]    ; 4.057 ; 4.175 ; 4.525 ; 4.643 ;
; iB[4]      ; o7segD[2]    ; 4.086 ; 4.293 ; 4.554 ; 4.758 ;
; iB[4]      ; o7segD[3]    ; 4.052 ; 4.170 ; 4.520 ; 4.638 ;
; iB[4]      ; o7segD[4]    ; 3.930 ; 4.017 ; 4.398 ; 4.485 ;
; iB[4]      ; o7segD[5]    ; 4.035 ; 4.229 ; 4.503 ; 4.694 ;
; iB[4]      ; o7segD[6]    ; 4.445 ; 4.223 ; 4.910 ; 4.691 ;
; iB[4]      ; o7segU[0]    ; 4.476 ; 4.710 ; 4.944 ; 5.178 ;
; iB[4]      ; o7segU[1]    ; 4.374 ; 4.536 ; 4.842 ; 5.004 ;
; iB[4]      ; o7segU[2]    ; 4.451 ; 4.672 ; 4.919 ; 5.140 ;
; iB[4]      ; o7segU[3]    ; 4.423 ; 4.638 ; 4.891 ; 5.106 ;
; iB[4]      ; o7segU[4]    ; 4.369 ; 4.526 ; 4.837 ; 4.994 ;
; iB[4]      ; o7segU[5]    ; 4.411 ; 4.592 ; 4.879 ; 5.060 ;
; iB[4]      ; o7segU[6]    ; 4.496 ; 4.349 ; 4.964 ; 4.817 ;
; iB[4]      ; oLED_Carry   ; 5.083 ; 5.516 ; 5.556 ; 5.997 ;
; iB[4]      ; oLEDs_Res[0] ; 5.061 ; 5.525 ; 5.521 ; 6.007 ;
; iB[4]      ; oLEDs_Res[4] ; 4.926 ; 5.520 ; 5.394 ; 5.985 ;
; iKeys[0]   ; o7segD[0]    ; 4.399 ; 4.529 ; 4.984 ; 5.114 ;
; iKeys[0]   ; o7segD[2]    ; 4.409 ; 4.522 ; 4.994 ; 5.107 ;
; iKeys[0]   ; o7segD[3]    ; 4.394 ; 4.524 ; 4.979 ; 5.109 ;
; iKeys[0]   ; o7segD[4]    ; 4.256 ; 4.336 ; 4.841 ; 4.921 ;
; iKeys[0]   ; o7segD[5]    ; 4.387 ; 4.527 ; 4.972 ; 5.134 ;
; iKeys[0]   ; o7segD[6]    ; 4.751 ; 4.578 ; 5.358 ; 5.163 ;
; iKeys[0]   ; o7segU[0]    ; 4.770 ; 4.976 ; 5.355 ; 5.561 ;
; iKeys[0]   ; o7segU[1]    ; 4.678 ; 4.810 ; 5.263 ; 5.395 ;
; iKeys[0]   ; o7segU[2]    ; 4.781 ; 4.958 ; 5.366 ; 5.543 ;
; iKeys[0]   ; o7segU[3]    ; 4.733 ; 4.917 ; 5.318 ; 5.502 ;
; iKeys[0]   ; o7segU[4]    ; 4.687 ; 4.848 ; 5.272 ; 5.433 ;
; iKeys[0]   ; o7segU[5]    ; 4.732 ; 4.907 ; 5.317 ; 5.492 ;
; iKeys[0]   ; o7segU[6]    ; 4.796 ; 4.657 ; 5.381 ; 5.242 ;
; iKeys[0]   ; oLED_Carry   ; 5.179 ; 5.602 ; 5.764 ; 6.209 ;
; iKeys[0]   ; oLEDs_Res[0] ; 5.270 ; 5.735 ; 5.855 ; 6.320 ;
; iKeys[0]   ; oLEDs_Res[1] ; 5.346 ; 5.823 ; 5.931 ; 6.430 ;
; iKeys[0]   ; oLEDs_Res[2] ; 5.276 ; 5.787 ; 5.861 ; 6.394 ;
; iKeys[0]   ; oLEDs_Res[3] ; 6.002 ; 6.782 ; 6.587 ; 7.389 ;
; iKeys[0]   ; oLEDs_Res[4] ; 5.559 ; 6.165 ; 6.226 ; 6.795 ;
; iKeys[1]   ; o7segD[0]    ; 4.476 ; 4.606 ; 5.100 ; 5.230 ;
; iKeys[1]   ; o7segD[2]    ; 4.486 ; 4.599 ; 5.110 ; 5.223 ;
; iKeys[1]   ; o7segD[3]    ; 4.471 ; 4.601 ; 5.095 ; 5.225 ;
; iKeys[1]   ; o7segD[4]    ; 4.333 ; 4.413 ; 4.957 ; 5.037 ;
; iKeys[1]   ; o7segD[5]    ; 4.464 ; 4.624 ; 5.088 ; 5.245 ;
; iKeys[1]   ; o7segD[6]    ; 4.848 ; 4.655 ; 5.469 ; 5.279 ;
; iKeys[1]   ; o7segU[0]    ; 4.847 ; 5.053 ; 5.471 ; 5.677 ;
; iKeys[1]   ; o7segU[1]    ; 4.755 ; 4.887 ; 5.379 ; 5.511 ;
; iKeys[1]   ; o7segU[2]    ; 4.858 ; 5.035 ; 5.482 ; 5.659 ;
; iKeys[1]   ; o7segU[3]    ; 4.810 ; 4.994 ; 5.434 ; 5.618 ;
; iKeys[1]   ; o7segU[4]    ; 4.764 ; 4.925 ; 5.388 ; 5.549 ;
; iKeys[1]   ; o7segU[5]    ; 4.809 ; 4.984 ; 5.433 ; 5.608 ;
; iKeys[1]   ; o7segU[6]    ; 4.873 ; 4.734 ; 5.497 ; 5.358 ;
; iKeys[1]   ; oLED_Carry   ; 5.256 ; 5.699 ; 5.880 ; 6.320 ;
; iKeys[1]   ; oLEDs_Res[0] ; 5.347 ; 5.812 ; 5.971 ; 6.436 ;
; iKeys[1]   ; oLEDs_Res[1] ; 5.423 ; 5.920 ; 6.047 ; 6.541 ;
; iKeys[1]   ; oLEDs_Res[2] ; 5.353 ; 5.884 ; 5.977 ; 6.505 ;
; iKeys[1]   ; oLEDs_Res[3] ; 6.079 ; 6.879 ; 6.703 ; 7.500 ;
; iKeys[1]   ; oLEDs_Res[4] ; 5.697 ; 6.303 ; 6.320 ; 6.926 ;
; iKeys[2]   ; o7segD[0]    ; 4.266 ; 4.396 ; 4.803 ; 4.933 ;
; iKeys[2]   ; o7segD[2]    ; 4.276 ; 4.389 ; 4.813 ; 4.926 ;
; iKeys[2]   ; o7segD[3]    ; 4.261 ; 4.391 ; 4.798 ; 4.928 ;
; iKeys[2]   ; o7segD[4]    ; 4.123 ; 4.203 ; 4.660 ; 4.740 ;
; iKeys[2]   ; o7segD[5]    ; 4.254 ; 4.414 ; 4.791 ; 4.947 ;
; iKeys[2]   ; o7segD[6]    ; 4.638 ; 4.445 ; 5.171 ; 4.982 ;
; iKeys[2]   ; o7segU[0]    ; 4.637 ; 4.843 ; 5.174 ; 5.380 ;
; iKeys[2]   ; o7segU[1]    ; 4.545 ; 4.677 ; 5.082 ; 5.214 ;
; iKeys[2]   ; o7segU[2]    ; 4.648 ; 4.825 ; 5.185 ; 5.362 ;
; iKeys[2]   ; o7segU[3]    ; 4.600 ; 4.784 ; 5.137 ; 5.321 ;
; iKeys[2]   ; o7segU[4]    ; 4.554 ; 4.715 ; 5.091 ; 5.252 ;
; iKeys[2]   ; o7segU[5]    ; 4.599 ; 4.774 ; 5.136 ; 5.311 ;
; iKeys[2]   ; o7segU[6]    ; 4.663 ; 4.524 ; 5.200 ; 5.061 ;
; iKeys[2]   ; oLED_Carry   ; 5.046 ; 5.489 ; 5.583 ; 6.022 ;
; iKeys[2]   ; oLEDs_Res[0] ; 5.137 ; 5.602 ; 5.674 ; 6.139 ;
; iKeys[2]   ; oLEDs_Res[1] ; 5.213 ; 5.710 ; 5.750 ; 6.243 ;
; iKeys[2]   ; oLEDs_Res[2] ; 5.143 ; 5.674 ; 5.680 ; 6.207 ;
; iKeys[2]   ; oLEDs_Res[3] ; 5.869 ; 6.669 ; 6.406 ; 7.202 ;
; iKeys[2]   ; oLEDs_Res[4] ; 5.484 ; 6.093 ; 6.022 ; 6.641 ;
; iKeys[3]   ; o7segD[0]    ; 4.159 ; 4.289 ; 4.706 ; 4.836 ;
; iKeys[3]   ; o7segD[2]    ; 4.169 ; 4.282 ; 4.716 ; 4.829 ;
; iKeys[3]   ; o7segD[3]    ; 4.154 ; 4.284 ; 4.701 ; 4.831 ;
; iKeys[3]   ; o7segD[4]    ; 4.016 ; 4.096 ; 4.563 ; 4.643 ;
; iKeys[3]   ; o7segD[5]    ; 4.147 ; 4.299 ; 4.694 ; 4.843 ;
; iKeys[3]   ; o7segD[6]    ; 4.523 ; 4.338 ; 5.067 ; 4.885 ;
; iKeys[3]   ; o7segU[0]    ; 4.530 ; 4.736 ; 5.077 ; 5.283 ;
; iKeys[3]   ; o7segU[1]    ; 4.438 ; 4.570 ; 4.985 ; 5.117 ;
; iKeys[3]   ; o7segU[2]    ; 4.541 ; 4.718 ; 5.088 ; 5.265 ;
; iKeys[3]   ; o7segU[3]    ; 4.493 ; 4.677 ; 5.040 ; 5.224 ;
; iKeys[3]   ; o7segU[4]    ; 4.447 ; 4.608 ; 4.994 ; 5.155 ;
; iKeys[3]   ; o7segU[5]    ; 4.492 ; 4.667 ; 5.039 ; 5.214 ;
; iKeys[3]   ; o7segU[6]    ; 4.556 ; 4.417 ; 5.103 ; 4.964 ;
; iKeys[3]   ; oLED_Carry   ; 4.939 ; 5.374 ; 5.486 ; 5.918 ;
; iKeys[3]   ; oLEDs_Res[0] ; 5.030 ; 5.495 ; 5.577 ; 6.042 ;
; iKeys[3]   ; oLEDs_Res[1] ; 5.106 ; 5.595 ; 5.653 ; 6.139 ;
; iKeys[3]   ; oLEDs_Res[2] ; 5.036 ; 5.559 ; 5.583 ; 6.103 ;
; iKeys[3]   ; oLEDs_Res[3] ; 5.762 ; 6.554 ; 6.309 ; 7.098 ;
; iKeys[3]   ; oLEDs_Res[4] ; 5.376 ; 5.982 ; 5.919 ; 6.525 ;
+------------+--------------+-------+-------+-------+-------+


+-----------------------------------------------------------------------------------------------------------------------------------------------------------------------------------------------------------------------------------------------------------------------------------------------------------------------------------------------------------------------------------------------------------------+
; Board Trace Model Assignments                                                                                                                                                                                                                                                                                                                                                                                   ;
+--------------+--------------+-------------------+-------------------------+-------------------------+---------------+---------------------+----------------+------------------+--------+------------------+------------------------+------------------------+--------------+---------------+-----------------+-------+---------------------+--------------------+---------------+-----------------+-------------+
; Pin          ; I/O Standard ; Near Tline Length ; Near Tline L per Length ; Near Tline C per Length ; Near Series R ; Near Differential R ; Near Pull-up R ; Near Pull-down R ; Near C ; Far Tline Length ; Far Tline L per Length ; Far Tline C per Length ; Far Series R ; Far Pull-up R ; Far Pull-down R ; Far C ; Termination Voltage ; Far Differential R ; EBD File Name ; EBD Signal Name ; EBD Far-end ;
+--------------+--------------+-------------------+-------------------------+-------------------------+---------------+---------------------+----------------+------------------+--------+------------------+------------------------+------------------------+--------------+---------------+-----------------+-------+---------------------+--------------------+---------------+-----------------+-------------+
; oLEDs_Res[0] ; 2.5 V        ; 0 in              ; 0 H/in                  ; 0 F/in                  ; short         ; -                   ; open           ; open             ; open   ; 0 in             ; 0 H/in                 ; 0 F/in                 ; short        ; open          ; open            ; open  ; 0 V                 ; -                  ; n/a           ; n/a             ; n/a         ;
; oLEDs_Res[1] ; 2.5 V        ; 0 in              ; 0 H/in                  ; 0 F/in                  ; short         ; -                   ; open           ; open             ; open   ; 0 in             ; 0 H/in                 ; 0 F/in                 ; short        ; open          ; open            ; open  ; 0 V                 ; -                  ; n/a           ; n/a             ; n/a         ;
; oLEDs_Res[2] ; 2.5 V        ; 0 in              ; 0 H/in                  ; 0 F/in                  ; short         ; -                   ; open           ; open             ; open   ; 0 in             ; 0 H/in                 ; 0 F/in                 ; short        ; open          ; open            ; open  ; 0 V                 ; -                  ; n/a           ; n/a             ; n/a         ;
; oLEDs_Res[3] ; 2.5 V        ; 0 in              ; 0 H/in                  ; 0 F/in                  ; short         ; -                   ; open           ; open             ; open   ; 0 in             ; 0 H/in                 ; 0 F/in                 ; short        ; open          ; open            ; open  ; 0 V                 ; -                  ; n/a           ; n/a             ; n/a         ;
; oLEDs_Res[4] ; 2.5 V        ; 0 in              ; 0 H/in                  ; 0 F/in                  ; short         ; -                   ; open           ; open             ; open   ; 0 in             ; 0 H/in                 ; 0 F/in                 ; short        ; open          ; open            ; open  ; 0 V                 ; -                  ; n/a           ; n/a             ; n/a         ;
; oLED_Carry   ; 2.5 V        ; 0 in              ; 0 H/in                  ; 0 F/in                  ; short         ; -                   ; open           ; open             ; open   ; 0 in             ; 0 H/in                 ; 0 F/in                 ; short        ; open          ; open            ; open  ; 0 V                 ; -                  ; n/a           ; n/a             ; n/a         ;
; o7segD[0]    ; 2.5 V        ; 0 in              ; 0 H/in                  ; 0 F/in                  ; short         ; -                   ; open           ; open             ; open   ; 0 in             ; 0 H/in                 ; 0 F/in                 ; short        ; open          ; open            ; open  ; 0 V                 ; -                  ; n/a           ; n/a             ; n/a         ;
; o7segD[1]    ; 2.5 V        ; 0 in              ; 0 H/in                  ; 0 F/in                  ; short         ; -                   ; open           ; open             ; open   ; 0 in             ; 0 H/in                 ; 0 F/in                 ; short        ; open          ; open            ; open  ; 0 V                 ; -                  ; n/a           ; n/a             ; n/a         ;
; o7segD[2]    ; 2.5 V        ; 0 in              ; 0 H/in                  ; 0 F/in                  ; short         ; -                   ; open           ; open             ; open   ; 0 in             ; 0 H/in                 ; 0 F/in                 ; short        ; open          ; open            ; open  ; 0 V                 ; -                  ; n/a           ; n/a             ; n/a         ;
; o7segD[3]    ; 2.5 V        ; 0 in              ; 0 H/in                  ; 0 F/in                  ; short         ; -                   ; open           ; open             ; open   ; 0 in             ; 0 H/in                 ; 0 F/in                 ; short        ; open          ; open            ; open  ; 0 V                 ; -                  ; n/a           ; n/a             ; n/a         ;
; o7segD[4]    ; 2.5 V        ; 0 in              ; 0 H/in                  ; 0 F/in                  ; short         ; -                   ; open           ; open             ; open   ; 0 in             ; 0 H/in                 ; 0 F/in                 ; short        ; open          ; open            ; open  ; 0 V                 ; -                  ; n/a           ; n/a             ; n/a         ;
; o7segD[5]    ; 2.5 V        ; 0 in              ; 0 H/in                  ; 0 F/in                  ; short         ; -                   ; open           ; open             ; open   ; 0 in             ; 0 H/in                 ; 0 F/in                 ; short        ; open          ; open            ; open  ; 0 V                 ; -                  ; n/a           ; n/a             ; n/a         ;
; o7segD[6]    ; 2.5 V        ; 0 in              ; 0 H/in                  ; 0 F/in                  ; short         ; -                   ; open           ; open             ; open   ; 0 in             ; 0 H/in                 ; 0 F/in                 ; short        ; open          ; open            ; open  ; 0 V                 ; -                  ; n/a           ; n/a             ; n/a         ;
; o7segU[0]    ; 2.5 V        ; 0 in              ; 0 H/in                  ; 0 F/in                  ; short         ; -                   ; open           ; open             ; open   ; 0 in             ; 0 H/in                 ; 0 F/in                 ; short        ; open          ; open            ; open  ; 0 V                 ; -                  ; n/a           ; n/a             ; n/a         ;
; o7segU[1]    ; 2.5 V        ; 0 in              ; 0 H/in                  ; 0 F/in                  ; short         ; -                   ; open           ; open             ; open   ; 0 in             ; 0 H/in                 ; 0 F/in                 ; short        ; open          ; open            ; open  ; 0 V                 ; -                  ; n/a           ; n/a             ; n/a         ;
; o7segU[2]    ; 2.5 V        ; 0 in              ; 0 H/in                  ; 0 F/in                  ; short         ; -                   ; open           ; open             ; open   ; 0 in             ; 0 H/in                 ; 0 F/in                 ; short        ; open          ; open            ; open  ; 0 V                 ; -                  ; n/a           ; n/a             ; n/a         ;
; o7segU[3]    ; 2.5 V        ; 0 in              ; 0 H/in                  ; 0 F/in                  ; short         ; -                   ; open           ; open             ; open   ; 0 in             ; 0 H/in                 ; 0 F/in                 ; short        ; open          ; open            ; open  ; 0 V                 ; -                  ; n/a           ; n/a             ; n/a         ;
; o7segU[4]    ; 2.5 V        ; 0 in              ; 0 H/in                  ; 0 F/in                  ; short         ; -                   ; open           ; open             ; open   ; 0 in             ; 0 H/in                 ; 0 F/in                 ; short        ; open          ; open            ; open  ; 0 V                 ; -                  ; n/a           ; n/a             ; n/a         ;
; o7segU[5]    ; 2.5 V        ; 0 in              ; 0 H/in                  ; 0 F/in                  ; short         ; -                   ; open           ; open             ; open   ; 0 in             ; 0 H/in                 ; 0 F/in                 ; short        ; open          ; open            ; open  ; 0 V                 ; -                  ; n/a           ; n/a             ; n/a         ;
; o7segU[6]    ; 2.5 V        ; 0 in              ; 0 H/in                  ; 0 F/in                  ; short         ; -                   ; open           ; open             ; open   ; 0 in             ; 0 H/in                 ; 0 F/in                 ; short        ; open          ; open            ; open  ; 0 V                 ; -                  ; n/a           ; n/a             ; n/a         ;
+--------------+--------------+-------------------+-------------------------+-------------------------+---------------+---------------------+----------------+------------------+--------+------------------+------------------------+------------------------+--------------+---------------+-----------------+-------+---------------------+--------------------+---------------+-----------------+-------------+


+-------------------------------------------------------------+
; Input Transition Times                                      ;
+----------+--------------+-----------------+-----------------+
; Pin      ; I/O Standard ; 10-90 Rise Time ; 90-10 Fall Time ;
+----------+--------------+-----------------+-----------------+
; iKeys[0] ; 2.5 V        ; 2000 ps         ; 2000 ps         ;
; iKeys[1] ; 2.5 V        ; 2000 ps         ; 2000 ps         ;
; iKeys[2] ; 2.5 V        ; 2000 ps         ; 2000 ps         ;
; iKeys[3] ; 2.5 V        ; 2000 ps         ; 2000 ps         ;
; iB[0]    ; 2.5 V        ; 2000 ps         ; 2000 ps         ;
; iA[0]    ; 2.5 V        ; 2000 ps         ; 2000 ps         ;
; iA[2]    ; 2.5 V        ; 2000 ps         ; 2000 ps         ;
; iB[2]    ; 2.5 V        ; 2000 ps         ; 2000 ps         ;
; iA[1]    ; 2.5 V        ; 2000 ps         ; 2000 ps         ;
; iB[1]    ; 2.5 V        ; 2000 ps         ; 2000 ps         ;
; iA[3]    ; 2.5 V        ; 2000 ps         ; 2000 ps         ;
; iB[3]    ; 2.5 V        ; 2000 ps         ; 2000 ps         ;
; iA[4]    ; 2.5 V        ; 2000 ps         ; 2000 ps         ;
; iB[4]    ; 2.5 V        ; 2000 ps         ; 2000 ps         ;
+----------+--------------+-----------------+-----------------+


+-------------------------------------------------------------------------------------------------------------------------------------------------------------------------------------------------------------------------------------------------------------------------------------------------------------------------------------------------------------------------------------------------------------------------------------------------------------------------------------------------------------------------------------------------------------------------------------------------------------------------------------------------------------------------------------------+
; Signal Integrity Metrics (Slow 1100mv 0c Model)                                                                                                                                                                                                                                                                                                                                                                                                                                                                                                                                                                                                                                           ;
+--------------+--------------+---------------------+---------------------+------------------------------+------------------------------+---------------------+---------------------+--------------------------------------+--------------------------------------+-----------------------------+-----------------------------+----------------------------+----------------------------+-----------------------------+-----------------------------+--------------------+--------------------+-------------------------------------+-------------------------------------+----------------------------+----------------------------+---------------------------+---------------------------+
; Pin          ; I/O Standard ; Board Delay on Rise ; Board Delay on Fall ; Steady State Voh at FPGA Pin ; Steady State Vol at FPGA Pin ; Voh Max at FPGA Pin ; Vol Min at FPGA Pin ; Ringback Voltage on Rise at FPGA Pin ; Ringback Voltage on Fall at FPGA Pin ; 10-90 Rise Time at FPGA Pin ; 90-10 Fall Time at FPGA Pin ; Monotonic Rise at FPGA Pin ; Monotonic Fall at FPGA Pin ; Steady State Voh at Far-end ; Steady State Vol at Far-end ; Voh Max at Far-end ; Vol Min at Far-end ; Ringback Voltage on Rise at Far-end ; Ringback Voltage on Fall at Far-end ; 10-90 Rise Time at Far-end ; 90-10 Fall Time at Far-end ; Monotonic Rise at Far-end ; Monotonic Fall at Far-end ;
+--------------+--------------+---------------------+---------------------+------------------------------+------------------------------+---------------------+---------------------+--------------------------------------+--------------------------------------+-----------------------------+-----------------------------+----------------------------+----------------------------+-----------------------------+-----------------------------+--------------------+--------------------+-------------------------------------+-------------------------------------+----------------------------+----------------------------+---------------------------+---------------------------+
; oLEDs_Res[0] ; 2.5 V        ; 0 s                 ; 0 s                 ; 2.32 V                       ; 2.15e-07 V                   ; 2.41 V              ; -0.0492 V           ; 0.181 V                              ; 0.116 V                              ; 4.54e-10 s                  ; 4.44e-10 s                  ; No                         ; Yes                        ; 2.32 V                      ; 2.15e-07 V                  ; 2.41 V             ; -0.0492 V          ; 0.181 V                             ; 0.116 V                             ; 4.54e-10 s                 ; 4.44e-10 s                 ; No                        ; Yes                       ;
; oLEDs_Res[1] ; 2.5 V        ; 0 s                 ; 0 s                 ; 2.32 V                       ; 2.15e-07 V                   ; 2.41 V              ; -0.0495 V           ; 0.18 V                               ; 0.115 V                              ; 4.54e-10 s                  ; 4.44e-10 s                  ; No                         ; Yes                        ; 2.32 V                      ; 2.15e-07 V                  ; 2.41 V             ; -0.0495 V          ; 0.18 V                              ; 0.115 V                             ; 4.54e-10 s                 ; 4.44e-10 s                 ; No                        ; Yes                       ;
; oLEDs_Res[2] ; 2.5 V        ; 0 s                 ; 0 s                 ; 2.32 V                       ; 1.88e-07 V                   ; 2.35 V              ; -0.0185 V           ; 0.153 V                              ; 0.099 V                              ; 4.6e-10 s                   ; 4.48e-10 s                  ; No                         ; Yes                        ; 2.32 V                      ; 1.88e-07 V                  ; 2.35 V             ; -0.0185 V          ; 0.153 V                             ; 0.099 V                             ; 4.6e-10 s                  ; 4.48e-10 s                 ; No                        ; Yes                       ;
; oLEDs_Res[3] ; 2.5 V        ; 0 s                 ; 0 s                 ; 2.32 V                       ; 2.19e-07 V                   ; 2.4 V               ; -0.039 V            ; 0.21 V                               ; 0.145 V                              ; 4.67e-10 s                  ; 4.63e-10 s                  ; No                         ; Yes                        ; 2.32 V                      ; 2.19e-07 V                  ; 2.4 V              ; -0.039 V           ; 0.21 V                              ; 0.145 V                             ; 4.67e-10 s                 ; 4.63e-10 s                 ; No                        ; Yes                       ;
; oLEDs_Res[4] ; 2.5 V        ; 0 s                 ; 0 s                 ; 2.32 V                       ; 2.15e-07 V                   ; 2.41 V              ; -0.0492 V           ; 0.181 V                              ; 0.116 V                              ; 4.54e-10 s                  ; 4.44e-10 s                  ; No                         ; Yes                        ; 2.32 V                      ; 2.15e-07 V                  ; 2.41 V             ; -0.0492 V          ; 0.181 V                             ; 0.116 V                             ; 4.54e-10 s                 ; 4.44e-10 s                 ; No                        ; Yes                       ;
; oLED_Carry   ; 2.5 V        ; 0 s                 ; 0 s                 ; 2.32 V                       ; 2.15e-07 V                   ; 2.41 V              ; -0.0495 V           ; 0.18 V                               ; 0.115 V                              ; 4.54e-10 s                  ; 4.44e-10 s                  ; No                         ; Yes                        ; 2.32 V                      ; 2.15e-07 V                  ; 2.41 V             ; -0.0495 V          ; 0.18 V                              ; 0.115 V                             ; 4.54e-10 s                 ; 4.44e-10 s                 ; No                        ; Yes                       ;
; o7segD[0]    ; 2.5 V        ; 0 s                 ; 0 s                 ; 2.32 V                       ; 2.15e-07 V                   ; 2.41 V              ; -0.0492 V           ; 0.181 V                              ; 0.116 V                              ; 4.54e-10 s                  ; 4.44e-10 s                  ; No                         ; Yes                        ; 2.32 V                      ; 2.15e-07 V                  ; 2.41 V             ; -0.0492 V          ; 0.181 V                             ; 0.116 V                             ; 4.54e-10 s                 ; 4.44e-10 s                 ; No                        ; Yes                       ;
; o7segD[1]    ; 2.5 V        ; 0 s                 ; 0 s                 ; 2.32 V                       ; 2.15e-07 V                   ; 2.41 V              ; -0.0495 V           ; 0.18 V                               ; 0.115 V                              ; 4.54e-10 s                  ; 4.44e-10 s                  ; No                         ; Yes                        ; 2.32 V                      ; 2.15e-07 V                  ; 2.41 V             ; -0.0495 V          ; 0.18 V                              ; 0.115 V                             ; 4.54e-10 s                 ; 4.44e-10 s                 ; No                        ; Yes                       ;
; o7segD[2]    ; 2.5 V        ; 0 s                 ; 0 s                 ; 2.32 V                       ; 2.15e-07 V                   ; 2.41 V              ; -0.0495 V           ; 0.18 V                               ; 0.115 V                              ; 4.54e-10 s                  ; 4.44e-10 s                  ; No                         ; Yes                        ; 2.32 V                      ; 2.15e-07 V                  ; 2.41 V             ; -0.0495 V          ; 0.18 V                              ; 0.115 V                             ; 4.54e-10 s                 ; 4.44e-10 s                 ; No                        ; Yes                       ;
; o7segD[3]    ; 2.5 V        ; 0 s                 ; 0 s                 ; 2.32 V                       ; 2.15e-07 V                   ; 2.41 V              ; -0.0492 V           ; 0.181 V                              ; 0.116 V                              ; 4.54e-10 s                  ; 4.44e-10 s                  ; No                         ; Yes                        ; 2.32 V                      ; 2.15e-07 V                  ; 2.41 V             ; -0.0492 V          ; 0.181 V                             ; 0.116 V                             ; 4.54e-10 s                 ; 4.44e-10 s                 ; No                        ; Yes                       ;
; o7segD[4]    ; 2.5 V        ; 0 s                 ; 0 s                 ; 2.32 V                       ; 2.15e-07 V                   ; 2.41 V              ; -0.0492 V           ; 0.181 V                              ; 0.116 V                              ; 4.54e-10 s                  ; 4.44e-10 s                  ; No                         ; Yes                        ; 2.32 V                      ; 2.15e-07 V                  ; 2.41 V             ; -0.0492 V          ; 0.181 V                             ; 0.116 V                             ; 4.54e-10 s                 ; 4.44e-10 s                 ; No                        ; Yes                       ;
; o7segD[5]    ; 2.5 V        ; 0 s                 ; 0 s                 ; 2.32 V                       ; 2.15e-07 V                   ; 2.41 V              ; -0.0495 V           ; 0.18 V                               ; 0.115 V                              ; 4.54e-10 s                  ; 4.44e-10 s                  ; No                         ; Yes                        ; 2.32 V                      ; 2.15e-07 V                  ; 2.41 V             ; -0.0495 V          ; 0.18 V                              ; 0.115 V                             ; 4.54e-10 s                 ; 4.44e-10 s                 ; No                        ; Yes                       ;
; o7segD[6]    ; 2.5 V        ; 0 s                 ; 0 s                 ; 2.32 V                       ; 2.15e-07 V                   ; 2.41 V              ; -0.0495 V           ; 0.18 V                               ; 0.115 V                              ; 4.54e-10 s                  ; 4.44e-10 s                  ; No                         ; Yes                        ; 2.32 V                      ; 2.15e-07 V                  ; 2.41 V             ; -0.0495 V          ; 0.18 V                              ; 0.115 V                             ; 4.54e-10 s                 ; 4.44e-10 s                 ; No                        ; Yes                       ;
; o7segU[0]    ; 2.5 V        ; 0 s                 ; 0 s                 ; 2.32 V                       ; 2.15e-07 V                   ; 2.41 V              ; -0.0495 V           ; 0.18 V                               ; 0.115 V                              ; 4.54e-10 s                  ; 4.44e-10 s                  ; No                         ; Yes                        ; 2.32 V                      ; 2.15e-07 V                  ; 2.41 V             ; -0.0495 V          ; 0.18 V                              ; 0.115 V                             ; 4.54e-10 s                 ; 4.44e-10 s                 ; No                        ; Yes                       ;
; o7segU[1]    ; 2.5 V        ; 0 s                 ; 0 s                 ; 2.32 V                       ; 2.15e-07 V                   ; 2.41 V              ; -0.0492 V           ; 0.181 V                              ; 0.116 V                              ; 4.54e-10 s                  ; 4.44e-10 s                  ; No                         ; Yes                        ; 2.32 V                      ; 2.15e-07 V                  ; 2.41 V             ; -0.0492 V          ; 0.181 V                             ; 0.116 V                             ; 4.54e-10 s                 ; 4.44e-10 s                 ; No                        ; Yes                       ;
; o7segU[2]    ; 2.5 V        ; 0 s                 ; 0 s                 ; 2.32 V                       ; 2.15e-07 V                   ; 2.41 V              ; -0.0492 V           ; 0.181 V                              ; 0.116 V                              ; 4.54e-10 s                  ; 4.44e-10 s                  ; No                         ; Yes                        ; 2.32 V                      ; 2.15e-07 V                  ; 2.41 V             ; -0.0492 V          ; 0.181 V                             ; 0.116 V                             ; 4.54e-10 s                 ; 4.44e-10 s                 ; No                        ; Yes                       ;
; o7segU[3]    ; 2.5 V        ; 0 s                 ; 0 s                 ; 2.32 V                       ; 2.15e-07 V                   ; 2.41 V              ; -0.0492 V           ; 0.181 V                              ; 0.116 V                              ; 4.54e-10 s                  ; 4.44e-10 s                  ; No                         ; Yes                        ; 2.32 V                      ; 2.15e-07 V                  ; 2.41 V             ; -0.0492 V          ; 0.181 V                             ; 0.116 V                             ; 4.54e-10 s                 ; 4.44e-10 s                 ; No                        ; Yes                       ;
; o7segU[4]    ; 2.5 V        ; 0 s                 ; 0 s                 ; 2.32 V                       ; 2.15e-07 V                   ; 2.41 V              ; -0.0495 V           ; 0.18 V                               ; 0.115 V                              ; 4.54e-10 s                  ; 4.44e-10 s                  ; No                         ; Yes                        ; 2.32 V                      ; 2.15e-07 V                  ; 2.41 V             ; -0.0495 V          ; 0.18 V                              ; 0.115 V                             ; 4.54e-10 s                 ; 4.44e-10 s                 ; No                        ; Yes                       ;
; o7segU[5]    ; 2.5 V        ; 0 s                 ; 0 s                 ; 2.32 V                       ; 2.15e-07 V                   ; 2.41 V              ; -0.0495 V           ; 0.18 V                               ; 0.115 V                              ; 4.54e-10 s                  ; 4.44e-10 s                  ; No                         ; Yes                        ; 2.32 V                      ; 2.15e-07 V                  ; 2.41 V             ; -0.0495 V          ; 0.18 V                              ; 0.115 V                             ; 4.54e-10 s                 ; 4.44e-10 s                 ; No                        ; Yes                       ;
; o7segU[6]    ; 2.5 V        ; 0 s                 ; 0 s                 ; 2.32 V                       ; 2.15e-07 V                   ; 2.41 V              ; -0.0492 V           ; 0.181 V                              ; 0.116 V                              ; 4.54e-10 s                  ; 4.44e-10 s                  ; No                         ; Yes                        ; 2.32 V                      ; 2.15e-07 V                  ; 2.41 V             ; -0.0492 V          ; 0.181 V                             ; 0.116 V                             ; 4.54e-10 s                 ; 4.44e-10 s                 ; No                        ; Yes                       ;
+--------------+--------------+---------------------+---------------------+------------------------------+------------------------------+---------------------+---------------------+--------------------------------------+--------------------------------------+-----------------------------+-----------------------------+----------------------------+----------------------------+-----------------------------+-----------------------------+--------------------+--------------------+-------------------------------------+-------------------------------------+----------------------------+----------------------------+---------------------------+---------------------------+


+-------------------------------------------------------------------------------------------------------------------------------------------------------------------------------------------------------------------------------------------------------------------------------------------------------------------------------------------------------------------------------------------------------------------------------------------------------------------------------------------------------------------------------------------------------------------------------------------------------------------------------------------------------------------------------------------+
; Signal Integrity Metrics (Slow 1100mv 85c Model)                                                                                                                                                                                                                                                                                                                                                                                                                                                                                                                                                                                                                                          ;
+--------------+--------------+---------------------+---------------------+------------------------------+------------------------------+---------------------+---------------------+--------------------------------------+--------------------------------------+-----------------------------+-----------------------------+----------------------------+----------------------------+-----------------------------+-----------------------------+--------------------+--------------------+-------------------------------------+-------------------------------------+----------------------------+----------------------------+---------------------------+---------------------------+
; Pin          ; I/O Standard ; Board Delay on Rise ; Board Delay on Fall ; Steady State Voh at FPGA Pin ; Steady State Vol at FPGA Pin ; Voh Max at FPGA Pin ; Vol Min at FPGA Pin ; Ringback Voltage on Rise at FPGA Pin ; Ringback Voltage on Fall at FPGA Pin ; 10-90 Rise Time at FPGA Pin ; 90-10 Fall Time at FPGA Pin ; Monotonic Rise at FPGA Pin ; Monotonic Fall at FPGA Pin ; Steady State Voh at Far-end ; Steady State Vol at Far-end ; Voh Max at Far-end ; Vol Min at Far-end ; Ringback Voltage on Rise at Far-end ; Ringback Voltage on Fall at Far-end ; 10-90 Rise Time at Far-end ; 90-10 Fall Time at Far-end ; Monotonic Rise at Far-end ; Monotonic Fall at Far-end ;
+--------------+--------------+---------------------+---------------------+------------------------------+------------------------------+---------------------+---------------------+--------------------------------------+--------------------------------------+-----------------------------+-----------------------------+----------------------------+----------------------------+-----------------------------+-----------------------------+--------------------+--------------------+-------------------------------------+-------------------------------------+----------------------------+----------------------------+---------------------------+---------------------------+
; oLEDs_Res[0] ; 2.5 V        ; 0 s                 ; 0 s                 ; 2.32 V                       ; 2.52e-05 V                   ; 2.38 V              ; -0.032 V            ; 0.204 V                              ; 0.181 V                              ; 4.74e-10 s                  ; 4.85e-10 s                  ; No                         ; Yes                        ; 2.32 V                      ; 2.52e-05 V                  ; 2.38 V             ; -0.032 V           ; 0.204 V                             ; 0.181 V                             ; 4.74e-10 s                 ; 4.85e-10 s                 ; No                        ; Yes                       ;
; oLEDs_Res[1] ; 2.5 V        ; 0 s                 ; 0 s                 ; 2.32 V                       ; 2.52e-05 V                   ; 2.38 V              ; -0.0315 V           ; 0.205 V                              ; 0.182 V                              ; 4.74e-10 s                  ; 4.85e-10 s                  ; No                         ; Yes                        ; 2.32 V                      ; 2.52e-05 V                  ; 2.38 V             ; -0.0315 V          ; 0.205 V                             ; 0.182 V                             ; 4.74e-10 s                 ; 4.85e-10 s                 ; No                        ; Yes                       ;
; oLEDs_Res[2] ; 2.5 V        ; 0 s                 ; 0 s                 ; 2.32 V                       ; 2.27e-05 V                   ; 2.34 V              ; -0.0089 V           ; 0.206 V                              ; 0.058 V                              ; 4.97e-10 s                  ; 5.13e-10 s                  ; Yes                        ; Yes                        ; 2.32 V                      ; 2.27e-05 V                  ; 2.34 V             ; -0.0089 V          ; 0.206 V                             ; 0.058 V                             ; 4.97e-10 s                 ; 5.13e-10 s                 ; Yes                       ; Yes                       ;
; oLEDs_Res[3] ; 2.5 V        ; 0 s                 ; 0 s                 ; 2.32 V                       ; 2.56e-05 V                   ; 2.38 V              ; -0.026 V            ; 0.249 V                              ; 0.089 V                              ; 4.95e-10 s                  ; 6.01e-10 s                  ; No                         ; Yes                        ; 2.32 V                      ; 2.56e-05 V                  ; 2.38 V             ; -0.026 V           ; 0.249 V                             ; 0.089 V                             ; 4.95e-10 s                 ; 6.01e-10 s                 ; No                        ; Yes                       ;
; oLEDs_Res[4] ; 2.5 V        ; 0 s                 ; 0 s                 ; 2.32 V                       ; 2.52e-05 V                   ; 2.38 V              ; -0.032 V            ; 0.204 V                              ; 0.181 V                              ; 4.74e-10 s                  ; 4.85e-10 s                  ; No                         ; Yes                        ; 2.32 V                      ; 2.52e-05 V                  ; 2.38 V             ; -0.032 V           ; 0.204 V                             ; 0.181 V                             ; 4.74e-10 s                 ; 4.85e-10 s                 ; No                        ; Yes                       ;
; oLED_Carry   ; 2.5 V        ; 0 s                 ; 0 s                 ; 2.32 V                       ; 2.52e-05 V                   ; 2.38 V              ; -0.0315 V           ; 0.205 V                              ; 0.182 V                              ; 4.74e-10 s                  ; 4.85e-10 s                  ; No                         ; Yes                        ; 2.32 V                      ; 2.52e-05 V                  ; 2.38 V             ; -0.0315 V          ; 0.205 V                             ; 0.182 V                             ; 4.74e-10 s                 ; 4.85e-10 s                 ; No                        ; Yes                       ;
; o7segD[0]    ; 2.5 V        ; 0 s                 ; 0 s                 ; 2.32 V                       ; 2.52e-05 V                   ; 2.38 V              ; -0.032 V            ; 0.204 V                              ; 0.181 V                              ; 4.74e-10 s                  ; 4.85e-10 s                  ; No                         ; Yes                        ; 2.32 V                      ; 2.52e-05 V                  ; 2.38 V             ; -0.032 V           ; 0.204 V                             ; 0.181 V                             ; 4.74e-10 s                 ; 4.85e-10 s                 ; No                        ; Yes                       ;
; o7segD[1]    ; 2.5 V        ; 0 s                 ; 0 s                 ; 2.32 V                       ; 2.52e-05 V                   ; 2.38 V              ; -0.0315 V           ; 0.205 V                              ; 0.182 V                              ; 4.74e-10 s                  ; 4.85e-10 s                  ; No                         ; Yes                        ; 2.32 V                      ; 2.52e-05 V                  ; 2.38 V             ; -0.0315 V          ; 0.205 V                             ; 0.182 V                             ; 4.74e-10 s                 ; 4.85e-10 s                 ; No                        ; Yes                       ;
; o7segD[2]    ; 2.5 V        ; 0 s                 ; 0 s                 ; 2.32 V                       ; 2.52e-05 V                   ; 2.38 V              ; -0.0315 V           ; 0.205 V                              ; 0.182 V                              ; 4.74e-10 s                  ; 4.85e-10 s                  ; No                         ; Yes                        ; 2.32 V                      ; 2.52e-05 V                  ; 2.38 V             ; -0.0315 V          ; 0.205 V                             ; 0.182 V                             ; 4.74e-10 s                 ; 4.85e-10 s                 ; No                        ; Yes                       ;
; o7segD[3]    ; 2.5 V        ; 0 s                 ; 0 s                 ; 2.32 V                       ; 2.52e-05 V                   ; 2.38 V              ; -0.032 V            ; 0.204 V                              ; 0.181 V                              ; 4.74e-10 s                  ; 4.85e-10 s                  ; No                         ; Yes                        ; 2.32 V                      ; 2.52e-05 V                  ; 2.38 V             ; -0.032 V           ; 0.204 V                             ; 0.181 V                             ; 4.74e-10 s                 ; 4.85e-10 s                 ; No                        ; Yes                       ;
; o7segD[4]    ; 2.5 V        ; 0 s                 ; 0 s                 ; 2.32 V                       ; 2.52e-05 V                   ; 2.38 V              ; -0.032 V            ; 0.204 V                              ; 0.181 V                              ; 4.74e-10 s                  ; 4.85e-10 s                  ; No                         ; Yes                        ; 2.32 V                      ; 2.52e-05 V                  ; 2.38 V             ; -0.032 V           ; 0.204 V                             ; 0.181 V                             ; 4.74e-10 s                 ; 4.85e-10 s                 ; No                        ; Yes                       ;
; o7segD[5]    ; 2.5 V        ; 0 s                 ; 0 s                 ; 2.32 V                       ; 2.52e-05 V                   ; 2.38 V              ; -0.0315 V           ; 0.205 V                              ; 0.182 V                              ; 4.74e-10 s                  ; 4.85e-10 s                  ; No                         ; Yes                        ; 2.32 V                      ; 2.52e-05 V                  ; 2.38 V             ; -0.0315 V          ; 0.205 V                             ; 0.182 V                             ; 4.74e-10 s                 ; 4.85e-10 s                 ; No                        ; Yes                       ;
; o7segD[6]    ; 2.5 V        ; 0 s                 ; 0 s                 ; 2.32 V                       ; 2.52e-05 V                   ; 2.38 V              ; -0.0315 V           ; 0.205 V                              ; 0.182 V                              ; 4.74e-10 s                  ; 4.85e-10 s                  ; No                         ; Yes                        ; 2.32 V                      ; 2.52e-05 V                  ; 2.38 V             ; -0.0315 V          ; 0.205 V                             ; 0.182 V                             ; 4.74e-10 s                 ; 4.85e-10 s                 ; No                        ; Yes                       ;
; o7segU[0]    ; 2.5 V        ; 0 s                 ; 0 s                 ; 2.32 V                       ; 2.52e-05 V                   ; 2.38 V              ; -0.0315 V           ; 0.205 V                              ; 0.182 V                              ; 4.74e-10 s                  ; 4.85e-10 s                  ; No                         ; Yes                        ; 2.32 V                      ; 2.52e-05 V                  ; 2.38 V             ; -0.0315 V          ; 0.205 V                             ; 0.182 V                             ; 4.74e-10 s                 ; 4.85e-10 s                 ; No                        ; Yes                       ;
; o7segU[1]    ; 2.5 V        ; 0 s                 ; 0 s                 ; 2.32 V                       ; 2.52e-05 V                   ; 2.38 V              ; -0.032 V            ; 0.204 V                              ; 0.181 V                              ; 4.74e-10 s                  ; 4.85e-10 s                  ; No                         ; Yes                        ; 2.32 V                      ; 2.52e-05 V                  ; 2.38 V             ; -0.032 V           ; 0.204 V                             ; 0.181 V                             ; 4.74e-10 s                 ; 4.85e-10 s                 ; No                        ; Yes                       ;
; o7segU[2]    ; 2.5 V        ; 0 s                 ; 0 s                 ; 2.32 V                       ; 2.52e-05 V                   ; 2.38 V              ; -0.032 V            ; 0.204 V                              ; 0.181 V                              ; 4.74e-10 s                  ; 4.85e-10 s                  ; No                         ; Yes                        ; 2.32 V                      ; 2.52e-05 V                  ; 2.38 V             ; -0.032 V           ; 0.204 V                             ; 0.181 V                             ; 4.74e-10 s                 ; 4.85e-10 s                 ; No                        ; Yes                       ;
; o7segU[3]    ; 2.5 V        ; 0 s                 ; 0 s                 ; 2.32 V                       ; 2.52e-05 V                   ; 2.38 V              ; -0.032 V            ; 0.204 V                              ; 0.181 V                              ; 4.74e-10 s                  ; 4.85e-10 s                  ; No                         ; Yes                        ; 2.32 V                      ; 2.52e-05 V                  ; 2.38 V             ; -0.032 V           ; 0.204 V                             ; 0.181 V                             ; 4.74e-10 s                 ; 4.85e-10 s                 ; No                        ; Yes                       ;
; o7segU[4]    ; 2.5 V        ; 0 s                 ; 0 s                 ; 2.32 V                       ; 2.52e-05 V                   ; 2.38 V              ; -0.0315 V           ; 0.205 V                              ; 0.182 V                              ; 4.74e-10 s                  ; 4.85e-10 s                  ; No                         ; Yes                        ; 2.32 V                      ; 2.52e-05 V                  ; 2.38 V             ; -0.0315 V          ; 0.205 V                             ; 0.182 V                             ; 4.74e-10 s                 ; 4.85e-10 s                 ; No                        ; Yes                       ;
; o7segU[5]    ; 2.5 V        ; 0 s                 ; 0 s                 ; 2.32 V                       ; 2.52e-05 V                   ; 2.38 V              ; -0.0315 V           ; 0.205 V                              ; 0.182 V                              ; 4.74e-10 s                  ; 4.85e-10 s                  ; No                         ; Yes                        ; 2.32 V                      ; 2.52e-05 V                  ; 2.38 V             ; -0.0315 V          ; 0.205 V                             ; 0.182 V                             ; 4.74e-10 s                 ; 4.85e-10 s                 ; No                        ; Yes                       ;
; o7segU[6]    ; 2.5 V        ; 0 s                 ; 0 s                 ; 2.32 V                       ; 2.52e-05 V                   ; 2.38 V              ; -0.032 V            ; 0.204 V                              ; 0.181 V                              ; 4.74e-10 s                  ; 4.85e-10 s                  ; No                         ; Yes                        ; 2.32 V                      ; 2.52e-05 V                  ; 2.38 V             ; -0.032 V           ; 0.204 V                             ; 0.181 V                             ; 4.74e-10 s                 ; 4.85e-10 s                 ; No                        ; Yes                       ;
+--------------+--------------+---------------------+---------------------+------------------------------+------------------------------+---------------------+---------------------+--------------------------------------+--------------------------------------+-----------------------------+-----------------------------+----------------------------+----------------------------+-----------------------------+-----------------------------+--------------------+--------------------+-------------------------------------+-------------------------------------+----------------------------+----------------------------+---------------------------+---------------------------+


+-------------------------------------------------------------------------------------------------------------------------------------------------------------------------------------------------------------------------------------------------------------------------------------------------------------------------------------------------------------------------------------------------------------------------------------------------------------------------------------------------------------------------------------------------------------------------------------------------------------------------------------------------------------------------------------------+
; Signal Integrity Metrics (Fast 1100mv 0c Model)                                                                                                                                                                                                                                                                                                                                                                                                                                                                                                                                                                                                                                           ;
+--------------+--------------+---------------------+---------------------+------------------------------+------------------------------+---------------------+---------------------+--------------------------------------+--------------------------------------+-----------------------------+-----------------------------+----------------------------+----------------------------+-----------------------------+-----------------------------+--------------------+--------------------+-------------------------------------+-------------------------------------+----------------------------+----------------------------+---------------------------+---------------------------+
; Pin          ; I/O Standard ; Board Delay on Rise ; Board Delay on Fall ; Steady State Voh at FPGA Pin ; Steady State Vol at FPGA Pin ; Voh Max at FPGA Pin ; Vol Min at FPGA Pin ; Ringback Voltage on Rise at FPGA Pin ; Ringback Voltage on Fall at FPGA Pin ; 10-90 Rise Time at FPGA Pin ; 90-10 Fall Time at FPGA Pin ; Monotonic Rise at FPGA Pin ; Monotonic Fall at FPGA Pin ; Steady State Voh at Far-end ; Steady State Vol at Far-end ; Voh Max at Far-end ; Vol Min at Far-end ; Ringback Voltage on Rise at Far-end ; Ringback Voltage on Fall at Far-end ; 10-90 Rise Time at Far-end ; 90-10 Fall Time at Far-end ; Monotonic Rise at Far-end ; Monotonic Fall at Far-end ;
+--------------+--------------+---------------------+---------------------+------------------------------+------------------------------+---------------------+---------------------+--------------------------------------+--------------------------------------+-----------------------------+-----------------------------+----------------------------+----------------------------+-----------------------------+-----------------------------+--------------------+--------------------+-------------------------------------+-------------------------------------+----------------------------+----------------------------+---------------------------+---------------------------+
; oLEDs_Res[0] ; 2.5 V        ; 0 s                 ; 0 s                 ; 2.75 V                       ; 4.14e-06 V                   ; 2.91 V              ; -0.119 V            ; 0.326 V                              ; 0.298 V                              ; 2.74e-10 s                  ; 2.8e-10 s                   ; No                         ; No                         ; 2.75 V                      ; 4.14e-06 V                  ; 2.91 V             ; -0.119 V           ; 0.326 V                             ; 0.298 V                             ; 2.74e-10 s                 ; 2.8e-10 s                  ; No                        ; No                        ;
; oLEDs_Res[1] ; 2.5 V        ; 0 s                 ; 0 s                 ; 2.75 V                       ; 4.14e-06 V                   ; 2.91 V              ; -0.121 V            ; 0.326 V                              ; 0.297 V                              ; 2.74e-10 s                  ; 2.8e-10 s                   ; No                         ; No                         ; 2.75 V                      ; 4.14e-06 V                  ; 2.91 V             ; -0.121 V           ; 0.326 V                             ; 0.297 V                             ; 2.74e-10 s                 ; 2.8e-10 s                  ; No                        ; No                        ;
; oLEDs_Res[2] ; 2.5 V        ; 0 s                 ; 0 s                 ; 2.75 V                       ; 3.54e-06 V                   ; 2.81 V              ; -0.0578 V           ; 0.303 V                              ; 0.28 V                               ; 2.93e-10 s                  ; 3.01e-10 s                  ; No                         ; No                         ; 2.75 V                      ; 3.54e-06 V                  ; 2.81 V             ; -0.0578 V          ; 0.303 V                             ; 0.28 V                              ; 2.93e-10 s                 ; 3.01e-10 s                 ; No                        ; No                        ;
; oLEDs_Res[3] ; 2.5 V        ; 0 s                 ; 0 s                 ; 2.75 V                       ; 4.25e-06 V                   ; 2.9 V               ; -0.107 V            ; 0.378 V                              ; 0.16 V                               ; 2.87e-10 s                  ; 4.28e-10 s                  ; No                         ; No                         ; 2.75 V                      ; 4.25e-06 V                  ; 2.9 V              ; -0.107 V           ; 0.378 V                             ; 0.16 V                              ; 2.87e-10 s                 ; 4.28e-10 s                 ; No                        ; No                        ;
; oLEDs_Res[4] ; 2.5 V        ; 0 s                 ; 0 s                 ; 2.75 V                       ; 4.14e-06 V                   ; 2.91 V              ; -0.119 V            ; 0.326 V                              ; 0.298 V                              ; 2.74e-10 s                  ; 2.8e-10 s                   ; No                         ; No                         ; 2.75 V                      ; 4.14e-06 V                  ; 2.91 V             ; -0.119 V           ; 0.326 V                             ; 0.298 V                             ; 2.74e-10 s                 ; 2.8e-10 s                  ; No                        ; No                        ;
; oLED_Carry   ; 2.5 V        ; 0 s                 ; 0 s                 ; 2.75 V                       ; 4.14e-06 V                   ; 2.91 V              ; -0.121 V            ; 0.326 V                              ; 0.297 V                              ; 2.74e-10 s                  ; 2.8e-10 s                   ; No                         ; No                         ; 2.75 V                      ; 4.14e-06 V                  ; 2.91 V             ; -0.121 V           ; 0.326 V                             ; 0.297 V                             ; 2.74e-10 s                 ; 2.8e-10 s                  ; No                        ; No                        ;
; o7segD[0]    ; 2.5 V        ; 0 s                 ; 0 s                 ; 2.75 V                       ; 4.14e-06 V                   ; 2.91 V              ; -0.119 V            ; 0.326 V                              ; 0.298 V                              ; 2.74e-10 s                  ; 2.8e-10 s                   ; No                         ; No                         ; 2.75 V                      ; 4.14e-06 V                  ; 2.91 V             ; -0.119 V           ; 0.326 V                             ; 0.298 V                             ; 2.74e-10 s                 ; 2.8e-10 s                  ; No                        ; No                        ;
; o7segD[1]    ; 2.5 V        ; 0 s                 ; 0 s                 ; 2.75 V                       ; 4.14e-06 V                   ; 2.91 V              ; -0.121 V            ; 0.326 V                              ; 0.297 V                              ; 2.74e-10 s                  ; 2.8e-10 s                   ; No                         ; No                         ; 2.75 V                      ; 4.14e-06 V                  ; 2.91 V             ; -0.121 V           ; 0.326 V                             ; 0.297 V                             ; 2.74e-10 s                 ; 2.8e-10 s                  ; No                        ; No                        ;
; o7segD[2]    ; 2.5 V        ; 0 s                 ; 0 s                 ; 2.75 V                       ; 4.14e-06 V                   ; 2.91 V              ; -0.121 V            ; 0.326 V                              ; 0.297 V                              ; 2.74e-10 s                  ; 2.8e-10 s                   ; No                         ; No                         ; 2.75 V                      ; 4.14e-06 V                  ; 2.91 V             ; -0.121 V           ; 0.326 V                             ; 0.297 V                             ; 2.74e-10 s                 ; 2.8e-10 s                  ; No                        ; No                        ;
; o7segD[3]    ; 2.5 V        ; 0 s                 ; 0 s                 ; 2.75 V                       ; 4.14e-06 V                   ; 2.91 V              ; -0.119 V            ; 0.326 V                              ; 0.298 V                              ; 2.74e-10 s                  ; 2.8e-10 s                   ; No                         ; No                         ; 2.75 V                      ; 4.14e-06 V                  ; 2.91 V             ; -0.119 V           ; 0.326 V                             ; 0.298 V                             ; 2.74e-10 s                 ; 2.8e-10 s                  ; No                        ; No                        ;
; o7segD[4]    ; 2.5 V        ; 0 s                 ; 0 s                 ; 2.75 V                       ; 4.14e-06 V                   ; 2.91 V              ; -0.119 V            ; 0.326 V                              ; 0.298 V                              ; 2.74e-10 s                  ; 2.8e-10 s                   ; No                         ; No                         ; 2.75 V                      ; 4.14e-06 V                  ; 2.91 V             ; -0.119 V           ; 0.326 V                             ; 0.298 V                             ; 2.74e-10 s                 ; 2.8e-10 s                  ; No                        ; No                        ;
; o7segD[5]    ; 2.5 V        ; 0 s                 ; 0 s                 ; 2.75 V                       ; 4.14e-06 V                   ; 2.91 V              ; -0.121 V            ; 0.326 V                              ; 0.297 V                              ; 2.74e-10 s                  ; 2.8e-10 s                   ; No                         ; No                         ; 2.75 V                      ; 4.14e-06 V                  ; 2.91 V             ; -0.121 V           ; 0.326 V                             ; 0.297 V                             ; 2.74e-10 s                 ; 2.8e-10 s                  ; No                        ; No                        ;
; o7segD[6]    ; 2.5 V        ; 0 s                 ; 0 s                 ; 2.75 V                       ; 4.14e-06 V                   ; 2.91 V              ; -0.121 V            ; 0.326 V                              ; 0.297 V                              ; 2.74e-10 s                  ; 2.8e-10 s                   ; No                         ; No                         ; 2.75 V                      ; 4.14e-06 V                  ; 2.91 V             ; -0.121 V           ; 0.326 V                             ; 0.297 V                             ; 2.74e-10 s                 ; 2.8e-10 s                  ; No                        ; No                        ;
; o7segU[0]    ; 2.5 V        ; 0 s                 ; 0 s                 ; 2.75 V                       ; 4.14e-06 V                   ; 2.91 V              ; -0.121 V            ; 0.326 V                              ; 0.297 V                              ; 2.74e-10 s                  ; 2.8e-10 s                   ; No                         ; No                         ; 2.75 V                      ; 4.14e-06 V                  ; 2.91 V             ; -0.121 V           ; 0.326 V                             ; 0.297 V                             ; 2.74e-10 s                 ; 2.8e-10 s                  ; No                        ; No                        ;
; o7segU[1]    ; 2.5 V        ; 0 s                 ; 0 s                 ; 2.75 V                       ; 4.14e-06 V                   ; 2.91 V              ; -0.119 V            ; 0.326 V                              ; 0.298 V                              ; 2.74e-10 s                  ; 2.8e-10 s                   ; No                         ; No                         ; 2.75 V                      ; 4.14e-06 V                  ; 2.91 V             ; -0.119 V           ; 0.326 V                             ; 0.298 V                             ; 2.74e-10 s                 ; 2.8e-10 s                  ; No                        ; No                        ;
; o7segU[2]    ; 2.5 V        ; 0 s                 ; 0 s                 ; 2.75 V                       ; 4.14e-06 V                   ; 2.91 V              ; -0.119 V            ; 0.326 V                              ; 0.298 V                              ; 2.74e-10 s                  ; 2.8e-10 s                   ; No                         ; No                         ; 2.75 V                      ; 4.14e-06 V                  ; 2.91 V             ; -0.119 V           ; 0.326 V                             ; 0.298 V                             ; 2.74e-10 s                 ; 2.8e-10 s                  ; No                        ; No                        ;
; o7segU[3]    ; 2.5 V        ; 0 s                 ; 0 s                 ; 2.75 V                       ; 4.14e-06 V                   ; 2.91 V              ; -0.119 V            ; 0.326 V                              ; 0.298 V                              ; 2.74e-10 s                  ; 2.8e-10 s                   ; No                         ; No                         ; 2.75 V                      ; 4.14e-06 V                  ; 2.91 V             ; -0.119 V           ; 0.326 V                             ; 0.298 V                             ; 2.74e-10 s                 ; 2.8e-10 s                  ; No                        ; No                        ;
; o7segU[4]    ; 2.5 V        ; 0 s                 ; 0 s                 ; 2.75 V                       ; 4.14e-06 V                   ; 2.91 V              ; -0.121 V            ; 0.326 V                              ; 0.297 V                              ; 2.74e-10 s                  ; 2.8e-10 s                   ; No                         ; No                         ; 2.75 V                      ; 4.14e-06 V                  ; 2.91 V             ; -0.121 V           ; 0.326 V                             ; 0.297 V                             ; 2.74e-10 s                 ; 2.8e-10 s                  ; No                        ; No                        ;
; o7segU[5]    ; 2.5 V        ; 0 s                 ; 0 s                 ; 2.75 V                       ; 4.14e-06 V                   ; 2.91 V              ; -0.121 V            ; 0.326 V                              ; 0.297 V                              ; 2.74e-10 s                  ; 2.8e-10 s                   ; No                         ; No                         ; 2.75 V                      ; 4.14e-06 V                  ; 2.91 V             ; -0.121 V           ; 0.326 V                             ; 0.297 V                             ; 2.74e-10 s                 ; 2.8e-10 s                  ; No                        ; No                        ;
; o7segU[6]    ; 2.5 V        ; 0 s                 ; 0 s                 ; 2.75 V                       ; 4.14e-06 V                   ; 2.91 V              ; -0.119 V            ; 0.326 V                              ; 0.298 V                              ; 2.74e-10 s                  ; 2.8e-10 s                   ; No                         ; No                         ; 2.75 V                      ; 4.14e-06 V                  ; 2.91 V             ; -0.119 V           ; 0.326 V                             ; 0.298 V                             ; 2.74e-10 s                 ; 2.8e-10 s                  ; No                        ; No                        ;
+--------------+--------------+---------------------+---------------------+------------------------------+------------------------------+---------------------+---------------------+--------------------------------------+--------------------------------------+-----------------------------+-----------------------------+----------------------------+----------------------------+-----------------------------+-----------------------------+--------------------+--------------------+-------------------------------------+-------------------------------------+----------------------------+----------------------------+---------------------------+---------------------------+


+-------------------------------------------------------------------------------------------------------------------------------------------------------------------------------------------------------------------------------------------------------------------------------------------------------------------------------------------------------------------------------------------------------------------------------------------------------------------------------------------------------------------------------------------------------------------------------------------------------------------------------------------------------------------------------------------+
; Signal Integrity Metrics (Fast 1100mv 85c Model)                                                                                                                                                                                                                                                                                                                                                                                                                                                                                                                                                                                                                                          ;
+--------------+--------------+---------------------+---------------------+------------------------------+------------------------------+---------------------+---------------------+--------------------------------------+--------------------------------------+-----------------------------+-----------------------------+----------------------------+----------------------------+-----------------------------+-----------------------------+--------------------+--------------------+-------------------------------------+-------------------------------------+----------------------------+----------------------------+---------------------------+---------------------------+
; Pin          ; I/O Standard ; Board Delay on Rise ; Board Delay on Fall ; Steady State Voh at FPGA Pin ; Steady State Vol at FPGA Pin ; Voh Max at FPGA Pin ; Vol Min at FPGA Pin ; Ringback Voltage on Rise at FPGA Pin ; Ringback Voltage on Fall at FPGA Pin ; 10-90 Rise Time at FPGA Pin ; 90-10 Fall Time at FPGA Pin ; Monotonic Rise at FPGA Pin ; Monotonic Fall at FPGA Pin ; Steady State Voh at Far-end ; Steady State Vol at Far-end ; Voh Max at Far-end ; Vol Min at Far-end ; Ringback Voltage on Rise at Far-end ; Ringback Voltage on Fall at Far-end ; 10-90 Rise Time at Far-end ; 90-10 Fall Time at Far-end ; Monotonic Rise at Far-end ; Monotonic Fall at Far-end ;
+--------------+--------------+---------------------+---------------------+------------------------------+------------------------------+---------------------+---------------------+--------------------------------------+--------------------------------------+-----------------------------+-----------------------------+----------------------------+----------------------------+-----------------------------+-----------------------------+--------------------+--------------------+-------------------------------------+-------------------------------------+----------------------------+----------------------------+---------------------------+---------------------------+
; oLEDs_Res[0] ; 2.5 V        ; 0 s                 ; 0 s                 ; 2.75 V                       ; 0.000242 V                   ; 2.86 V              ; -0.0805 V           ; 0.358 V                              ; 0.156 V                              ; 3.01e-10 s                  ; 4.34e-10 s                  ; No                         ; No                         ; 2.75 V                      ; 0.000242 V                  ; 2.86 V             ; -0.0805 V          ; 0.358 V                             ; 0.156 V                             ; 3.01e-10 s                 ; 4.34e-10 s                 ; No                        ; No                        ;
; oLEDs_Res[1] ; 2.5 V        ; 0 s                 ; 0 s                 ; 2.75 V                       ; 0.000242 V                   ; 2.86 V              ; -0.0814 V           ; 0.36 V                               ; 0.156 V                              ; 3e-10 s                     ; 4.34e-10 s                  ; No                         ; No                         ; 2.75 V                      ; 0.000242 V                  ; 2.86 V             ; -0.0814 V          ; 0.36 V                              ; 0.156 V                             ; 3e-10 s                    ; 4.34e-10 s                 ; No                        ; No                        ;
; oLEDs_Res[2] ; 2.5 V        ; 0 s                 ; 0 s                 ; 2.75 V                       ; 0.000213 V                   ; 2.79 V              ; -0.0324 V           ; 0.139 V                              ; 0.119 V                              ; 4.42e-10 s                  ; 4.33e-10 s                  ; No                         ; Yes                        ; 2.75 V                      ; 0.000213 V                  ; 2.79 V             ; -0.0324 V          ; 0.139 V                             ; 0.119 V                             ; 4.42e-10 s                 ; 4.33e-10 s                 ; No                        ; Yes                       ;
; oLEDs_Res[3] ; 2.5 V        ; 0 s                 ; 0 s                 ; 2.75 V                       ; 0.000247 V                   ; 2.85 V              ; -0.0711 V           ; 0.204 V                              ; 0.181 V                              ; 4.55e-10 s                  ; 4.49e-10 s                  ; No                         ; No                         ; 2.75 V                      ; 0.000247 V                  ; 2.85 V             ; -0.0711 V          ; 0.204 V                             ; 0.181 V                             ; 4.55e-10 s                 ; 4.49e-10 s                 ; No                        ; No                        ;
; oLEDs_Res[4] ; 2.5 V        ; 0 s                 ; 0 s                 ; 2.75 V                       ; 0.000242 V                   ; 2.86 V              ; -0.0805 V           ; 0.358 V                              ; 0.156 V                              ; 3.01e-10 s                  ; 4.34e-10 s                  ; No                         ; No                         ; 2.75 V                      ; 0.000242 V                  ; 2.86 V             ; -0.0805 V          ; 0.358 V                             ; 0.156 V                             ; 3.01e-10 s                 ; 4.34e-10 s                 ; No                        ; No                        ;
; oLED_Carry   ; 2.5 V        ; 0 s                 ; 0 s                 ; 2.75 V                       ; 0.000242 V                   ; 2.86 V              ; -0.0814 V           ; 0.36 V                               ; 0.156 V                              ; 3e-10 s                     ; 4.34e-10 s                  ; No                         ; No                         ; 2.75 V                      ; 0.000242 V                  ; 2.86 V             ; -0.0814 V          ; 0.36 V                              ; 0.156 V                             ; 3e-10 s                    ; 4.34e-10 s                 ; No                        ; No                        ;
; o7segD[0]    ; 2.5 V        ; 0 s                 ; 0 s                 ; 2.75 V                       ; 0.000242 V                   ; 2.86 V              ; -0.0805 V           ; 0.358 V                              ; 0.156 V                              ; 3.01e-10 s                  ; 4.34e-10 s                  ; No                         ; No                         ; 2.75 V                      ; 0.000242 V                  ; 2.86 V             ; -0.0805 V          ; 0.358 V                             ; 0.156 V                             ; 3.01e-10 s                 ; 4.34e-10 s                 ; No                        ; No                        ;
; o7segD[1]    ; 2.5 V        ; 0 s                 ; 0 s                 ; 2.75 V                       ; 0.000242 V                   ; 2.86 V              ; -0.0814 V           ; 0.36 V                               ; 0.156 V                              ; 3e-10 s                     ; 4.34e-10 s                  ; No                         ; No                         ; 2.75 V                      ; 0.000242 V                  ; 2.86 V             ; -0.0814 V          ; 0.36 V                              ; 0.156 V                             ; 3e-10 s                    ; 4.34e-10 s                 ; No                        ; No                        ;
; o7segD[2]    ; 2.5 V        ; 0 s                 ; 0 s                 ; 2.75 V                       ; 0.000242 V                   ; 2.86 V              ; -0.0814 V           ; 0.36 V                               ; 0.156 V                              ; 3e-10 s                     ; 4.34e-10 s                  ; No                         ; No                         ; 2.75 V                      ; 0.000242 V                  ; 2.86 V             ; -0.0814 V          ; 0.36 V                              ; 0.156 V                             ; 3e-10 s                    ; 4.34e-10 s                 ; No                        ; No                        ;
; o7segD[3]    ; 2.5 V        ; 0 s                 ; 0 s                 ; 2.75 V                       ; 0.000242 V                   ; 2.86 V              ; -0.0805 V           ; 0.358 V                              ; 0.156 V                              ; 3.01e-10 s                  ; 4.34e-10 s                  ; No                         ; No                         ; 2.75 V                      ; 0.000242 V                  ; 2.86 V             ; -0.0805 V          ; 0.358 V                             ; 0.156 V                             ; 3.01e-10 s                 ; 4.34e-10 s                 ; No                        ; No                        ;
; o7segD[4]    ; 2.5 V        ; 0 s                 ; 0 s                 ; 2.75 V                       ; 0.000242 V                   ; 2.86 V              ; -0.0805 V           ; 0.358 V                              ; 0.156 V                              ; 3.01e-10 s                  ; 4.34e-10 s                  ; No                         ; No                         ; 2.75 V                      ; 0.000242 V                  ; 2.86 V             ; -0.0805 V          ; 0.358 V                             ; 0.156 V                             ; 3.01e-10 s                 ; 4.34e-10 s                 ; No                        ; No                        ;
; o7segD[5]    ; 2.5 V        ; 0 s                 ; 0 s                 ; 2.75 V                       ; 0.000242 V                   ; 2.86 V              ; -0.0814 V           ; 0.36 V                               ; 0.156 V                              ; 3e-10 s                     ; 4.34e-10 s                  ; No                         ; No                         ; 2.75 V                      ; 0.000242 V                  ; 2.86 V             ; -0.0814 V          ; 0.36 V                              ; 0.156 V                             ; 3e-10 s                    ; 4.34e-10 s                 ; No                        ; No                        ;
; o7segD[6]    ; 2.5 V        ; 0 s                 ; 0 s                 ; 2.75 V                       ; 0.000242 V                   ; 2.86 V              ; -0.0814 V           ; 0.36 V                               ; 0.156 V                              ; 3e-10 s                     ; 4.34e-10 s                  ; No                         ; No                         ; 2.75 V                      ; 0.000242 V                  ; 2.86 V             ; -0.0814 V          ; 0.36 V                              ; 0.156 V                             ; 3e-10 s                    ; 4.34e-10 s                 ; No                        ; No                        ;
; o7segU[0]    ; 2.5 V        ; 0 s                 ; 0 s                 ; 2.75 V                       ; 0.000242 V                   ; 2.86 V              ; -0.0814 V           ; 0.36 V                               ; 0.156 V                              ; 3e-10 s                     ; 4.34e-10 s                  ; No                         ; No                         ; 2.75 V                      ; 0.000242 V                  ; 2.86 V             ; -0.0814 V          ; 0.36 V                              ; 0.156 V                             ; 3e-10 s                    ; 4.34e-10 s                 ; No                        ; No                        ;
; o7segU[1]    ; 2.5 V        ; 0 s                 ; 0 s                 ; 2.75 V                       ; 0.000242 V                   ; 2.86 V              ; -0.0805 V           ; 0.358 V                              ; 0.156 V                              ; 3.01e-10 s                  ; 4.34e-10 s                  ; No                         ; No                         ; 2.75 V                      ; 0.000242 V                  ; 2.86 V             ; -0.0805 V          ; 0.358 V                             ; 0.156 V                             ; 3.01e-10 s                 ; 4.34e-10 s                 ; No                        ; No                        ;
; o7segU[2]    ; 2.5 V        ; 0 s                 ; 0 s                 ; 2.75 V                       ; 0.000242 V                   ; 2.86 V              ; -0.0805 V           ; 0.358 V                              ; 0.156 V                              ; 3.01e-10 s                  ; 4.34e-10 s                  ; No                         ; No                         ; 2.75 V                      ; 0.000242 V                  ; 2.86 V             ; -0.0805 V          ; 0.358 V                             ; 0.156 V                             ; 3.01e-10 s                 ; 4.34e-10 s                 ; No                        ; No                        ;
; o7segU[3]    ; 2.5 V        ; 0 s                 ; 0 s                 ; 2.75 V                       ; 0.000242 V                   ; 2.86 V              ; -0.0805 V           ; 0.358 V                              ; 0.156 V                              ; 3.01e-10 s                  ; 4.34e-10 s                  ; No                         ; No                         ; 2.75 V                      ; 0.000242 V                  ; 2.86 V             ; -0.0805 V          ; 0.358 V                             ; 0.156 V                             ; 3.01e-10 s                 ; 4.34e-10 s                 ; No                        ; No                        ;
; o7segU[4]    ; 2.5 V        ; 0 s                 ; 0 s                 ; 2.75 V                       ; 0.000242 V                   ; 2.86 V              ; -0.0814 V           ; 0.36 V                               ; 0.156 V                              ; 3e-10 s                     ; 4.34e-10 s                  ; No                         ; No                         ; 2.75 V                      ; 0.000242 V                  ; 2.86 V             ; -0.0814 V          ; 0.36 V                              ; 0.156 V                             ; 3e-10 s                    ; 4.34e-10 s                 ; No                        ; No                        ;
; o7segU[5]    ; 2.5 V        ; 0 s                 ; 0 s                 ; 2.75 V                       ; 0.000242 V                   ; 2.86 V              ; -0.0814 V           ; 0.36 V                               ; 0.156 V                              ; 3e-10 s                     ; 4.34e-10 s                  ; No                         ; No                         ; 2.75 V                      ; 0.000242 V                  ; 2.86 V             ; -0.0814 V          ; 0.36 V                              ; 0.156 V                             ; 3e-10 s                    ; 4.34e-10 s                 ; No                        ; No                        ;
; o7segU[6]    ; 2.5 V        ; 0 s                 ; 0 s                 ; 2.75 V                       ; 0.000242 V                   ; 2.86 V              ; -0.0805 V           ; 0.358 V                              ; 0.156 V                              ; 3.01e-10 s                  ; 4.34e-10 s                  ; No                         ; No                         ; 2.75 V                      ; 0.000242 V                  ; 2.86 V             ; -0.0805 V          ; 0.358 V                             ; 0.156 V                             ; 3.01e-10 s                 ; 4.34e-10 s                 ; No                        ; No                        ;
+--------------+--------------+---------------------+---------------------+------------------------------+------------------------------+---------------------+---------------------+--------------------------------------+--------------------------------------+-----------------------------+-----------------------------+----------------------------+----------------------------+-----------------------------+-----------------------------+--------------------+--------------------+-------------------------------------+-------------------------------------+----------------------------+----------------------------+---------------------------+---------------------------+


-------------------
; Clock Transfers ;
-------------------
Nothing to report.


---------------
; Report TCCS ;
---------------
No dedicated SERDES Transmitter circuitry present in device or used in design


---------------
; Report RSKM ;
---------------
No non-DPA dedicated SERDES Receiver circuitry present in device or used in design


+------------------------------------------------+
; Unconstrained Paths                            ;
+---------------------------------+-------+------+
; Property                        ; Setup ; Hold ;
+---------------------------------+-------+------+
; Illegal Clocks                  ; 0     ; 0    ;
; Unconstrained Clocks            ; 0     ; 0    ;
; Unconstrained Input Ports       ; 14    ; 14   ;
; Unconstrained Input Port Paths  ; 254   ; 254  ;
; Unconstrained Output Ports      ; 19    ; 19   ;
; Unconstrained Output Port Paths ; 254   ; 254  ;
+---------------------------------+-------+------+


+------------------------------------+
; TimeQuest Timing Analyzer Messages ;
+------------------------------------+
Info: *******************************************************************
Info: Running Quartus II 64-Bit TimeQuest Timing Analyzer
    Info: Version 13.1.0 Build 162 10/23/2013 SJ Web Edition
    Info: Processing started: Thu Sep 24 02:22:58 2026
Info: Command: quartus_sta ejercicio_13 -c ejercicio_13
Info: qsta_default_script.tcl version: #1
Info (11104): Parallel Compilation has detected 12 hyper-threaded processors. However, the extra hyper-threaded processors will not be used by default. Parallel Compilation will use 10 of the 10 physical processors detected instead.
Info (21077): Low junction temperature is 0 degrees C
Info (21077): High junction temperature is 85 degrees C
Critical Warning (332012): Synopsys Design Constraints File file not found: 'ejercicio_13.sdc'. A Synopsys Design Constraints File is required by the TimeQuest Timing Analyzer to get proper timing constraints. Without it, the Compiler will not properly optimize the design.
Info (332142): No user constrained base clocks found in the design. Calling "derive_clocks -period 1.0"
Info (332096): The command derive_clocks did not find any clocks to derive.  No clocks were created or changed.
Warning (332068): No clocks defined in design.
Info (332143): No user constrained clock uncertainty found in the design. Calling "derive_clock_uncertainty"
Info (332154): The derive_clock_uncertainty command did not apply clock uncertainty to any clock-to-clock transfers.
Info: Found TIMEQUEST_REPORT_SCRIPT_INCLUDE_DEFAULT_ANALYSIS = ON
Info (332159): No clocks to report
Info: Analyzing Slow 1100mV 85C Model
Info (332140): No fmax paths to report
Info (332140): No Setup paths to report
Info (332140): No Hold paths to report
Info (332140): No Recovery paths to report
Info (332140): No Removal paths to report
Info (332140): No Minimum Pulse Width paths to report
Info: Analyzing Slow 1100mV 0C Model
Info (334003): Started post-fitting delay annotation
Info (334004): Delay annotation completed successfully
Info (332142): No user constrained base clocks found in the design. Calling "derive_clocks -period 1.0"
Info (332096): The command derive_clocks did not find any clocks to derive.  No clocks were created or changed.
Warning (332068): No clocks defined in design.
Info (332154): The derive_clock_uncertainty command did not apply clock uncertainty to any clock-to-clock transfers.
Info (332140): No fmax paths to report
Info (332140): No Setup paths to report
Info (332140): No Hold paths to report
Info (332140): No Recovery paths to report
Info (332140): No Removal paths to report
Info (332140): No Minimum Pulse Width paths to report
Info: Analyzing Fast 1100mV 85C Model
Info (334003): Started post-fitting delay annotation
Info (334004): Delay annotation completed successfully
Info (332142): No user constrained base clocks found in the design. Calling "derive_clocks -period 1.0"
Info (332096): The command derive_clocks did not find any clocks to derive.  No clocks were created or changed.
Warning (332068): No clocks defined in design.
Info (332154): The derive_clock_uncertainty command did not apply clock uncertainty to any clock-to-clock transfers.
Info (332140): No Setup paths to report
Info (332140): No Hold paths to report
Info (332140): No Recovery paths to report
Info (332140): No Removal paths to report
Info (332140): No Minimum Pulse Width paths to report
Info: Analyzing Fast 1100mV 0C Model
Info (332142): No user constrained base clocks found in the design. Calling "derive_clocks -period 1.0"
Info (332096): The command derive_clocks did not find any clocks to derive.  No clocks were created or changed.
Warning (332068): No clocks defined in design.
Info (332154): The derive_clock_uncertainty command did not apply clock uncertainty to any clock-to-clock transfers.
Info (332140): No Setup paths to report
Info (332140): No Hold paths to report
Info (332140): No Recovery paths to report
Info (332140): No Removal paths to report
Info (332140): No Minimum Pulse Width paths to report
Info (332102): Design is not fully constrained for setup requirements
Info (332102): Design is not fully constrained for hold requirements
Info: Quartus II 64-Bit TimeQuest Timing Analyzer was successful. 0 errors, 5 warnings
    Info: Peak virtual memory: 4961 megabytes
    Info: Processing ended: Thu Sep 24 02:23:02 2026
    Info: Elapsed time: 00:00:04
    Info: Total CPU time (on all processors): 00:00:04


