TimeQuest Timing Analyzer report for ejercicio_12
Wed Sep 23 21:31:28 2026
Quartus II 64-Bit Version 13.1.0 Build 162 10/23/2013 SJ Web Edition


---------------------
; Table of Contents ;
---------------------
  1. Legal Notice
  2. TimeQuest Timing Analyzer Summary
  3. Parallel Compilation
  4. Clocks
  5. Slow 1100mV 85C Model Fmax Summary
  6. Timing Closure Recommendations
  7. Slow 1100mV 85C Model Setup Summary
  8. Slow 1100mV 85C Model Hold Summary
  9. Slow 1100mV 85C Model Recovery Summary
 10. Slow 1100mV 85C Model Removal Summary
 11. Slow 1100mV 85C Model Minimum Pulse Width Summary
 12. Propagation Delay
 13. Minimum Propagation Delay
 14. Slow 1100mV 85C Model Metastability Report
 15. Slow 1100mV 0C Model Fmax Summary
 16. Slow 1100mV 0C Model Setup Summary
 17. Slow 1100mV 0C Model Hold Summary
 18. Slow 1100mV 0C Model Recovery Summary
 19. Slow 1100mV 0C Model Removal Summary
 20. Slow 1100mV 0C Model Minimum Pulse Width Summary
 21. Propagation Delay
 22. Minimum Propagation Delay
 23. Slow 1100mV 0C Model Metastability Report
 24. Fast 1100mV 85C Model Setup Summary
 25. Fast 1100mV 85C Model Hold Summary
 26. Fast 1100mV 85C Model Recovery Summary
 27. Fast 1100mV 85C Model Removal Summary
 28. Fast 1100mV 85C Model Minimum Pulse Width Summary
 29. Propagation Delay
 30. Minimum Propagation Delay
 31. Fast 1100mV 85C Model Metastability Report
 32. Fast 1100mV 0C Model Setup Summary
 33. Fast 1100mV 0C Model Hold Summary
 34. Fast 1100mV 0C Model Recovery Summary
 35. Fast 1100mV 0C Model Removal Summary
 36. Fast 1100mV 0C Model Minimum Pulse Width Summary
 37. Propagation Delay
 38. Minimum Propagation Delay
 39. Fast 1100mV 0C Model Metastability Report
 40. Multicorner Timing Analysis Summary
 41. Propagation Delay
 42. Minimum Propagation Delay
 43. Board Trace Model Assignments
 44. Input Transition Times
 45. Signal Integrity Metrics (Slow 1100mv 0c Model)
 46. Signal Integrity Metrics (Slow 1100mv 85c Model)
 47. Signal Integrity Metrics (Fast 1100mv 0c Model)
 48. Signal Integrity Metrics (Fast 1100mv 85c Model)
 49. Clock Transfers
 50. Report TCCS
 51. Report RSKM
 52. Unconstrained Paths
 53. TimeQuest Timing Analyzer Messages



----------------
; Legal Notice ;
----------------
Copyright (C) 1991-2013 Altera Corporation
Your use of Altera Corporation's design tools, logic functions 
and other software and tools, and its AMPP partner logic 
functions, and any output files from any of the foregoing 
(including device programming or simulation files), and any 
associated documentation or information are expressly subject 
to the terms and conditions of the Altera Program License 
Subscription Agreement, Altera MegaCore Function License 
Agreement, or other applicable license agreement, including, 
without limitation, that your use is for the sole purpose of 
programming logic devices manufactured by Altera and sold by 
Altera or its authorized distributors.  Please refer to the 
applicable agreement for further details.



+-------------------------------------------------------------------------+
; TimeQuest Timing Analyzer Summary                                       ;
+--------------------+----------------------------------------------------+
; Quartus II Version ; Version 13.1.0 Build 162 10/23/2013 SJ Web Edition ;
; Revision Name      ; ejercicio_12                                       ;
; Device Family      ; Cyclone V                                          ;
; Device Name        ; 5CEBA4F23C7                                        ;
; Timing Models      ; Final                                              ;
; Delay Model        ; Combined                                           ;
; Rise/Fall Delays   ; Enabled                                            ;
+--------------------+----------------------------------------------------+


+------------------------------------------+
; Parallel Compilation                     ;
+----------------------------+-------------+
; Processors                 ; Number      ;
+----------------------------+-------------+
; Number detected on machine ; 12          ;
; Maximum allowed            ; 10          ;
;                            ;             ;
; Average used               ; 1.00        ;
; Maximum used               ; 10          ;
;                            ;             ;
; Usage by Processor         ; % Time Used ;
;     Processor 1            ; 100.0%      ;
;     Processors 2-10        ; < 0.1%      ;
;     Processors 11-12       ;   0.0%      ;
+----------------------------+-------------+


----------
; Clocks ;
----------
No clocks to report.


--------------------------------------
; Slow 1100mV 85C Model Fmax Summary ;
--------------------------------------
No paths to report.


----------------------------------
; Timing Closure Recommendations ;
----------------------------------
HTML report is unavailable in plain text report export.


---------------------------------------
; Slow 1100mV 85C Model Setup Summary ;
---------------------------------------
No paths to report.


--------------------------------------
; Slow 1100mV 85C Model Hold Summary ;
--------------------------------------
No paths to report.


------------------------------------------
; Slow 1100mV 85C Model Recovery Summary ;
------------------------------------------
No paths to report.


-----------------------------------------
; Slow 1100mV 85C Model Removal Summary ;
-----------------------------------------
No paths to report.


-----------------------------------------------------
; Slow 1100mV 85C Model Minimum Pulse Width Summary ;
-----------------------------------------------------
No paths to report.


+-----------------------------------------------------------------+
; Propagation Delay                                               ;
+-------------+---------------+--------+--------+--------+--------+
; Input Port  ; Output Port   ; RR     ; RF     ; FR     ; FF     ;
+-------------+---------------+--------+--------+--------+--------+
; iEntrada[0] ; oDisplay1[0]  ; 8.217  ; 8.511  ; 8.621  ; 8.790  ;
; iEntrada[0] ; oDisplay1[1]  ; 8.303  ; 8.608  ; 8.707  ; 8.887  ;
; iEntrada[0] ; oDisplay1[2]  ; 8.124  ; 8.400  ; 8.528  ; 8.679  ;
; iEntrada[0] ; oDisplay1[3]  ; 8.839  ;        ;        ; 8.839  ;
; iEntrada[0] ; oDisplay1[4]  ; 8.346  ;        ;        ; 8.452  ;
; iEntrada[0] ; oDisplay1[5]  ; 8.096  ; 8.355  ; 8.499  ; 8.633  ;
; iEntrada[0] ; oDisplay1[6]  ;        ; 8.498  ; 8.548  ;        ;
; iEntrada[0] ; oDisplay2[0]  ; 7.819  ; 8.055  ; 8.225  ; 8.336  ;
; iEntrada[0] ; oDisplay2[1]  ; 7.885  ; 8.092  ; 8.291  ; 8.373  ;
; iEntrada[0] ; oDisplay2[2]  ; 7.787  ; 8.017  ; 8.193  ; 8.298  ;
; iEntrada[0] ; oDisplay2[3]  ; 7.964  ;        ;        ; 8.119  ;
; iEntrada[0] ; oDisplay2[4]  ; 8.697  ;        ;        ; 8.801  ;
; iEntrada[0] ; oDisplay2[5]  ; 7.916  ;        ;        ; 8.078  ;
; iEntrada[0] ; oDisplay2[6]  ; 8.892  ;        ;        ; 8.855  ;
; iEntrada[0] ; oDisplay3[0]  ; 8.324  ; 8.516  ; 8.730  ; 8.797  ;
; iEntrada[0] ; oDisplay3[2]  ; 8.296  ; 8.521  ; 8.702  ; 8.802  ;
; iEntrada[0] ; oDisplay3[3]  ; 8.562  ; 8.289  ; 8.902  ; 8.570  ;
; iEntrada[0] ; oDisplay3[4]  ; 8.136  ;        ;        ; 8.286  ;
; iEntrada[0] ; oDisplay3[5]  ; 8.513  ; 8.281  ; 8.853  ; 8.562  ;
; iEntrada[0] ; oDisplay3[6]  ; 8.023  ; 8.242  ; 8.429  ; 8.523  ;
; iEntrada[0] ; oDisplay4[0]  ;        ; 8.070  ; 8.243  ;        ;
; iEntrada[0] ; oDisplay4[1]  ; 7.951  ; 8.188  ; 8.360  ; 8.472  ;
; iEntrada[0] ; oDisplay4[2]  ; 7.712  ; 7.933  ; 8.121  ; 8.217  ;
; iEntrada[0] ; oDisplay4[3]  ;        ; 8.164  ; 8.753  ;        ;
; iEntrada[0] ; oDisplay4[5]  ; 8.479  ;        ;        ; 8.549  ;
; iEntrada[0] ; oDisplay4[6]  ; 8.016  ; 8.157  ; 8.425  ; 8.441  ;
; iEntrada[0] ; oDisplay5[0]  ; 8.814  ;        ;        ; 8.804  ;
; iEntrada[0] ; oDisplay5[1]  ; 7.879  ; 8.146  ; 8.290  ; 8.432  ;
; iEntrada[0] ; oDisplay5[2]  ;        ; 8.168  ; 8.264  ;        ;
; iEntrada[0] ; oDisplay5[3]  ; 8.642  ;        ;        ; 8.645  ;
; iEntrada[0] ; oDisplay5[4]  ; 7.892  ;        ;        ; 8.051  ;
; iEntrada[0] ; oDisplay5[6]  ; 8.835  ;        ;        ; 8.743  ;
; iEntrada[0] ; oLEDs_Gray[0] ; 10.335 ; 11.083 ; 10.641 ; 11.367 ;
; iEntrada[1] ; oDisplay1[0]  ; 8.350  ;        ;        ; 8.867  ;
; iEntrada[1] ; oDisplay1[1]  ; 8.436  ;        ;        ; 8.964  ;
; iEntrada[1] ; oDisplay1[2]  ; 8.257  ;        ;        ; 8.756  ;
; iEntrada[1] ; oDisplay1[3]  ; 8.708  ;        ;        ; 8.806  ;
; iEntrada[1] ; oDisplay1[4]  ; 8.215  ;        ;        ; 8.419  ;
; iEntrada[1] ; oDisplay1[5]  ; 8.229  ;        ;        ; 8.711  ;
; iEntrada[1] ; oDisplay1[6]  ; 8.192  ;        ;        ; 8.679  ;
; iEntrada[1] ; oDisplay2[0]  ; 7.955  ; 8.103  ; 8.279  ; 8.416  ;
; iEntrada[1] ; oDisplay2[1]  ; 8.021  ; 8.140  ; 8.345  ; 8.453  ;
; iEntrada[1] ; oDisplay2[2]  ; 7.923  ; 8.065  ; 8.247  ; 8.378  ;
; iEntrada[1] ; oDisplay2[3]  ; 7.835  ;        ;        ; 8.089  ;
; iEntrada[1] ; oDisplay2[4]  ; 8.568  ;        ;        ; 8.771  ;
; iEntrada[1] ; oDisplay2[5]  ; 7.787  ;        ;        ; 8.048  ;
; iEntrada[1] ; oDisplay2[6]  ; 8.763  ;        ;        ; 8.825  ;
; iEntrada[1] ; oDisplay3[0]  ; 8.448  ; 8.552  ; 8.771  ; 8.864  ;
; iEntrada[1] ; oDisplay3[2]  ; 8.420  ; 8.557  ; 8.743  ; 8.869  ;
; iEntrada[1] ; oDisplay3[3]  ; 8.423  ; 8.203  ; 8.734  ; 8.526  ;
; iEntrada[1] ; oDisplay3[4]  ;        ; 7.967  ; 8.450  ;        ;
; iEntrada[1] ; oDisplay3[5]  ; 8.374  ; 8.195  ; 8.685  ; 8.518  ;
; iEntrada[1] ; oDisplay3[6]  ; 8.147  ; 8.278  ; 8.470  ; 8.590  ;
; iEntrada[1] ; oDisplay4[0]  ;        ; 7.899  ; 8.162  ;        ;
; iEntrada[1] ; oDisplay4[1]  ; 8.014  ; 8.163  ; 8.336  ; 8.474  ;
; iEntrada[1] ; oDisplay4[2]  ; 7.775  ; 7.908  ; 8.097  ; 8.219  ;
; iEntrada[1] ; oDisplay4[3]  ;        ; 8.017  ; 8.520  ;        ;
; iEntrada[1] ; oDisplay4[5]  ; 8.337  ;        ;        ; 8.517  ;
; iEntrada[1] ; oDisplay4[6]  ; 8.079  ; 8.132  ; 8.401  ; 8.443  ;
; iEntrada[1] ; oDisplay5[0]  ;        ; 8.372  ; 8.924  ;        ;
; iEntrada[1] ; oDisplay5[1]  ; 7.948  ; 8.127  ; 8.270  ; 8.438  ;
; iEntrada[1] ; oDisplay5[2]  ; 7.836  ;        ;        ; 8.283  ;
; iEntrada[1] ; oDisplay5[3]  ;        ; 8.213  ; 8.752  ;        ;
; iEntrada[1] ; oDisplay5[4]  ;        ; 7.619  ; 8.002  ;        ;
; iEntrada[1] ; oDisplay5[6]  ;        ; 8.311  ; 8.945  ;        ;
; iEntrada[1] ; oDisplay6[0]  ;        ; 8.426  ; 8.598  ;        ;
; iEntrada[1] ; oDisplay6[3]  ;        ; 8.628  ; 8.794  ;        ;
; iEntrada[1] ; oDisplay6[4]  ;        ; 11.839 ; 11.242 ;        ;
; iEntrada[1] ; oDisplay6[5]  ;        ; 11.838 ; 11.234 ;        ;
; iEntrada[1] ; oDisplay6[6]  ;        ; 7.960  ; 8.137  ;        ;
; iEntrada[1] ; oLEDs_Gray[0] ; 10.589 ; 11.340 ; 10.913 ; 11.651 ;
; iEntrada[1] ; oLEDs_Gray[1] ; 9.181  ; 9.467  ; 9.516  ; 9.776  ;
; iEntrada[2] ; oDisplay1[0]  ; 8.484  ;        ;        ; 9.035  ;
; iEntrada[2] ; oDisplay1[1]  ; 8.570  ;        ;        ; 9.132  ;
; iEntrada[2] ; oDisplay1[2]  ; 8.391  ;        ;        ; 8.924  ;
; iEntrada[2] ; oDisplay1[3]  ; 8.954  ;        ;        ; 8.993  ;
; iEntrada[2] ; oDisplay1[4]  ; 8.461  ;        ;        ; 8.606  ;
; iEntrada[2] ; oDisplay1[5]  ; 8.488  ;        ;        ; 8.909  ;
; iEntrada[2] ; oDisplay1[6]  ; 8.451  ;        ;        ; 8.876  ;
; iEntrada[2] ; oDisplay2[0]  ; 8.089  ; 8.280  ; 8.333  ; 8.582  ;
; iEntrada[2] ; oDisplay2[1]  ; 8.155  ; 8.317  ; 8.399  ; 8.619  ;
; iEntrada[2] ; oDisplay2[2]  ; 8.057  ; 8.242  ; 8.301  ; 8.544  ;
; iEntrada[2] ; oDisplay2[3]  ; 8.081  ;        ;        ; 8.275  ;
; iEntrada[2] ; oDisplay2[4]  ; 8.814  ;        ;        ; 8.957  ;
; iEntrada[2] ; oDisplay2[5]  ; 8.033  ;        ;        ; 8.234  ;
; iEntrada[2] ; oDisplay2[6]  ; 9.009  ;        ;        ; 9.011  ;
; iEntrada[2] ; oDisplay3[0]  ;        ; 8.726  ; 8.824  ;        ;
; iEntrada[2] ; oDisplay3[2]  ;        ; 8.731  ; 8.796  ;        ;
; iEntrada[2] ; oDisplay3[3]  ;        ; 8.460  ; 8.930  ;        ;
; iEntrada[2] ; oDisplay3[4]  ;        ; 8.119  ; 8.636  ;        ;
; iEntrada[2] ; oDisplay3[5]  ;        ; 8.452  ; 8.881  ;        ;
; iEntrada[2] ; oDisplay3[6]  ;        ; 8.452  ; 8.523  ;        ;
; iEntrada[2] ; oDisplay4[0]  ; 8.116  ;        ;        ; 8.425  ;
; iEntrada[2] ; oDisplay4[1]  ; 8.192  ; 8.386  ; 8.440  ; 8.690  ;
; iEntrada[2] ; oDisplay4[2]  ; 7.953  ; 8.131  ; 8.201  ; 8.435  ;
; iEntrada[2] ; oDisplay4[3]  ; 8.505  ;        ;        ; 8.576  ;
; iEntrada[2] ; oDisplay4[5]  ;        ; 8.502  ; 8.893  ;        ;
; iEntrada[2] ; oDisplay4[6]  ; 8.257  ; 8.355  ; 8.505  ; 8.659  ;
; iEntrada[2] ; oDisplay5[0]  ; 8.908  ;        ;        ; 8.930  ;
; iEntrada[2] ; oDisplay5[1]  ; 8.125  ;        ;        ; 8.649  ;
; iEntrada[2] ; oDisplay5[2]  ; 8.139  ;        ;        ; 8.524  ;
; iEntrada[2] ; oDisplay5[3]  ; 8.736  ;        ;        ; 8.771  ;
; iEntrada[2] ; oDisplay5[4]  ; 7.986  ;        ;        ; 8.177  ;
; iEntrada[2] ; oDisplay5[6]  ; 8.929  ;        ;        ; 8.869  ;
; iEntrada[2] ; oDisplay6[0]  ;        ; 8.636  ; 8.686  ;        ;
; iEntrada[2] ; oDisplay6[3]  ;        ; 8.838  ; 8.882  ;        ;
; iEntrada[2] ; oDisplay6[4]  ;        ; 12.049 ; 11.330 ;        ;
; iEntrada[2] ; oDisplay6[5]  ;        ; 12.048 ; 11.322 ;        ;
; iEntrada[2] ; oDisplay6[6]  ;        ; 8.170  ; 8.225  ;        ;
; iEntrada[2] ; oLEDs_Gray[1] ; 9.883  ; 10.161 ; 10.137 ; 10.426 ;
; iEntrada[2] ; oLEDs_Gray[2] ; 10.923 ; 11.668 ; 11.176 ; 11.932 ;
; iEntrada[3] ; oDisplay1[0]  ; 7.934  ; 8.136  ; 8.230  ; 8.406  ;
; iEntrada[3] ; oDisplay1[1]  ; 8.020  ; 8.233  ; 8.316  ; 8.503  ;
; iEntrada[3] ; oDisplay1[2]  ; 7.841  ; 8.025  ; 8.137  ; 8.295  ;
; iEntrada[3] ; oDisplay1[3]  ; 8.293  ;        ;        ; 8.370  ;
; iEntrada[3] ; oDisplay1[4]  ; 7.800  ;        ;        ; 7.983  ;
; iEntrada[3] ; oDisplay1[5]  ; 7.812  ; 7.979  ; 8.109  ; 8.250  ;
; iEntrada[3] ; oDisplay1[6]  ;        ; 7.952  ; 8.079  ;        ;
; iEntrada[3] ; oDisplay2[0]  ; 7.536  ; 7.680  ; 7.834  ; 7.952  ;
; iEntrada[3] ; oDisplay2[1]  ; 7.602  ; 7.717  ; 7.900  ; 7.989  ;
; iEntrada[3] ; oDisplay2[2]  ; 7.504  ; 7.642  ; 7.802  ; 7.914  ;
; iEntrada[3] ; oDisplay2[3]  ;        ; 7.349  ; 7.697  ;        ;
; iEntrada[3] ; oDisplay2[4]  ;        ; 8.031  ; 8.430  ;        ;
; iEntrada[3] ; oDisplay2[5]  ;        ; 7.308  ; 7.649  ;        ;
; iEntrada[3] ; oDisplay2[6]  ;        ; 8.085  ; 8.625  ;        ;
; iEntrada[3] ; oDisplay3[0]  ; 8.026  ;        ;        ; 8.398  ;
; iEntrada[3] ; oDisplay3[2]  ; 7.998  ;        ;        ; 8.403  ;
; iEntrada[3] ; oDisplay3[3]  ; 8.001  ;        ;        ; 8.087  ;
; iEntrada[3] ; oDisplay3[4]  ; 7.705  ;        ;        ; 7.832  ;
; iEntrada[3] ; oDisplay3[5]  ; 7.952  ;        ;        ; 8.079  ;
; iEntrada[3] ; oDisplay3[6]  ; 7.725  ;        ;        ; 8.124  ;
; iEntrada[3] ; oDisplay4[0]  ; 7.412  ;        ;        ; 7.747  ;
; iEntrada[3] ; oDisplay4[1]  ; 7.615  ;        ;        ; 8.028  ;
; iEntrada[3] ; oDisplay4[2]  ; 7.376  ;        ;        ; 7.773  ;
; iEntrada[3] ; oDisplay4[3]  ; 7.812  ;        ;        ; 7.922  ;
; iEntrada[3] ; oDisplay4[5]  ; 7.934  ;        ;        ; 8.091  ;
; iEntrada[3] ; oDisplay4[6]  ; 7.680  ;        ;        ; 7.997  ;
; iEntrada[3] ; oDisplay5[0]  ; 8.216  ;        ;        ; 8.275  ;
; iEntrada[3] ; oDisplay5[1]  ; 7.542  ;        ;        ; 7.988  ;
; iEntrada[3] ; oDisplay5[2]  ; 7.433  ;        ;        ; 7.847  ;
; iEntrada[3] ; oDisplay5[3]  ; 8.044  ;        ;        ; 8.116  ;
; iEntrada[3] ; oDisplay5[4]  ; 7.294  ;        ;        ; 7.522  ;
; iEntrada[3] ; oDisplay5[6]  ; 8.237  ;        ;        ; 8.214  ;
; iEntrada[3] ; oDisplay6[0]  ;        ; 8.006  ; 8.154  ;        ;
; iEntrada[3] ; oDisplay6[3]  ;        ; 8.208  ; 8.350  ;        ;
; iEntrada[3] ; oDisplay6[4]  ;        ; 11.419 ; 10.798 ;        ;
; iEntrada[3] ; oDisplay6[5]  ;        ; 11.418 ; 10.790 ;        ;
; iEntrada[3] ; oDisplay6[6]  ;        ; 7.540  ; 7.693  ;        ;
; iEntrada[3] ; oLEDs_Gray[2] ; 10.251 ; 11.007 ; 10.551 ; 11.286 ;
; iEntrada[3] ; oLEDs_Gray[3] ; 7.609  ;        ;        ; 7.949  ;
+-------------+---------------+--------+--------+--------+--------+


+----------------------------------------------------------------+
; Minimum Propagation Delay                                      ;
+-------------+---------------+-------+--------+--------+--------+
; Input Port  ; Output Port   ; RR    ; RF     ; FR     ; FF     ;
+-------------+---------------+-------+--------+--------+--------+
; iEntrada[0] ; oDisplay1[0]  ; 7.450 ; 7.697  ; 7.731  ; 7.876  ;
; iEntrada[0] ; oDisplay1[1]  ; 7.531 ; 7.789  ; 7.812  ; 7.968  ;
; iEntrada[0] ; oDisplay1[2]  ; 7.378 ; 7.623  ; 7.659  ; 7.802  ;
; iEntrada[0] ; oDisplay1[3]  ; 7.896 ;        ;        ; 7.968  ;
; iEntrada[0] ; oDisplay1[4]  ; 7.503 ;        ;        ; 7.630  ;
; iEntrada[0] ; oDisplay1[5]  ; 7.346 ; 7.577  ; 7.627  ; 7.756  ;
; iEntrada[0] ; oDisplay1[6]  ;       ; 7.645  ; 7.728  ;        ;
; iEntrada[0] ; oDisplay2[0]  ; 7.115 ; 7.353  ; 7.399  ; 7.535  ;
; iEntrada[0] ; oDisplay2[1]  ; 7.167 ; 7.377  ; 7.451  ; 7.559  ;
; iEntrada[0] ; oDisplay2[2]  ; 7.084 ; 7.316  ; 7.368  ; 7.498  ;
; iEntrada[0] ; oDisplay2[3]  ; 7.205 ;        ;        ; 7.350  ;
; iEntrada[0] ; oDisplay2[4]  ; 7.812 ;        ;        ; 7.949  ;
; iEntrada[0] ; oDisplay2[5]  ; 7.157 ;        ;        ; 7.308  ;
; iEntrada[0] ; oDisplay2[6]  ; 7.921 ;        ;        ; 7.973  ;
; iEntrada[0] ; oDisplay3[0]  ; 7.577 ; 7.764  ; 7.860  ; 7.945  ;
; iEntrada[0] ; oDisplay3[2]  ; 7.556 ; 7.774  ; 7.839  ; 7.955  ;
; iEntrada[0] ; oDisplay3[3]  ; 7.659 ; 7.536  ; 7.892  ; 7.723  ;
; iEntrada[0] ; oDisplay3[4]  ; 7.390 ;        ;        ; 7.433  ;
; iEntrada[0] ; oDisplay3[5]  ; 7.660 ; 7.554  ; 7.893  ; 7.741  ;
; iEntrada[0] ; oDisplay3[6]  ; 7.292 ; 7.500  ; 7.575  ; 7.681  ;
; iEntrada[0] ; oDisplay4[0]  ;       ; 7.279  ; 7.447  ;        ;
; iEntrada[0] ; oDisplay4[1]  ; 7.211 ; 7.435  ; 7.497  ; 7.619  ;
; iEntrada[0] ; oDisplay4[2]  ; 7.006 ; 7.233  ; 7.292  ; 7.417  ;
; iEntrada[0] ; oDisplay4[3]  ;       ; 7.430  ; 7.779  ;        ;
; iEntrada[0] ; oDisplay4[5]  ; 7.609 ;        ;        ; 7.703  ;
; iEntrada[0] ; oDisplay4[6]  ; 7.284 ; 7.434  ; 7.570  ; 7.618  ;
; iEntrada[0] ; oDisplay5[0]  ; 7.884 ;        ;        ; 7.942  ;
; iEntrada[0] ; oDisplay5[1]  ; 7.147 ; 7.393  ; 7.434  ; 7.578  ;
; iEntrada[0] ; oDisplay5[2]  ;       ; 7.353  ; 7.461  ;        ;
; iEntrada[0] ; oDisplay5[3]  ; 7.712 ;        ;        ; 7.782  ;
; iEntrada[0] ; oDisplay5[4]  ; 7.123 ;        ;        ; 7.272  ;
; iEntrada[0] ; oDisplay5[6]  ; 7.822 ;        ;        ; 7.847  ;
; iEntrada[0] ; oLEDs_Gray[0] ; 9.388 ; 9.859  ; 9.589  ; 10.045 ;
; iEntrada[1] ; oDisplay1[0]  ; 7.541 ;        ;        ; 7.893  ;
; iEntrada[1] ; oDisplay1[1]  ; 7.622 ;        ;        ; 7.985  ;
; iEntrada[1] ; oDisplay1[2]  ; 7.469 ;        ;        ; 7.819  ;
; iEntrada[1] ; oDisplay1[3]  ; 7.826 ;        ;        ; 7.882  ;
; iEntrada[1] ; oDisplay1[4]  ; 7.433 ;        ;        ; 7.544  ;
; iEntrada[1] ; oDisplay1[5]  ; 7.437 ;        ;        ; 7.773  ;
; iEntrada[1] ; oDisplay1[6]  ; 7.430 ;        ;        ; 7.782  ;
; iEntrada[1] ; oDisplay2[0]  ; 7.210 ; 7.346  ; 7.421  ; 7.553  ;
; iEntrada[1] ; oDisplay2[1]  ; 7.262 ; 7.370  ; 7.473  ; 7.577  ;
; iEntrada[1] ; oDisplay2[2]  ; 7.179 ; 7.309  ; 7.390  ; 7.516  ;
; iEntrada[1] ; oDisplay2[3]  ; 7.137 ;        ;        ; 7.266  ;
; iEntrada[1] ; oDisplay2[4]  ; 7.744 ;        ;        ; 7.865  ;
; iEntrada[1] ; oDisplay2[5]  ; 7.089 ;        ;        ; 7.224  ;
; iEntrada[1] ; oDisplay2[6]  ; 7.853 ;        ;        ; 7.889  ;
; iEntrada[1] ; oDisplay3[0]  ; 7.660 ; 7.745  ; 7.871  ; 7.952  ;
; iEntrada[1] ; oDisplay3[2]  ; 7.639 ; 7.755  ; 7.850  ; 7.962  ;
; iEntrada[1] ; oDisplay3[3]  ; 7.582 ; 7.417  ; 7.789  ; 7.628  ;
; iEntrada[1] ; oDisplay3[4]  ;       ; 7.201  ; 7.551  ;        ;
; iEntrada[1] ; oDisplay3[5]  ; 7.583 ; 7.435  ; 7.790  ; 7.646  ;
; iEntrada[1] ; oDisplay3[6]  ; 7.375 ; 7.481  ; 7.586  ; 7.688  ;
; iEntrada[1] ; oDisplay4[0]  ;       ; 7.174  ; 7.321  ;        ;
; iEntrada[1] ; oDisplay4[1]  ; 7.241 ; 7.363  ; 7.451  ; 7.569  ;
; iEntrada[1] ; oDisplay4[2]  ; 7.036 ; 7.161  ; 7.246  ; 7.367  ;
; iEntrada[1] ; oDisplay4[3]  ;       ; 7.255  ; 7.619  ;        ;
; iEntrada[1] ; oDisplay4[5]  ; 7.516 ;        ;        ; 7.617  ;
; iEntrada[1] ; oDisplay4[6]  ; 7.314 ; 7.362  ; 7.524  ; 7.568  ;
; iEntrada[1] ; oDisplay5[0]  ;       ; 7.579  ; 7.960  ;        ;
; iEntrada[1] ; oDisplay5[1]  ; 7.183 ; 7.327  ; 7.393  ; 7.533  ;
; iEntrada[1] ; oDisplay5[2]  ; 7.102 ;        ;        ; 7.434  ;
; iEntrada[1] ; oDisplay5[3]  ;       ; 7.419  ; 7.788  ;        ;
; iEntrada[1] ; oDisplay5[4]  ;       ; 6.909  ; 7.199  ;        ;
; iEntrada[1] ; oDisplay5[6]  ;       ; 7.484  ; 7.898  ;        ;
; iEntrada[1] ; oDisplay6[0]  ;       ; 7.598  ; 7.690  ;        ;
; iEntrada[1] ; oDisplay6[3]  ;       ; 7.742  ; 7.853  ;        ;
; iEntrada[1] ; oDisplay6[4]  ;       ; 10.534 ; 10.075 ;        ;
; iEntrada[1] ; oDisplay6[5]  ;       ; 10.529 ; 10.064 ;        ;
; iEntrada[1] ; oDisplay6[6]  ;       ; 7.206  ; 7.284  ;        ;
; iEntrada[1] ; oLEDs_Gray[0] ; 9.572 ; 10.064 ; 9.784  ; 10.271 ;
; iEntrada[1] ; oLEDs_Gray[1] ; 8.406 ; 8.619  ; 8.628  ; 8.824  ;
; iEntrada[2] ; oDisplay1[0]  ; 7.716 ;        ;        ; 8.044  ;
; iEntrada[2] ; oDisplay1[1]  ; 7.797 ;        ;        ; 8.136  ;
; iEntrada[2] ; oDisplay1[2]  ; 7.644 ;        ;        ; 7.970  ;
; iEntrada[2] ; oDisplay1[3]  ; 8.080 ;        ;        ; 8.113  ;
; iEntrada[2] ; oDisplay1[4]  ; 7.687 ;        ;        ; 7.775  ;
; iEntrada[2] ; oDisplay1[5]  ; 7.691 ;        ;        ; 8.002  ;
; iEntrada[2] ; oDisplay1[6]  ; 7.685 ;        ;        ; 8.011  ;
; iEntrada[2] ; oDisplay2[0]  ; 7.383 ; 7.487  ; 7.566  ; 7.703  ;
; iEntrada[2] ; oDisplay2[1]  ; 7.435 ; 7.511  ; 7.618  ; 7.727  ;
; iEntrada[2] ; oDisplay2[2]  ; 7.352 ; 7.450  ; 7.535  ; 7.666  ;
; iEntrada[2] ; oDisplay2[3]  ; 7.390 ;        ;        ; 7.496  ;
; iEntrada[2] ; oDisplay2[4]  ; 7.997 ;        ;        ; 8.095  ;
; iEntrada[2] ; oDisplay2[5]  ; 7.342 ;        ;        ; 7.454  ;
; iEntrada[2] ; oDisplay2[6]  ; 8.106 ;        ;        ; 8.119  ;
; iEntrada[2] ; oDisplay3[0]  ;       ; 7.884  ; 8.015  ;        ;
; iEntrada[2] ; oDisplay3[2]  ;       ; 7.894  ; 7.994  ;        ;
; iEntrada[2] ; oDisplay3[3]  ;       ; 7.669  ; 8.015  ;        ;
; iEntrada[2] ; oDisplay3[4]  ;       ; 7.391  ; 7.717  ;        ;
; iEntrada[2] ; oDisplay3[5]  ;       ; 7.687  ; 8.016  ;        ;
; iEntrada[2] ; oDisplay3[6]  ;       ; 7.620  ; 7.730  ;        ;
; iEntrada[2] ; oDisplay4[0]  ; 7.381 ;        ;        ; 7.626  ;
; iEntrada[2] ; oDisplay4[1]  ; 7.455 ; 7.544  ; 7.640  ; 7.762  ;
; iEntrada[2] ; oDisplay4[2]  ; 7.250 ; 7.342  ; 7.435  ; 7.560  ;
; iEntrada[2] ; oDisplay4[3]  ; 7.710 ;        ;        ; 7.740  ;
; iEntrada[2] ; oDisplay4[5]  ;       ; 7.703  ; 7.993  ;        ;
; iEntrada[2] ; oDisplay4[6]  ; 7.528 ; 7.543  ; 7.713  ; 7.761  ;
; iEntrada[2] ; oDisplay5[0]  ; 8.051 ;        ;        ; 8.063  ;
; iEntrada[2] ; oDisplay5[1]  ; 7.395 ;        ;        ; 7.722  ;
; iEntrada[2] ; oDisplay5[2]  ; 7.394 ;        ;        ; 7.700  ;
; iEntrada[2] ; oDisplay5[3]  ; 7.879 ;        ;        ; 7.903  ;
; iEntrada[2] ; oDisplay5[4]  ; 7.290 ;        ;        ; 7.393  ;
; iEntrada[2] ; oDisplay5[6]  ; 7.989 ;        ;        ; 7.968  ;
; iEntrada[2] ; oDisplay6[0]  ;       ; 7.768  ; 7.864  ;        ;
; iEntrada[2] ; oDisplay6[3]  ;       ; 7.912  ; 8.027  ;        ;
; iEntrada[2] ; oDisplay6[4]  ;       ; 10.704 ; 10.249 ;        ;
; iEntrada[2] ; oDisplay6[5]  ;       ; 10.699 ; 10.238 ;        ;
; iEntrada[2] ; oDisplay6[6]  ;       ; 7.376  ; 7.458  ;        ;
; iEntrada[2] ; oLEDs_Gray[1] ; 9.024 ; 9.259  ; 9.213  ; 9.441  ;
; iEntrada[2] ; oLEDs_Gray[2] ; 9.878 ; 10.395 ; 10.067 ; 10.577 ;
; iEntrada[3] ; oDisplay1[0]  ; 7.217 ; 7.340  ; 7.425  ; 7.531  ;
; iEntrada[3] ; oDisplay1[1]  ; 7.298 ; 7.432  ; 7.506  ; 7.623  ;
; iEntrada[3] ; oDisplay1[2]  ; 7.145 ; 7.266  ; 7.353  ; 7.457  ;
; iEntrada[3] ; oDisplay1[3]  ; 7.474 ;        ;        ; 7.552  ;
; iEntrada[3] ; oDisplay1[4]  ; 7.081 ;        ;        ; 7.214  ;
; iEntrada[3] ; oDisplay1[5]  ; 7.112 ; 7.219  ; 7.320  ; 7.410  ;
; iEntrada[3] ; oDisplay1[6]  ;       ; 7.223  ; 7.311  ;        ;
; iEntrada[3] ; oDisplay2[0]  ; 6.883 ; 6.997  ; 7.092  ; 7.189  ;
; iEntrada[3] ; oDisplay2[1]  ; 6.935 ; 7.021  ; 7.144  ; 7.213  ;
; iEntrada[3] ; oDisplay2[2]  ; 6.852 ; 6.960  ; 7.061  ; 7.152  ;
; iEntrada[3] ; oDisplay2[3]  ;       ; 6.720  ; 6.981  ;        ;
; iEntrada[3] ; oDisplay2[4]  ;       ; 7.319  ; 7.588  ;        ;
; iEntrada[3] ; oDisplay2[5]  ;       ; 6.678  ; 6.933  ;        ;
; iEntrada[3] ; oDisplay2[6]  ;       ; 7.343  ; 7.697  ;        ;
; iEntrada[3] ; oDisplay3[0]  ; 7.331 ;        ;        ; 7.586  ;
; iEntrada[3] ; oDisplay3[2]  ; 7.310 ;        ;        ; 7.596  ;
; iEntrada[3] ; oDisplay3[3]  ; 7.224 ;        ;        ; 7.293  ;
; iEntrada[3] ; oDisplay3[4]  ; 6.985 ;        ;        ; 7.071  ;
; iEntrada[3] ; oDisplay3[5]  ; 7.225 ;        ;        ; 7.311  ;
; iEntrada[3] ; oDisplay3[6]  ; 7.046 ;        ;        ; 7.322  ;
; iEntrada[3] ; oDisplay4[0]  ; 6.764 ;        ;        ; 7.006  ;
; iEntrada[3] ; oDisplay4[1]  ; 6.932 ;        ;        ; 7.221  ;
; iEntrada[3] ; oDisplay4[2]  ; 6.727 ;        ;        ; 7.019  ;
; iEntrada[3] ; oDisplay4[3]  ; 7.076 ;        ;        ; 7.151  ;
; iEntrada[3] ; oDisplay4[5]  ; 7.184 ;        ;        ; 7.304  ;
; iEntrada[3] ; oDisplay4[6]  ; 7.005 ;        ;        ; 7.220  ;
; iEntrada[3] ; oDisplay5[0]  ; 7.418 ;        ;        ; 7.474  ;
; iEntrada[3] ; oDisplay5[1]  ; 6.866 ;        ;        ; 7.180  ;
; iEntrada[3] ; oDisplay5[2]  ; 6.778 ;        ;        ; 7.082  ;
; iEntrada[3] ; oDisplay5[3]  ; 7.246 ;        ;        ; 7.314  ;
; iEntrada[3] ; oDisplay5[4]  ; 6.657 ;        ;        ; 6.804  ;
; iEntrada[3] ; oDisplay5[6]  ; 7.356 ;        ;        ; 7.379  ;
; iEntrada[3] ; oDisplay6[0]  ;       ; 7.251  ; 7.361  ;        ;
; iEntrada[3] ; oDisplay6[3]  ;       ; 7.395  ; 7.524  ;        ;
; iEntrada[3] ; oDisplay6[4]  ;       ; 10.187 ; 9.746  ;        ;
; iEntrada[3] ; oDisplay6[5]  ;       ; 10.182 ; 9.735  ;        ;
; iEntrada[3] ; oDisplay6[6]  ;       ; 6.859  ; 6.955  ;        ;
; iEntrada[3] ; oLEDs_Gray[2] ; 9.290 ; 9.787  ; 9.502  ; 9.985  ;
; iEntrada[3] ; oLEDs_Gray[3] ; 7.023 ;        ;        ; 7.259  ;
+-------------+---------------+-------+--------+--------+--------+


----------------------------------------------
; Slow 1100mV 85C Model Metastability Report ;
----------------------------------------------
No synchronizer chains to report.


-------------------------------------
; Slow 1100mV 0C Model Fmax Summary ;
-------------------------------------
No paths to report.


--------------------------------------
; Slow 1100mV 0C Model Setup Summary ;
--------------------------------------
No paths to report.


-------------------------------------
; Slow 1100mV 0C Model Hold Summary ;
-------------------------------------
No paths to report.


-----------------------------------------
; Slow 1100mV 0C Model Recovery Summary ;
-----------------------------------------
No paths to report.


----------------------------------------
; Slow 1100mV 0C Model Removal Summary ;
----------------------------------------
No paths to report.


----------------------------------------------------
; Slow 1100mV 0C Model Minimum Pulse Width Summary ;
----------------------------------------------------
No paths to report.


+-----------------------------------------------------------------+
; Propagation Delay                                               ;
+-------------+---------------+--------+--------+--------+--------+
; Input Port  ; Output Port   ; RR     ; RF     ; FR     ; FF     ;
+-------------+---------------+--------+--------+--------+--------+
; iEntrada[0] ; oDisplay1[0]  ; 8.016  ; 8.383  ; 8.403  ; 8.632  ;
; iEntrada[0] ; oDisplay1[1]  ; 8.104  ; 8.482  ; 8.491  ; 8.731  ;
; iEntrada[0] ; oDisplay1[2]  ; 7.939  ; 8.285  ; 8.326  ; 8.534  ;
; iEntrada[0] ; oDisplay1[3]  ; 8.754  ;        ;        ; 8.709  ;
; iEntrada[0] ; oDisplay1[4]  ; 8.250  ;        ;        ; 8.335  ;
; iEntrada[0] ; oDisplay1[5]  ; 7.908  ; 8.235  ; 8.295  ; 8.484  ;
; iEntrada[0] ; oDisplay1[6]  ;        ; 8.386  ; 8.410  ;        ;
; iEntrada[0] ; oDisplay2[0]  ; 7.638  ; 7.921  ; 8.025  ; 8.170  ;
; iEntrada[0] ; oDisplay2[1]  ; 7.711  ; 7.969  ; 8.098  ; 8.218  ;
; iEntrada[0] ; oDisplay2[2]  ; 7.603  ; 7.880  ; 7.990  ; 8.129  ;
; iEntrada[0] ; oDisplay2[3]  ; 7.862  ;        ;        ; 8.003  ;
; iEntrada[0] ; oDisplay2[4]  ; 8.601  ;        ;        ; 8.682  ;
; iEntrada[0] ; oDisplay2[5]  ; 7.810  ;        ;        ; 7.957  ;
; iEntrada[0] ; oDisplay2[6]  ; 8.803  ;        ;        ; 8.729  ;
; iEntrada[0] ; oDisplay3[0]  ; 8.116  ; 8.357  ; 8.504  ; 8.607  ;
; iEntrada[0] ; oDisplay3[2]  ; 8.070  ; 8.371  ; 8.458  ; 8.621  ;
; iEntrada[0] ; oDisplay3[3]  ; 8.449  ; 8.139  ; 8.820  ; 8.439  ;
; iEntrada[0] ; oDisplay3[4]  ; 7.999  ;        ;        ; 8.086  ;
; iEntrada[0] ; oDisplay3[5]  ; 8.404  ; 8.130  ; 8.775  ; 8.430  ;
; iEntrada[0] ; oDisplay3[6]  ; 7.828  ; 8.112  ; 8.216  ; 8.362  ;
; iEntrada[0] ; oDisplay4[0]  ;        ; 7.973  ; 8.137  ;        ;
; iEntrada[0] ; oDisplay4[1]  ; 7.786  ; 8.060  ; 8.171  ; 8.308  ;
; iEntrada[0] ; oDisplay4[2]  ; 7.551  ; 7.799  ; 7.936  ; 8.047  ;
; iEntrada[0] ; oDisplay4[3]  ;        ; 8.036  ; 8.666  ;        ;
; iEntrada[0] ; oDisplay4[5]  ; 8.354  ;        ;        ; 8.415  ;
; iEntrada[0] ; oDisplay4[6]  ; 7.826  ; 8.024  ; 8.211  ; 8.272  ;
; iEntrada[0] ; oDisplay5[0]  ; 8.705  ;        ;        ; 8.669  ;
; iEntrada[0] ; oDisplay5[1]  ; 7.724  ; 8.015  ; 8.112  ; 8.265  ;
; iEntrada[0] ; oDisplay5[2]  ;        ; 8.058  ; 8.156  ;        ;
; iEntrada[0] ; oDisplay5[3]  ; 8.527  ;        ;        ; 8.525  ;
; iEntrada[0] ; oDisplay5[4]  ; 7.777  ;        ;        ; 7.958  ;
; iEntrada[0] ; oDisplay5[6]  ; 8.732  ;        ;        ; 8.639  ;
; iEntrada[0] ; oLEDs_Gray[0] ; 10.109 ; 10.966 ; 10.432 ; 11.263 ;
; iEntrada[1] ; oDisplay1[0]  ; 8.180  ;        ;        ; 8.767  ;
; iEntrada[1] ; oDisplay1[1]  ; 8.268  ;        ;        ; 8.866  ;
; iEntrada[1] ; oDisplay1[2]  ; 8.103  ;        ;        ; 8.669  ;
; iEntrada[1] ; oDisplay1[3]  ; 8.612  ;        ;        ; 8.671  ;
; iEntrada[1] ; oDisplay1[4]  ; 8.108  ;        ;        ; 8.297  ;
; iEntrada[1] ; oDisplay1[5]  ; 8.073  ;        ;        ; 8.620  ;
; iEntrada[1] ; oDisplay1[6]  ; 8.027  ;        ;        ; 8.573  ;
; iEntrada[1] ; oDisplay2[0]  ; 7.805  ; 7.976  ; 8.149  ; 8.306  ;
; iEntrada[1] ; oDisplay2[1]  ; 7.878  ; 8.024  ; 8.222  ; 8.354  ;
; iEntrada[1] ; oDisplay2[2]  ; 7.770  ; 7.935  ; 8.114  ; 8.265  ;
; iEntrada[1] ; oDisplay2[3]  ; 7.720  ;        ;        ; 7.966  ;
; iEntrada[1] ; oDisplay2[4]  ; 8.459  ;        ;        ; 8.645  ;
; iEntrada[1] ; oDisplay2[5]  ; 7.668  ;        ;        ; 7.920  ;
; iEntrada[1] ; oDisplay2[6]  ; 8.661  ;        ;        ; 8.692  ;
; iEntrada[1] ; oDisplay3[0]  ; 8.272  ; 8.401  ; 8.617  ; 8.732  ;
; iEntrada[1] ; oDisplay3[2]  ; 8.226  ; 8.415  ; 8.571  ; 8.746  ;
; iEntrada[1] ; oDisplay3[3]  ; 8.296  ; 8.045  ; 8.625  ; 8.390  ;
; iEntrada[1] ; oDisplay3[4]  ;        ; 7.816  ; 8.335  ;        ;
; iEntrada[1] ; oDisplay3[5]  ; 8.251  ; 8.036  ; 8.580  ; 8.381  ;
; iEntrada[1] ; oDisplay3[6]  ; 7.984  ; 8.156  ; 8.329  ; 8.487  ;
; iEntrada[1] ; oDisplay4[0]  ;        ; 7.780  ; 8.051  ;        ;
; iEntrada[1] ; oDisplay4[1]  ; 7.876  ; 8.039  ; 8.219  ; 8.368  ;
; iEntrada[1] ; oDisplay4[2]  ; 7.641  ; 7.778  ; 7.984  ; 8.107  ;
; iEntrada[1] ; oDisplay4[3]  ;        ; 7.877  ; 8.406  ;        ;
; iEntrada[1] ; oDisplay4[5]  ; 8.201  ;        ;        ; 8.392  ;
; iEntrada[1] ; oDisplay4[6]  ; 7.916  ; 8.003  ; 8.259  ; 8.332  ;
; iEntrada[1] ; oDisplay5[0]  ;        ; 8.212  ; 8.816  ;        ;
; iEntrada[1] ; oDisplay5[1]  ; 7.821  ; 8.000  ; 8.165  ; 8.330  ;
; iEntrada[1] ; oDisplay5[2]  ; 7.704  ;        ;        ; 8.175  ;
; iEntrada[1] ; oDisplay5[3]  ;        ; 8.068  ; 8.638  ;        ;
; iEntrada[1] ; oDisplay5[4]  ;        ; 7.501  ; 7.888  ;        ;
; iEntrada[1] ; oDisplay5[6]  ;        ; 8.182  ; 8.843  ;        ;
; iEntrada[1] ; oDisplay6[0]  ;        ; 8.313  ; 8.496  ;        ;
; iEntrada[1] ; oDisplay6[3]  ;        ; 8.505  ; 8.668  ;        ;
; iEntrada[1] ; oDisplay6[4]  ;        ; 11.774 ; 11.086 ;        ;
; iEntrada[1] ; oDisplay6[5]  ;        ; 11.775 ; 11.085 ;        ;
; iEntrada[1] ; oDisplay6[6]  ;        ; 7.827  ; 8.031  ;        ;
; iEntrada[1] ; oLEDs_Gray[0] ; 10.402 ; 11.262 ; 10.748 ; 11.591 ;
; iEntrada[1] ; oLEDs_Gray[1] ; 8.835  ; 9.219  ; 9.202  ; 9.555  ;
; iEntrada[2] ; oDisplay1[0]  ; 8.309  ;        ;        ; 8.938  ;
; iEntrada[2] ; oDisplay1[1]  ; 8.397  ;        ;        ; 9.037  ;
; iEntrada[2] ; oDisplay1[2]  ; 8.232  ;        ;        ; 8.840  ;
; iEntrada[2] ; oDisplay1[3]  ; 8.882  ;        ;        ; 8.865  ;
; iEntrada[2] ; oDisplay1[4]  ; 8.378  ;        ;        ; 8.491  ;
; iEntrada[2] ; oDisplay1[5]  ; 8.360  ;        ;        ; 8.827  ;
; iEntrada[2] ; oDisplay1[6]  ; 8.314  ;        ;        ; 8.780  ;
; iEntrada[2] ; oDisplay2[0]  ; 7.934  ; 8.157  ; 8.191  ; 8.478  ;
; iEntrada[2] ; oDisplay2[1]  ; 8.007  ; 8.205  ; 8.264  ; 8.526  ;
; iEntrada[2] ; oDisplay2[2]  ; 7.899  ; 8.116  ; 8.156  ; 8.437  ;
; iEntrada[2] ; oDisplay2[3]  ; 7.990  ;        ;        ; 8.160  ;
; iEntrada[2] ; oDisplay2[4]  ; 8.729  ;        ;        ; 8.839  ;
; iEntrada[2] ; oDisplay2[5]  ; 7.938  ;        ;        ; 8.114  ;
; iEntrada[2] ; oDisplay2[6]  ; 8.931  ;        ;        ; 8.886  ;
; iEntrada[2] ; oDisplay3[0]  ;        ; 8.579  ; 8.656  ;        ;
; iEntrada[2] ; oDisplay3[2]  ;        ; 8.593  ; 8.610  ;        ;
; iEntrada[2] ; oDisplay3[3]  ;        ; 8.329  ; 8.830  ;        ;
; iEntrada[2] ; oDisplay3[4]  ;        ; 7.966  ; 8.526  ;        ;
; iEntrada[2] ; oDisplay3[5]  ;        ; 8.320  ; 8.785  ;        ;
; iEntrada[2] ; oDisplay3[6]  ;        ; 8.334  ; 8.368  ;        ;
; iEntrada[2] ; oDisplay4[0]  ; 8.013  ;        ;        ; 8.337  ;
; iEntrada[2] ; oDisplay4[1]  ; 8.054  ; 8.269  ; 8.312  ; 8.592  ;
; iEntrada[2] ; oDisplay4[2]  ; 7.819  ; 8.008  ; 8.077  ; 8.331  ;
; iEntrada[2] ; oDisplay4[3]  ; 8.396  ;        ;        ; 8.466  ;
; iEntrada[2] ; oDisplay4[5]  ;        ; 8.379  ; 8.788  ;        ;
; iEntrada[2] ; oDisplay4[6]  ; 8.094  ; 8.233  ; 8.352  ; 8.556  ;
; iEntrada[2] ; oDisplay5[0]  ; 8.803  ;        ;        ; 8.801  ;
; iEntrada[2] ; oDisplay5[1]  ; 7.991  ;        ;        ; 8.547  ;
; iEntrada[2] ; oDisplay5[2]  ; 8.032  ;        ;        ; 8.428  ;
; iEntrada[2] ; oDisplay5[3]  ; 8.625  ;        ;        ; 8.657  ;
; iEntrada[2] ; oDisplay5[4]  ; 7.875  ;        ;        ; 8.090  ;
; iEntrada[2] ; oDisplay5[6]  ; 8.830  ;        ;        ; 8.771  ;
; iEntrada[2] ; oDisplay6[0]  ;        ; 8.525  ; 8.569  ;        ;
; iEntrada[2] ; oDisplay6[3]  ;        ; 8.717  ; 8.741  ;        ;
; iEntrada[2] ; oDisplay6[4]  ;        ; 11.986 ; 11.159 ;        ;
; iEntrada[2] ; oDisplay6[5]  ;        ; 11.987 ; 11.158 ;        ;
; iEntrada[2] ; oDisplay6[6]  ;        ; 8.039  ; 8.104  ;        ;
; iEntrada[2] ; oLEDs_Gray[1] ; 9.633  ; 10.006 ; 9.888  ; 10.276 ;
; iEntrada[2] ; oLEDs_Gray[2] ; 10.744 ; 11.591 ; 11.000 ; 11.861 ;
; iEntrada[3] ; oDisplay1[0]  ; 7.693  ; 7.945  ; 8.016  ; 8.237  ;
; iEntrada[3] ; oDisplay1[1]  ; 7.781  ; 8.044  ; 8.104  ; 8.336  ;
; iEntrada[3] ; oDisplay1[2]  ; 7.616  ; 7.847  ; 7.939  ; 8.139  ;
; iEntrada[3] ; oDisplay1[3]  ; 8.119  ;        ;        ; 8.165  ;
; iEntrada[3] ; oDisplay1[4]  ; 7.615  ;        ;        ; 7.791  ;
; iEntrada[3] ; oDisplay1[5]  ; 7.585  ; 7.797  ; 7.908  ; 8.089  ;
; iEntrada[3] ; oDisplay1[6]  ;        ; 7.750  ; 7.866  ;        ;
; iEntrada[3] ; oDisplay2[0]  ; 7.317  ; 7.485  ; 7.638  ; 7.775  ;
; iEntrada[3] ; oDisplay2[1]  ; 7.390  ; 7.533  ; 7.711  ; 7.823  ;
; iEntrada[3] ; oDisplay2[2]  ; 7.282  ; 7.444  ; 7.603  ; 7.734  ;
; iEntrada[3] ; oDisplay2[3]  ;        ; 7.131  ; 7.529  ;        ;
; iEntrada[3] ; oDisplay2[4]  ;        ; 7.810  ; 8.268  ;        ;
; iEntrada[3] ; oDisplay2[5]  ;        ; 7.085  ; 7.477  ;        ;
; iEntrada[3] ; oDisplay2[6]  ;        ; 7.857  ; 8.470  ;        ;
; iEntrada[3] ; oDisplay3[0]  ; 7.780  ;        ;        ; 8.196  ;
; iEntrada[3] ; oDisplay3[2]  ; 7.734  ;        ;        ; 8.210  ;
; iEntrada[3] ; oDisplay3[3]  ; 7.799  ;        ;        ; 7.880  ;
; iEntrada[3] ; oDisplay3[4]  ; 7.499  ;        ;        ; 7.637  ;
; iEntrada[3] ; oDisplay3[5]  ; 7.754  ;        ;        ; 7.871  ;
; iEntrada[3] ; oDisplay3[6]  ; 7.492  ;        ;        ; 7.951  ;
; iEntrada[3] ; oDisplay4[0]  ; 7.201  ;        ;        ; 7.577  ;
; iEntrada[3] ; oDisplay4[1]  ; 7.404  ;        ;        ; 7.855  ;
; iEntrada[3] ; oDisplay4[2]  ; 7.169  ;        ;        ; 7.594  ;
; iEntrada[3] ; oDisplay4[3]  ; 7.601  ;        ;        ; 7.733  ;
; iEntrada[3] ; oDisplay4[5]  ; 7.726  ;        ;        ; 7.899  ;
; iEntrada[3] ; oDisplay4[6]  ; 7.444  ;        ;        ; 7.819  ;
; iEntrada[3] ; oDisplay5[0]  ; 8.012  ;        ;        ; 8.067  ;
; iEntrada[3] ; oDisplay5[1]  ; 7.346  ;        ;        ; 7.811  ;
; iEntrada[3] ; oDisplay5[2]  ; 7.227  ;        ;        ; 7.668  ;
; iEntrada[3] ; oDisplay5[3]  ; 7.834  ;        ;        ; 7.923  ;
; iEntrada[3] ; oDisplay5[4]  ; 7.084  ;        ;        ; 7.356  ;
; iEntrada[3] ; oDisplay5[6]  ; 8.039  ;        ;        ; 8.037  ;
; iEntrada[3] ; oDisplay6[0]  ;        ; 7.821  ; 7.984  ;        ;
; iEntrada[3] ; oDisplay6[3]  ;        ; 8.013  ; 8.156  ;        ;
; iEntrada[3] ; oDisplay6[4]  ;        ; 11.282 ; 10.574 ;        ;
; iEntrada[3] ; oDisplay6[5]  ;        ; 11.283 ; 10.573 ;        ;
; iEntrada[3] ; oDisplay6[6]  ;        ; 7.335  ; 7.519  ;        ;
; iEntrada[3] ; oLEDs_Gray[2] ; 9.965  ; 10.827 ; 10.296 ; 11.132 ;
; iEntrada[3] ; oLEDs_Gray[3] ; 7.356  ;        ;        ; 7.752  ;
+-------------+---------------+--------+--------+--------+--------+


+----------------------------------------------------------------+
; Minimum Propagation Delay                                      ;
+-------------+---------------+-------+--------+--------+--------+
; Input Port  ; Output Port   ; RR    ; RF     ; FR     ; FF     ;
+-------------+---------------+-------+--------+--------+--------+
; iEntrada[0] ; oDisplay1[0]  ; 7.257 ; 7.588  ; 7.529  ; 7.739  ;
; iEntrada[0] ; oDisplay1[1]  ; 7.341 ; 7.682  ; 7.613  ; 7.833  ;
; iEntrada[0] ; oDisplay1[2]  ; 7.201 ; 7.520  ; 7.473  ; 7.671  ;
; iEntrada[0] ; oDisplay1[3]  ; 7.814 ;        ;        ; 7.842  ;
; iEntrada[0] ; oDisplay1[4]  ; 7.405 ;        ;        ; 7.515  ;
; iEntrada[0] ; oDisplay1[5]  ; 7.168 ; 7.470  ; 7.440  ; 7.621  ;
; iEntrada[0] ; oDisplay1[6]  ;       ; 7.539  ; 7.590  ;        ;
; iEntrada[0] ; oDisplay2[0]  ; 6.943 ; 7.235  ; 7.214  ; 7.384  ;
; iEntrada[0] ; oDisplay2[1]  ; 7.003 ; 7.266  ; 7.274  ; 7.415  ;
; iEntrada[0] ; oDisplay2[2]  ; 6.909 ; 7.194  ; 7.180  ; 7.343  ;
; iEntrada[0] ; oDisplay2[3]  ; 7.100 ;        ;        ; 7.234  ;
; iEntrada[0] ; oDisplay2[4]  ; 7.717 ;        ;        ; 7.830  ;
; iEntrada[0] ; oDisplay2[5]  ; 7.049 ;        ;        ; 7.189  ;
; iEntrada[0] ; oDisplay2[6]  ; 7.834 ;        ;        ; 7.849  ;
; iEntrada[0] ; oDisplay3[0]  ; 7.377 ; 7.622  ; 7.651  ; 7.774  ;
; iEntrada[0] ; oDisplay3[2]  ; 7.338 ; 7.640  ; 7.612  ; 7.792  ;
; iEntrada[0] ; oDisplay3[3]  ; 7.555 ; 7.387  ; 7.811  ; 7.591  ;
; iEntrada[0] ; oDisplay3[4]  ; 7.269 ;        ;        ; 7.249  ;
; iEntrada[0] ; oDisplay3[5]  ; 7.557 ; 7.405  ; 7.813  ; 7.609  ;
; iEntrada[0] ; oDisplay3[6]  ; 7.106 ; 7.384  ; 7.380  ; 7.536  ;
; iEntrada[0] ; oDisplay4[0]  ;       ; 7.180  ; 7.342  ;        ;
; iEntrada[0] ; oDisplay4[1]  ; 7.053 ; 7.322  ; 7.324  ; 7.472  ;
; iEntrada[0] ; oDisplay4[2]  ; 6.853 ; 7.112  ; 7.124  ; 7.262  ;
; iEntrada[0] ; oDisplay4[3]  ;       ; 7.301  ; 7.690  ;        ;
; iEntrada[0] ; oDisplay4[5]  ; 7.490 ;        ;        ; 7.573  ;
; iEntrada[0] ; oDisplay4[6]  ; 7.102 ; 7.312  ; 7.373  ; 7.462  ;
; iEntrada[0] ; oDisplay5[0]  ; 7.786 ;        ;        ; 7.808  ;
; iEntrada[0] ; oDisplay5[1]  ; 7.001 ; 7.276  ; 7.273  ; 7.426  ;
; iEntrada[0] ; oDisplay5[2]  ;       ; 7.245  ; 7.354  ;        ;
; iEntrada[0] ; oDisplay5[3]  ; 7.608 ;        ;        ; 7.664  ;
; iEntrada[0] ; oDisplay5[4]  ; 7.007 ;        ;        ; 7.180  ;
; iEntrada[0] ; oDisplay5[6]  ; 7.723 ;        ;        ; 7.746  ;
; iEntrada[0] ; oLEDs_Gray[0] ; 9.158 ; 9.743  ; 9.372  ; 9.939  ;
; iEntrada[1] ; oDisplay1[0]  ; 7.368 ;        ;        ; 7.805  ;
; iEntrada[1] ; oDisplay1[1]  ; 7.452 ;        ;        ; 7.899  ;
; iEntrada[1] ; oDisplay1[2]  ; 7.312 ;        ;        ; 7.737  ;
; iEntrada[1] ; oDisplay1[3]  ; 7.738 ;        ;        ; 7.742  ;
; iEntrada[1] ; oDisplay1[4]  ; 7.329 ;        ;        ; 7.415  ;
; iEntrada[1] ; oDisplay1[5]  ; 7.280 ;        ;        ; 7.688  ;
; iEntrada[1] ; oDisplay1[6]  ; 7.263 ;        ;        ; 7.686  ;
; iEntrada[1] ; oDisplay2[0]  ; 7.055 ; 7.229  ; 7.282  ; 7.452  ;
; iEntrada[1] ; oDisplay2[1]  ; 7.115 ; 7.260  ; 7.342  ; 7.483  ;
; iEntrada[1] ; oDisplay2[2]  ; 7.021 ; 7.188  ; 7.248  ; 7.411  ;
; iEntrada[1] ; oDisplay2[3]  ; 7.023 ;        ;        ; 7.135  ;
; iEntrada[1] ; oDisplay2[4]  ; 7.640 ;        ;        ; 7.731  ;
; iEntrada[1] ; oDisplay2[5]  ; 6.972 ;        ;        ; 7.090  ;
; iEntrada[1] ; oDisplay2[6]  ; 7.757 ;        ;        ; 7.750  ;
; iEntrada[1] ; oDisplay3[0]  ; 7.481 ; 7.608  ; 7.708  ; 7.831  ;
; iEntrada[1] ; oDisplay3[2]  ; 7.442 ; 7.626  ; 7.669  ; 7.849  ;
; iEntrada[1] ; oDisplay3[3]  ; 7.470 ; 7.255  ; 7.692  ; 7.482  ;
; iEntrada[1] ; oDisplay3[4]  ;       ; 7.045  ; 7.444  ;        ;
; iEntrada[1] ; oDisplay3[5]  ; 7.472 ; 7.273  ; 7.694  ; 7.500  ;
; iEntrada[1] ; oDisplay3[6]  ; 7.210 ; 7.370  ; 7.437  ; 7.593  ;
; iEntrada[1] ; oDisplay4[0]  ;       ; 7.061  ; 7.201  ;        ;
; iEntrada[1] ; oDisplay4[1]  ; 7.099 ; 7.251  ; 7.325  ; 7.473  ;
; iEntrada[1] ; oDisplay4[2]  ; 6.899 ; 7.041  ; 7.125  ; 7.263  ;
; iEntrada[1] ; oDisplay4[3]  ;       ; 7.112  ; 7.515  ;        ;
; iEntrada[1] ; oDisplay4[5]  ; 7.391 ;        ;        ; 7.485  ;
; iEntrada[1] ; oDisplay4[6]  ; 7.148 ; 7.241  ; 7.374  ; 7.463  ;
; iEntrada[1] ; oDisplay5[0]  ;       ; 7.418  ; 7.867  ;        ;
; iEntrada[1] ; oDisplay5[1]  ; 7.052 ; 7.209  ; 7.278  ; 7.431  ;
; iEntrada[1] ; oDisplay5[2]  ; 6.967 ;        ;        ; 7.330  ;
; iEntrada[1] ; oDisplay5[3]  ;       ; 7.274  ; 7.689  ;        ;
; iEntrada[1] ; oDisplay5[4]  ;       ; 6.790  ; 7.088  ;        ;
; iEntrada[1] ; oDisplay5[6]  ;       ; 7.356  ; 7.804  ;        ;
; iEntrada[1] ; oDisplay6[0]  ;       ; 7.493  ; 7.579  ;        ;
; iEntrada[1] ; oDisplay6[3]  ;       ; 7.632  ; 7.717  ;        ;
; iEntrada[1] ; oDisplay6[4]  ;       ; 10.479 ; 9.905  ;        ;
; iEntrada[1] ; oDisplay6[5]  ;       ; 10.476 ; 9.902  ;        ;
; iEntrada[1] ; oDisplay6[6]  ;       ; 7.081  ; 7.166  ;        ;
; iEntrada[1] ; oLEDs_Gray[0] ; 9.369 ; 9.976  ; 9.596  ; 10.199 ;
; iEntrada[1] ; oLEDs_Gray[1] ; 8.057 ; 8.367  ; 8.305  ; 8.596  ;
; iEntrada[2] ; oDisplay1[0]  ; 7.542 ;        ;        ; 7.960  ;
; iEntrada[2] ; oDisplay1[1]  ; 7.626 ;        ;        ; 8.054  ;
; iEntrada[2] ; oDisplay1[2]  ; 7.486 ;        ;        ; 7.892  ;
; iEntrada[2] ; oDisplay1[3]  ; 8.018 ;        ;        ; 7.988  ;
; iEntrada[2] ; oDisplay1[4]  ; 7.609 ;        ;        ; 7.661  ;
; iEntrada[2] ; oDisplay1[5]  ; 7.560 ;        ;        ; 7.931  ;
; iEntrada[2] ; oDisplay1[6]  ; 7.543 ;        ;        ; 7.929  ;
; iEntrada[2] ; oDisplay2[0]  ; 7.230 ; 7.370  ; 7.429  ; 7.607  ;
; iEntrada[2] ; oDisplay2[1]  ; 7.290 ; 7.401  ; 7.489  ; 7.638  ;
; iEntrada[2] ; oDisplay2[2]  ; 7.196 ; 7.329  ; 7.395  ; 7.566  ;
; iEntrada[2] ; oDisplay2[3]  ; 7.304 ;        ;        ; 7.381  ;
; iEntrada[2] ; oDisplay2[4]  ; 7.921 ;        ;        ; 7.977  ;
; iEntrada[2] ; oDisplay2[5]  ; 7.253 ;        ;        ; 7.336  ;
; iEntrada[2] ; oDisplay2[6]  ; 8.038 ;        ;        ; 7.996  ;
; iEntrada[2] ; oDisplay3[0]  ;       ; 7.746  ; 7.853  ;        ;
; iEntrada[2] ; oDisplay3[2]  ;       ; 7.764  ; 7.814  ;        ;
; iEntrada[2] ; oDisplay3[3]  ;       ; 7.531  ; 7.934  ;        ;
; iEntrada[2] ; oDisplay3[4]  ;       ; 7.240  ; 7.616  ;        ;
; iEntrada[2] ; oDisplay3[5]  ;       ; 7.549  ; 7.936  ;        ;
; iEntrada[2] ; oDisplay3[6]  ;       ; 7.508  ; 7.582  ;        ;
; iEntrada[2] ; oDisplay4[0]  ; 7.271 ;        ;        ; 7.546  ;
; iEntrada[2] ; oDisplay4[1]  ; 7.317 ; 7.434  ; 7.516  ; 7.672  ;
; iEntrada[2] ; oDisplay4[2]  ; 7.117 ; 7.224  ; 7.316  ; 7.462  ;
; iEntrada[2] ; oDisplay4[3]  ; 7.615 ;        ;        ; 7.629  ;
; iEntrada[2] ; oDisplay4[5]  ;       ; 7.578  ; 7.899  ;        ;
; iEntrada[2] ; oDisplay4[6]  ; 7.366 ; 7.424  ; 7.565  ; 7.662  ;
; iEntrada[2] ; oDisplay5[0]  ; 7.965 ;        ;        ; 7.933  ;
; iEntrada[2] ; oDisplay5[1]  ; 7.263 ;        ;        ; 7.626  ;
; iEntrada[2] ; oDisplay5[2]  ; 7.283 ;        ;        ; 7.615  ;
; iEntrada[2] ; oDisplay5[3]  ; 7.787 ;        ;        ; 7.789  ;
; iEntrada[2] ; oDisplay5[4]  ; 7.186 ;        ;        ; 7.305  ;
; iEntrada[2] ; oDisplay5[6]  ; 7.902 ;        ;        ; 7.871  ;
; iEntrada[2] ; oDisplay6[0]  ;       ; 7.662  ; 7.754  ;        ;
; iEntrada[2] ; oDisplay6[3]  ;       ; 7.801  ; 7.892  ;        ;
; iEntrada[2] ; oDisplay6[4]  ;       ; 10.648 ; 10.080 ;        ;
; iEntrada[2] ; oDisplay6[5]  ;       ; 10.645 ; 10.077 ;        ;
; iEntrada[2] ; oDisplay6[6]  ;       ; 7.250  ; 7.341  ;        ;
; iEntrada[2] ; oLEDs_Gray[1] ; 8.755 ; 9.093  ; 8.951  ; 9.281  ;
; iEntrada[2] ; oLEDs_Gray[2] ; 9.694 ; 10.332 ; 9.890  ; 10.520 ;
; iEntrada[3] ; oDisplay1[0]  ; 6.982 ; 7.168  ; 7.216  ; 7.383  ;
; iEntrada[3] ; oDisplay1[1]  ; 7.066 ; 7.262  ; 7.300  ; 7.477  ;
; iEntrada[3] ; oDisplay1[2]  ; 6.926 ; 7.100  ; 7.160  ; 7.315  ;
; iEntrada[3] ; oDisplay1[3]  ; 7.316 ;        ;        ; 7.357  ;
; iEntrada[3] ; oDisplay1[4]  ; 6.907 ;        ;        ; 7.030  ;
; iEntrada[3] ; oDisplay1[5]  ; 6.894 ; 7.051  ; 7.128  ; 7.266  ;
; iEntrada[3] ; oDisplay1[6]  ;       ; 7.041  ; 7.104  ;        ;
; iEntrada[3] ; oDisplay2[0]  ; 6.670 ; 6.816  ; 6.902  ; 7.029  ;
; iEntrada[3] ; oDisplay2[1]  ; 6.730 ; 6.847  ; 6.962  ; 7.060  ;
; iEntrada[3] ; oDisplay2[2]  ; 6.636 ; 6.775  ; 6.868  ; 6.988  ;
; iEntrada[3] ; oDisplay2[3]  ;       ; 6.508  ; 6.823  ;        ;
; iEntrada[3] ; oDisplay2[4]  ;       ; 7.104  ; 7.440  ;        ;
; iEntrada[3] ; oDisplay2[5]  ;       ; 6.463  ; 6.772  ;        ;
; iEntrada[3] ; oDisplay2[6]  ;       ; 7.123  ; 7.557  ;        ;
; iEntrada[3] ; oDisplay3[0]  ; 7.092 ;        ;        ; 7.404  ;
; iEntrada[3] ; oDisplay3[2]  ; 7.053 ;        ;        ; 7.422  ;
; iEntrada[3] ; oDisplay3[3]  ; 7.043 ;        ;        ; 7.092  ;
; iEntrada[3] ; oDisplay3[4]  ; 6.795 ;        ;        ; 6.882  ;
; iEntrada[3] ; oDisplay3[5]  ; 7.045 ;        ;        ; 7.110  ;
; iEntrada[3] ; oDisplay3[6]  ; 6.821 ;        ;        ; 7.166  ;
; iEntrada[3] ; oDisplay4[0]  ; 6.561 ;        ;        ; 6.851  ;
; iEntrada[3] ; oDisplay4[1]  ; 6.726 ;        ;        ; 7.066  ;
; iEntrada[3] ; oDisplay4[2]  ; 6.526 ;        ;        ; 6.856  ;
; iEntrada[3] ; oDisplay4[3]  ; 6.885 ;        ;        ; 6.968  ;
; iEntrada[3] ; oDisplay4[5]  ; 6.992 ;        ;        ; 7.121  ;
; iEntrada[3] ; oDisplay4[6]  ; 6.775 ;        ;        ; 7.056  ;
; iEntrada[3] ; oDisplay5[0]  ; 7.238 ;        ;        ; 7.273  ;
; iEntrada[3] ; oDisplay5[1]  ; 6.678 ;        ;        ; 7.020  ;
; iEntrada[3] ; oDisplay5[2]  ; 6.579 ;        ;        ; 6.919  ;
; iEntrada[3] ; oDisplay5[3]  ; 7.060 ;        ;        ; 7.129  ;
; iEntrada[3] ; oDisplay5[4]  ; 6.459 ;        ;        ; 6.645  ;
; iEntrada[3] ; oDisplay5[6]  ; 7.175 ;        ;        ; 7.211  ;
; iEntrada[3] ; oDisplay6[0]  ;       ; 7.079  ; 7.199  ;        ;
; iEntrada[3] ; oDisplay6[3]  ;       ; 7.218  ; 7.337  ;        ;
; iEntrada[3] ; oDisplay6[4]  ;       ; 10.065 ; 9.525  ;        ;
; iEntrada[3] ; oDisplay6[5]  ;       ; 10.062 ; 9.522  ;        ;
; iEntrada[3] ; oDisplay6[6]  ;       ; 6.667  ; 6.786  ;        ;
; iEntrada[3] ; oLEDs_Gray[2] ; 9.011 ; 9.627  ; 9.254  ; 9.852  ;
; iEntrada[3] ; oLEDs_Gray[3] ; 6.771 ;        ;        ; 7.053  ;
+-------------+---------------+-------+--------+--------+--------+


---------------------------------------------
; Slow 1100mV 0C Model Metastability Report ;
---------------------------------------------
No synchronizer chains to report.


---------------------------------------
; Fast 1100mV 85C Model Setup Summary ;
---------------------------------------
No paths to report.


--------------------------------------
; Fast 1100mV 85C Model Hold Summary ;
--------------------------------------
No paths to report.


------------------------------------------
; Fast 1100mV 85C Model Recovery Summary ;
------------------------------------------
No paths to report.


-----------------------------------------
; Fast 1100mV 85C Model Removal Summary ;
-----------------------------------------
No paths to report.


-----------------------------------------------------
; Fast 1100mV 85C Model Minimum Pulse Width Summary ;
-----------------------------------------------------
No paths to report.


+-------------------------------------------------------------+
; Propagation Delay                                           ;
+-------------+---------------+-------+-------+-------+-------+
; Input Port  ; Output Port   ; RR    ; RF    ; FR    ; FF    ;
+-------------+---------------+-------+-------+-------+-------+
; iEntrada[0] ; oDisplay1[0]  ; 4.362 ; 4.638 ; 4.976 ; 5.213 ;
; iEntrada[0] ; oDisplay1[1]  ; 4.389 ; 4.678 ; 5.003 ; 5.253 ;
; iEntrada[0] ; oDisplay1[2]  ; 4.280 ; 4.535 ; 4.894 ; 5.110 ;
; iEntrada[0] ; oDisplay1[3]  ; 4.751 ;       ;       ; 5.049 ;
; iEntrada[0] ; oDisplay1[4]  ; 4.488 ;       ;       ; 4.883 ;
; iEntrada[0] ; oDisplay1[5]  ; 4.290 ; 4.529 ; 4.904 ; 5.104 ;
; iEntrada[0] ; oDisplay1[6]  ;       ; 4.558 ; 4.897 ;       ;
; iEntrada[0] ; oDisplay2[0]  ; 4.106 ; 4.316 ; 4.720 ; 4.891 ;
; iEntrada[0] ; oDisplay2[1]  ; 4.150 ; 4.328 ; 4.764 ; 4.903 ;
; iEntrada[0] ; oDisplay2[2]  ; 4.106 ; 4.308 ; 4.720 ; 4.883 ;
; iEntrada[0] ; oDisplay2[3]  ; 4.208 ;       ;       ; 4.647 ;
; iEntrada[0] ; oDisplay2[4]  ; 4.678 ;       ;       ; 5.057 ;
; iEntrada[0] ; oDisplay2[5]  ; 4.190 ;       ;       ; 4.635 ;
; iEntrada[0] ; oDisplay2[6]  ; 4.819 ;       ;       ; 5.096 ;
; iEntrada[0] ; oDisplay3[0]  ; 4.364 ; 4.594 ; 4.979 ; 5.170 ;
; iEntrada[0] ; oDisplay3[2]  ; 4.345 ; 4.586 ; 4.960 ; 5.162 ;
; iEntrada[0] ; oDisplay3[3]  ; 4.614 ; 4.342 ; 5.222 ; 4.927 ;
; iEntrada[0] ; oDisplay3[4]  ; 4.399 ;       ;       ; 4.786 ;
; iEntrada[0] ; oDisplay3[5]  ; 4.587 ; 4.344 ; 5.195 ; 4.929 ;
; iEntrada[0] ; oDisplay3[6]  ; 4.196 ; 4.390 ; 4.811 ; 4.966 ;
; iEntrada[0] ; oDisplay4[0]  ;       ; 4.293 ; 4.745 ;       ;
; iEntrada[0] ; oDisplay4[1]  ; 4.204 ; 4.440 ; 4.823 ; 5.021 ;
; iEntrada[0] ; oDisplay4[2]  ; 4.069 ; 4.273 ; 4.688 ; 4.854 ;
; iEntrada[0] ; oDisplay4[3]  ;       ; 4.289 ; 5.140 ;       ;
; iEntrada[0] ; oDisplay4[5]  ; 4.600 ;       ;       ; 4.960 ;
; iEntrada[0] ; oDisplay4[6]  ; 4.236 ; 4.395 ; 4.855 ; 4.976 ;
; iEntrada[0] ; oDisplay5[0]  ; 4.773 ;       ;       ; 5.058 ;
; iEntrada[0] ; oDisplay5[1]  ; 4.211 ; 4.429 ; 4.830 ; 5.009 ;
; iEntrada[0] ; oDisplay5[2]  ;       ; 4.392 ; 4.791 ;       ;
; iEntrada[0] ; oDisplay5[3]  ; 4.684 ;       ;       ; 4.989 ;
; iEntrada[0] ; oDisplay5[4]  ; 4.209 ;       ;       ; 4.644 ;
; iEntrada[0] ; oDisplay5[6]  ; 4.841 ;       ;       ; 5.093 ;
; iEntrada[0] ; oLEDs_Gray[0] ; 5.676 ; 6.408 ; 6.282 ; 7.011 ;
; iEntrada[1] ; oDisplay1[0]  ; 4.399 ;       ;       ; 5.261 ;
; iEntrada[1] ; oDisplay1[1]  ; 4.426 ;       ;       ; 5.301 ;
; iEntrada[1] ; oDisplay1[2]  ; 4.317 ;       ;       ; 5.158 ;
; iEntrada[1] ; oDisplay1[3]  ; 4.701 ;       ;       ; 5.042 ;
; iEntrada[1] ; oDisplay1[4]  ; 4.438 ;       ;       ; 4.876 ;
; iEntrada[1] ; oDisplay1[5]  ; 4.328 ;       ;       ; 5.153 ;
; iEntrada[1] ; oDisplay1[6]  ; 4.281 ;       ;       ; 5.116 ;
; iEntrada[1] ; oDisplay2[0]  ; 4.145 ; 4.333 ; 4.756 ; 4.942 ;
; iEntrada[1] ; oDisplay2[1]  ; 4.189 ; 4.345 ; 4.800 ; 4.954 ;
; iEntrada[1] ; oDisplay2[2]  ; 4.145 ; 4.325 ; 4.756 ; 4.934 ;
; iEntrada[1] ; oDisplay2[3]  ; 4.160 ;       ;       ; 4.643 ;
; iEntrada[1] ; oDisplay2[4]  ; 4.630 ;       ;       ; 5.053 ;
; iEntrada[1] ; oDisplay2[5]  ; 4.142 ;       ;       ; 4.631 ;
; iEntrada[1] ; oDisplay2[6]  ; 4.771 ;       ;       ; 5.092 ;
; iEntrada[1] ; oDisplay3[0]  ; 4.393 ; 4.601 ; 5.003 ; 5.209 ;
; iEntrada[1] ; oDisplay3[2]  ; 4.374 ; 4.593 ; 4.984 ; 5.201 ;
; iEntrada[1] ; oDisplay3[3]  ; 4.555 ; 4.301 ; 5.163 ; 4.911 ;
; iEntrada[1] ; oDisplay3[4]  ;       ; 4.164 ; 4.981 ;       ;
; iEntrada[1] ; oDisplay3[5]  ; 4.528 ; 4.303 ; 5.136 ; 4.913 ;
; iEntrada[1] ; oDisplay3[6]  ; 4.225 ; 4.397 ; 4.835 ; 5.005 ;
; iEntrada[1] ; oDisplay4[0]  ;       ; 4.202 ; 4.692 ;       ;
; iEntrada[1] ; oDisplay4[1]  ; 4.179 ; 4.392 ; 4.782 ; 4.994 ;
; iEntrada[1] ; oDisplay4[2]  ; 4.044 ; 4.225 ; 4.647 ; 4.827 ;
; iEntrada[1] ; oDisplay4[3]  ;       ; 4.192 ; 5.016 ;       ;
; iEntrada[1] ; oDisplay4[5]  ; 4.508 ;       ;       ; 4.902 ;
; iEntrada[1] ; oDisplay4[6]  ; 4.211 ; 4.347 ; 4.814 ; 4.949 ;
; iEntrada[1] ; oDisplay5[0]  ;       ; 4.373 ; 5.262 ;       ;
; iEntrada[1] ; oDisplay5[1]  ; 4.188 ; 4.384 ; 4.794 ; 4.988 ;
; iEntrada[1] ; oDisplay5[2]  ; 4.109 ;       ;       ; 4.885 ;
; iEntrada[1] ; oDisplay5[3]  ;       ; 4.304 ; 5.173 ;       ;
; iEntrada[1] ; oDisplay5[4]  ;       ; 3.959 ; 4.698 ;       ;
; iEntrada[1] ; oDisplay5[6]  ;       ; 4.408 ; 5.330 ;       ;
; iEntrada[1] ; oDisplay6[0]  ;       ; 4.572 ; 4.972 ;       ;
; iEntrada[1] ; oDisplay6[3]  ;       ; 4.665 ; 5.065 ;       ;
; iEntrada[1] ; oDisplay6[4]  ;       ; 6.874 ; 6.594 ;       ;
; iEntrada[1] ; oDisplay6[5]  ;       ; 6.856 ; 6.575 ;       ;
; iEntrada[1] ; oDisplay6[6]  ;       ; 4.280 ; 4.694 ;       ;
; iEntrada[1] ; oLEDs_Gray[0] ; 5.739 ; 6.479 ; 6.347 ; 7.085 ;
; iEntrada[1] ; oLEDs_Gray[1] ; 4.877 ; 5.236 ; 5.493 ; 5.845 ;
; iEntrada[2] ; oDisplay1[0]  ; 4.472 ;       ;       ; 5.342 ;
; iEntrada[2] ; oDisplay1[1]  ; 4.499 ;       ;       ; 5.382 ;
; iEntrada[2] ; oDisplay1[2]  ; 4.390 ;       ;       ; 5.239 ;
; iEntrada[2] ; oDisplay1[3]  ; 4.804 ;       ;       ; 5.121 ;
; iEntrada[2] ; oDisplay1[4]  ; 4.541 ;       ;       ; 4.955 ;
; iEntrada[2] ; oDisplay1[5]  ; 4.434 ;       ;       ; 5.234 ;
; iEntrada[2] ; oDisplay1[6]  ; 4.387 ;       ;       ; 5.197 ;
; iEntrada[2] ; oDisplay2[0]  ; 4.219 ; 4.421 ; 4.799 ; 5.022 ;
; iEntrada[2] ; oDisplay2[1]  ; 4.263 ; 4.433 ; 4.843 ; 5.034 ;
; iEntrada[2] ; oDisplay2[2]  ; 4.219 ; 4.413 ; 4.799 ; 5.014 ;
; iEntrada[2] ; oDisplay2[3]  ; 4.262 ;       ;       ; 4.721 ;
; iEntrada[2] ; oDisplay2[4]  ; 4.732 ;       ;       ; 5.131 ;
; iEntrada[2] ; oDisplay2[5]  ; 4.244 ;       ;       ; 4.709 ;
; iEntrada[2] ; oDisplay2[6]  ; 4.873 ;       ;       ; 5.170 ;
; iEntrada[2] ; oDisplay3[0]  ;       ; 4.686 ; 5.045 ;       ;
; iEntrada[2] ; oDisplay3[2]  ;       ; 4.678 ; 5.026 ;       ;
; iEntrada[2] ; oDisplay3[3]  ;       ; 4.404 ; 5.242 ;       ;
; iEntrada[2] ; oDisplay3[4]  ;       ; 4.255 ; 5.081 ;       ;
; iEntrada[2] ; oDisplay3[5]  ;       ; 4.406 ; 5.215 ;       ;
; iEntrada[2] ; oDisplay3[6]  ;       ; 4.482 ; 4.877 ;       ;
; iEntrada[2] ; oDisplay4[0]  ; 4.207 ;       ;       ; 4.909 ;
; iEntrada[2] ; oDisplay4[1]  ; 4.295 ; 4.523 ; 4.876 ; 5.126 ;
; iEntrada[2] ; oDisplay4[2]  ; 4.160 ; 4.356 ; 4.741 ; 4.959 ;
; iEntrada[2] ; oDisplay4[3]  ; 4.560 ;       ;       ; 4.925 ;
; iEntrada[2] ; oDisplay4[5]  ;       ; 4.445 ; 5.240 ;       ;
; iEntrada[2] ; oDisplay4[6]  ; 4.327 ; 4.478 ; 4.908 ; 5.081 ;
; iEntrada[2] ; oDisplay5[0]  ; 4.804 ;       ;       ; 5.105 ;
; iEntrada[2] ; oDisplay5[1]  ; 4.300 ;       ;       ; 5.113 ;
; iEntrada[2] ; oDisplay5[2]  ; 4.254 ;       ;       ; 5.010 ;
; iEntrada[2] ; oDisplay5[3]  ; 4.715 ;       ;       ; 5.036 ;
; iEntrada[2] ; oDisplay5[4]  ; 4.240 ;       ;       ; 4.691 ;
; iEntrada[2] ; oDisplay5[6]  ; 4.872 ;       ;       ; 5.140 ;
; iEntrada[2] ; oDisplay6[0]  ;       ; 4.688 ; 5.047 ;       ;
; iEntrada[2] ; oDisplay6[3]  ;       ; 4.781 ; 5.140 ;       ;
; iEntrada[2] ; oDisplay6[4]  ;       ; 6.990 ; 6.669 ;       ;
; iEntrada[2] ; oDisplay6[5]  ;       ; 6.972 ; 6.650 ;       ;
; iEntrada[2] ; oDisplay6[6]  ;       ; 4.396 ; 4.769 ;       ;
; iEntrada[2] ; oLEDs_Gray[1] ; 5.138 ; 5.500 ; 5.722 ; 6.086 ;
; iEntrada[2] ; oLEDs_Gray[2] ; 5.882 ; 6.641 ; 6.465 ; 7.227 ;
; iEntrada[3] ; oDisplay1[0]  ; 4.236 ; 4.484 ; 4.825 ; 5.066 ;
; iEntrada[3] ; oDisplay1[1]  ; 4.263 ; 4.524 ; 4.852 ; 5.106 ;
; iEntrada[3] ; oDisplay1[2]  ; 4.154 ; 4.381 ; 4.743 ; 4.963 ;
; iEntrada[3] ; oDisplay1[3]  ; 4.534 ;       ;       ; 4.864 ;
; iEntrada[3] ; oDisplay1[4]  ; 4.271 ;       ;       ; 4.698 ;
; iEntrada[3] ; oDisplay1[5]  ; 4.165 ; 4.376 ; 4.753 ; 4.957 ;
; iEntrada[3] ; oDisplay1[6]  ;       ; 4.340 ; 4.712 ;       ;
; iEntrada[3] ; oDisplay2[0]  ; 3.981 ; 4.163 ; 4.570 ; 4.745 ;
; iEntrada[3] ; oDisplay2[1]  ; 4.025 ; 4.175 ; 4.614 ; 4.757 ;
; iEntrada[3] ; oDisplay2[2]  ; 3.981 ; 4.155 ; 4.570 ; 4.737 ;
; iEntrada[3] ; oDisplay2[3]  ;       ; 3.872 ; 4.580 ;       ;
; iEntrada[3] ; oDisplay2[4]  ;       ; 4.282 ; 5.050 ;       ;
; iEntrada[3] ; oDisplay2[5]  ;       ; 3.860 ; 4.562 ;       ;
; iEntrada[3] ; oDisplay2[6]  ;       ; 4.321 ; 5.191 ;       ;
; iEntrada[3] ; oDisplay3[0]  ; 4.226 ;       ;       ; 5.010 ;
; iEntrada[3] ; oDisplay3[2]  ; 4.207 ;       ;       ; 5.002 ;
; iEntrada[3] ; oDisplay3[3]  ; 4.384 ;       ;       ; 4.728 ;
; iEntrada[3] ; oDisplay3[4]  ; 4.191 ;       ;       ; 4.575 ;
; iEntrada[3] ; oDisplay3[5]  ; 4.357 ;       ;       ; 4.730 ;
; iEntrada[3] ; oDisplay3[6]  ; 4.058 ;       ;       ; 4.806 ;
; iEntrada[3] ; oDisplay4[0]  ; 3.910 ;       ;       ; 4.609 ;
; iEntrada[3] ; oDisplay4[1]  ; 4.028 ;       ;       ; 4.816 ;
; iEntrada[3] ; oDisplay4[2]  ; 3.893 ;       ;       ; 4.649 ;
; iEntrada[3] ; oDisplay4[3]  ; 4.259 ;       ;       ; 4.635 ;
; iEntrada[3] ; oDisplay4[5]  ; 4.351 ;       ;       ; 4.733 ;
; iEntrada[3] ; oDisplay4[6]  ; 4.060 ;       ;       ; 4.771 ;
; iEntrada[3] ; oDisplay5[0]  ; 4.503 ;       ;       ; 4.815 ;
; iEntrada[3] ; oDisplay5[1]  ; 4.033 ;       ;       ; 4.804 ;
; iEntrada[3] ; oDisplay5[2]  ; 3.958 ;       ;       ; 4.709 ;
; iEntrada[3] ; oDisplay5[3]  ; 4.414 ;       ;       ; 4.746 ;
; iEntrada[3] ; oDisplay5[4]  ; 3.939 ;       ;       ; 4.401 ;
; iEntrada[3] ; oDisplay5[6]  ; 4.571 ;       ;       ; 4.850 ;
; iEntrada[3] ; oDisplay6[0]  ;       ; 4.400 ; 4.786 ;       ;
; iEntrada[3] ; oDisplay6[3]  ;       ; 4.493 ; 4.879 ;       ;
; iEntrada[3] ; oDisplay6[4]  ;       ; 6.702 ; 6.408 ;       ;
; iEntrada[3] ; oDisplay6[5]  ;       ; 6.684 ; 6.389 ;       ;
; iEntrada[3] ; oDisplay6[6]  ;       ; 4.108 ; 4.508 ;       ;
; iEntrada[3] ; oLEDs_Gray[2] ; 5.615 ; 6.369 ; 6.206 ; 6.957 ;
; iEntrada[3] ; oLEDs_Gray[3] ; 4.040 ;       ;       ; 4.758 ;
+-------------+---------------+-------+-------+-------+-------+


+-------------------------------------------------------------+
; Minimum Propagation Delay                                   ;
+-------------+---------------+-------+-------+-------+-------+
; Input Port  ; Output Port   ; RR    ; RF    ; FR    ; FF    ;
+-------------+---------------+-------+-------+-------+-------+
; iEntrada[0] ; oDisplay1[0]  ; 4.012 ; 4.255 ; 4.553 ; 4.757 ;
; iEntrada[0] ; oDisplay1[1]  ; 4.037 ; 4.293 ; 4.578 ; 4.795 ;
; iEntrada[0] ; oDisplay1[2]  ; 3.944 ; 4.178 ; 4.485 ; 4.680 ;
; iEntrada[0] ; oDisplay1[3]  ; 4.317 ;       ;       ; 4.636 ;
; iEntrada[0] ; oDisplay1[4]  ; 4.109 ;       ;       ; 4.492 ;
; iEntrada[0] ; oDisplay1[5]  ; 3.950 ; 4.168 ; 4.492 ; 4.671 ;
; iEntrada[0] ; oDisplay1[6]  ;       ; 4.172 ; 4.511 ;       ;
; iEntrada[0] ; oDisplay2[0]  ; 3.793 ; 4.004 ; 4.335 ; 4.507 ;
; iEntrada[0] ; oDisplay2[1]  ; 3.833 ; 4.016 ; 4.375 ; 4.519 ;
; iEntrada[0] ; oDisplay2[2]  ; 3.793 ; 3.997 ; 4.335 ; 4.500 ;
; iEntrada[0] ; oDisplay2[3]  ; 3.882 ;       ;       ; 4.289 ;
; iEntrada[0] ; oDisplay2[4]  ; 4.278 ;       ;       ; 4.648 ;
; iEntrada[0] ; oDisplay2[5]  ; 3.865 ;       ;       ; 4.278 ;
; iEntrada[0] ; oDisplay2[6]  ; 4.365 ;       ;       ; 4.674 ;
; iEntrada[0] ; oDisplay3[0]  ; 4.034 ; 4.268 ; 4.577 ; 4.772 ;
; iEntrada[0] ; oDisplay3[2]  ; 4.017 ; 4.261 ; 4.560 ; 4.765 ;
; iEntrada[0] ; oDisplay3[3]  ; 4.196 ; 4.007 ; 4.732 ; 4.525 ;
; iEntrada[0] ; oDisplay3[4]  ; 4.057 ;       ;       ; 4.385 ;
; iEntrada[0] ; oDisplay3[5]  ; 4.200 ; 4.024 ; 4.736 ; 4.542 ;
; iEntrada[0] ; oDisplay3[6]  ; 3.873 ; 4.065 ; 4.416 ; 4.569 ;
; iEntrada[0] ; oDisplay4[0]  ;       ; 3.951 ; 4.374 ;       ;
; iEntrada[0] ; oDisplay4[1]  ; 3.869 ; 4.094 ; 4.416 ; 4.603 ;
; iEntrada[0] ; oDisplay4[2]  ; 3.755 ; 3.963 ; 4.302 ; 4.472 ;
; iEntrada[0] ; oDisplay4[3]  ;       ; 3.962 ; 4.672 ;       ;
; iEntrada[0] ; oDisplay4[5]  ; 4.203 ;       ;       ; 4.553 ;
; iEntrada[0] ; oDisplay4[6]  ; 3.909 ; 4.075 ; 4.456 ; 4.584 ;
; iEntrada[0] ; oDisplay5[0]  ; 4.339 ;       ;       ; 4.646 ;
; iEntrada[0] ; oDisplay5[1]  ; 3.878 ; 4.083 ; 4.424 ; 4.590 ;
; iEntrada[0] ; oDisplay5[2]  ;       ; 4.029 ; 4.413 ;       ;
; iEntrada[0] ; oDisplay5[3]  ; 4.250 ;       ;       ; 4.577 ;
; iEntrada[0] ; oDisplay5[4]  ; 3.876 ;       ;       ; 4.279 ;
; iEntrada[0] ; oDisplay5[6]  ; 4.355 ;       ;       ; 4.656 ;
; iEntrada[0] ; oLEDs_Gray[0] ; 5.207 ; 5.763 ; 5.741 ; 6.294 ;
; iEntrada[1] ; oDisplay1[0]  ; 4.039 ;       ;       ; 4.778 ;
; iEntrada[1] ; oDisplay1[1]  ; 4.064 ;       ;       ; 4.816 ;
; iEntrada[1] ; oDisplay1[2]  ; 3.971 ;       ;       ; 4.701 ;
; iEntrada[1] ; oDisplay1[3]  ; 4.291 ;       ;       ; 4.609 ;
; iEntrada[1] ; oDisplay1[4]  ; 4.083 ;       ;       ; 4.465 ;
; iEntrada[1] ; oDisplay1[5]  ; 3.978 ;       ;       ; 4.692 ;
; iEntrada[1] ; oDisplay1[6]  ; 3.949 ;       ;       ; 4.679 ;
; iEntrada[1] ; oDisplay2[0]  ; 3.823 ; 3.997 ; 4.357 ; 4.529 ;
; iEntrada[1] ; oDisplay2[1]  ; 3.863 ; 4.009 ; 4.397 ; 4.541 ;
; iEntrada[1] ; oDisplay2[2]  ; 3.823 ; 3.990 ; 4.357 ; 4.522 ;
; iEntrada[1] ; oDisplay2[3]  ; 3.858 ;       ;       ; 4.263 ;
; iEntrada[1] ; oDisplay2[4]  ; 4.254 ;       ;       ; 4.622 ;
; iEntrada[1] ; oDisplay2[5]  ; 3.841 ;       ;       ; 4.252 ;
; iEntrada[1] ; oDisplay2[6]  ; 4.341 ;       ;       ; 4.648 ;
; iEntrada[1] ; oDisplay3[0]  ; 4.054 ; 4.251 ; 4.589 ; 4.784 ;
; iEntrada[1] ; oDisplay3[2]  ; 4.037 ; 4.244 ; 4.572 ; 4.777 ;
; iEntrada[1] ; oDisplay3[3]  ; 4.163 ; 3.954 ; 4.696 ; 4.489 ;
; iEntrada[1] ; oDisplay3[4]  ;       ; 3.831 ; 4.544 ;       ;
; iEntrada[1] ; oDisplay3[5]  ; 4.167 ; 3.971 ; 4.700 ; 4.506 ;
; iEntrada[1] ; oDisplay3[6]  ; 3.893 ; 4.048 ; 4.428 ; 4.581 ;
; iEntrada[1] ; oDisplay4[0]  ;       ; 3.888 ; 4.306 ;       ;
; iEntrada[1] ; oDisplay4[1]  ; 3.841 ; 4.029 ; 4.372 ; 4.557 ;
; iEntrada[1] ; oDisplay4[2]  ; 3.727 ; 3.898 ; 4.258 ; 4.426 ;
; iEntrada[1] ; oDisplay4[3]  ;       ; 3.861 ; 4.578 ;       ;
; iEntrada[1] ; oDisplay4[5]  ; 4.136 ;       ;       ; 4.481 ;
; iEntrada[1] ; oDisplay4[6]  ; 3.881 ; 4.010 ; 4.412 ; 4.538 ;
; iEntrada[1] ; oDisplay5[0]  ;       ; 4.023 ; 4.785 ;       ;
; iEntrada[1] ; oDisplay5[1]  ; 3.852 ; 4.020 ; 4.383 ; 4.549 ;
; iEntrada[1] ; oDisplay5[2]  ; 3.793 ;       ;       ; 4.478 ;
; iEntrada[1] ; oDisplay5[3]  ;       ; 3.954 ; 4.696 ;       ;
; iEntrada[1] ; oDisplay5[4]  ;       ; 3.656 ; 4.322 ;       ;
; iEntrada[1] ; oDisplay5[6]  ;       ; 4.033 ; 4.801 ;       ;
; iEntrada[1] ; oDisplay6[0]  ;       ; 4.197 ; 4.542 ;       ;
; iEntrada[1] ; oDisplay6[3]  ;       ; 4.255 ; 4.618 ;       ;
; iEntrada[1] ; oDisplay6[4]  ;       ; 6.209 ; 6.016 ;       ;
; iEntrada[1] ; oDisplay6[5]  ;       ; 6.189 ; 5.995 ;       ;
; iEntrada[1] ; oDisplay6[6]  ;       ; 3.946 ; 4.299 ;       ;
; iEntrada[1] ; oLEDs_Gray[0] ; 5.253 ; 5.820 ; 5.785 ; 6.350 ;
; iEntrada[1] ; oLEDs_Gray[1] ; 4.519 ; 4.845 ; 5.058 ; 5.379 ;
; iEntrada[2] ; oDisplay1[0]  ; 4.128 ;       ;       ; 4.857 ;
; iEntrada[2] ; oDisplay1[1]  ; 4.153 ;       ;       ; 4.895 ;
; iEntrada[2] ; oDisplay1[2]  ; 4.060 ;       ;       ; 4.780 ;
; iEntrada[2] ; oDisplay1[3]  ; 4.403 ;       ;       ; 4.712 ;
; iEntrada[2] ; oDisplay1[4]  ; 4.195 ;       ;       ; 4.568 ;
; iEntrada[2] ; oDisplay1[5]  ; 4.090 ;       ;       ; 4.795 ;
; iEntrada[2] ; oDisplay1[6]  ; 4.061 ;       ;       ; 4.782 ;
; iEntrada[2] ; oDisplay2[0]  ; 3.912 ; 4.071 ; 4.439 ; 4.608 ;
; iEntrada[2] ; oDisplay2[1]  ; 3.952 ; 4.083 ; 4.479 ; 4.620 ;
; iEntrada[2] ; oDisplay2[2]  ; 3.912 ; 4.064 ; 4.439 ; 4.601 ;
; iEntrada[2] ; oDisplay2[3]  ; 3.969 ;       ;       ; 4.366 ;
; iEntrada[2] ; oDisplay2[4]  ; 4.365 ;       ;       ; 4.725 ;
; iEntrada[2] ; oDisplay2[5]  ; 3.952 ;       ;       ; 4.355 ;
; iEntrada[2] ; oDisplay2[6]  ; 4.452 ;       ;       ; 4.751 ;
; iEntrada[2] ; oDisplay3[0]  ;       ; 4.324 ; 4.669 ;       ;
; iEntrada[2] ; oDisplay3[2]  ;       ; 4.317 ; 4.652 ;       ;
; iEntrada[2] ; oDisplay3[3]  ;       ; 4.065 ; 4.798 ;       ;
; iEntrada[2] ; oDisplay3[4]  ;       ; 3.936 ; 4.640 ;       ;
; iEntrada[2] ; oDisplay3[5]  ;       ; 4.082 ; 4.802 ;       ;
; iEntrada[2] ; oDisplay3[6]  ;       ; 4.121 ; 4.508 ;       ;
; iEntrada[2] ; oDisplay4[0]  ; 3.900 ;       ;       ; 4.540 ;
; iEntrada[2] ; oDisplay4[1]  ; 3.969 ; 4.143 ; 4.497 ; 4.681 ;
; iEntrada[2] ; oDisplay4[2]  ; 3.855 ; 4.012 ; 4.383 ; 4.550 ;
; iEntrada[2] ; oDisplay4[3]  ; 4.201 ;       ;       ; 4.538 ;
; iEntrada[2] ; oDisplay4[5]  ;       ; 4.100 ; 4.811 ;       ;
; iEntrada[2] ; oDisplay4[6]  ; 4.009 ; 4.124 ; 4.537 ; 4.662 ;
; iEntrada[2] ; oDisplay5[0]  ; 4.406 ;       ;       ; 4.700 ;
; iEntrada[2] ; oDisplay5[1]  ; 3.976 ;       ;       ; 4.667 ;
; iEntrada[2] ; oDisplay5[2]  ; 3.940 ;       ;       ; 4.620 ;
; iEntrada[2] ; oDisplay5[3]  ; 4.317 ;       ;       ; 4.631 ;
; iEntrada[2] ; oDisplay5[4]  ; 3.943 ;       ;       ; 4.333 ;
; iEntrada[2] ; oDisplay5[6]  ; 4.422 ;       ;       ; 4.710 ;
; iEntrada[2] ; oDisplay6[0]  ;       ; 4.296 ; 4.652 ;       ;
; iEntrada[2] ; oDisplay6[3]  ;       ; 4.354 ; 4.728 ;       ;
; iEntrada[2] ; oDisplay6[4]  ;       ; 6.308 ; 6.126 ;       ;
; iEntrada[2] ; oDisplay6[5]  ;       ; 6.288 ; 6.105 ;       ;
; iEntrada[2] ; oDisplay6[6]  ;       ; 4.045 ; 4.409 ;       ;
; iEntrada[2] ; oLEDs_Gray[1] ; 4.763 ; 5.100 ; 5.289 ; 5.622 ;
; iEntrada[2] ; oLEDs_Gray[2] ; 5.399 ; 6.005 ; 5.925 ; 6.527 ;
; iEntrada[3] ; oDisplay1[0]  ; 3.910 ; 4.105 ; 4.435 ; 4.625 ;
; iEntrada[3] ; oDisplay1[1]  ; 3.935 ; 4.143 ; 4.460 ; 4.663 ;
; iEntrada[3] ; oDisplay1[2]  ; 3.842 ; 4.028 ; 4.367 ; 4.548 ;
; iEntrada[3] ; oDisplay1[3]  ; 4.149 ;       ;       ; 4.471 ;
; iEntrada[3] ; oDisplay1[4]  ; 3.941 ;       ;       ; 4.327 ;
; iEntrada[3] ; oDisplay1[5]  ; 3.849 ; 4.019 ; 4.374 ; 4.539 ;
; iEntrada[3] ; oDisplay1[6]  ;       ; 4.004 ; 4.346 ;       ;
; iEntrada[3] ; oDisplay2[0]  ; 3.693 ; 3.856 ; 4.218 ; 4.376 ;
; iEntrada[3] ; oDisplay2[1]  ; 3.733 ; 3.868 ; 4.258 ; 4.388 ;
; iEntrada[3] ; oDisplay2[2]  ; 3.693 ; 3.849 ; 4.218 ; 4.369 ;
; iEntrada[3] ; oDisplay2[3]  ;       ; 3.597 ; 4.240 ;       ;
; iEntrada[3] ; oDisplay2[4]  ;       ; 3.956 ; 4.636 ;       ;
; iEntrada[3] ; oDisplay2[5]  ;       ; 3.586 ; 4.223 ;       ;
; iEntrada[3] ; oDisplay2[6]  ;       ; 3.982 ; 4.723 ;       ;
; iEntrada[3] ; oDisplay3[0]  ; 3.922 ;       ;       ; 4.629 ;
; iEntrada[3] ; oDisplay3[2]  ; 3.905 ;       ;       ; 4.622 ;
; iEntrada[3] ; oDisplay3[3]  ; 4.017 ;       ;       ; 4.349 ;
; iEntrada[3] ; oDisplay3[4]  ; 3.860 ;       ;       ; 4.215 ;
; iEntrada[3] ; oDisplay3[5]  ; 4.021 ;       ;       ; 4.366 ;
; iEntrada[3] ; oDisplay3[6]  ; 3.761 ;       ;       ; 4.426 ;
; iEntrada[3] ; oDisplay4[0]  ; 3.629 ;       ;       ; 4.259 ;
; iEntrada[3] ; oDisplay4[1]  ; 3.723 ;       ;       ; 4.419 ;
; iEntrada[3] ; oDisplay4[2]  ; 3.609 ;       ;       ; 4.288 ;
; iEntrada[3] ; oDisplay4[3]  ; 3.919 ;       ;       ; 4.269 ;
; iEntrada[3] ; oDisplay4[5]  ; 4.007 ;       ;       ; 4.356 ;
; iEntrada[3] ; oDisplay4[6]  ; 3.763 ;       ;       ; 4.400 ;
; iEntrada[3] ; oDisplay5[0]  ; 4.125 ;       ;       ; 4.430 ;
; iEntrada[3] ; oDisplay5[1]  ; 3.731 ;       ;       ; 4.407 ;
; iEntrada[3] ; oDisplay5[2]  ; 3.670 ;       ;       ; 4.339 ;
; iEntrada[3] ; oDisplay5[3]  ; 4.036 ;       ;       ; 4.361 ;
; iEntrada[3] ; oDisplay5[4]  ; 3.662 ;       ;       ; 4.063 ;
; iEntrada[3] ; oDisplay5[6]  ; 4.141 ;       ;       ; 4.440 ;
; iEntrada[3] ; oDisplay6[0]  ;       ; 4.054 ; 4.403 ;       ;
; iEntrada[3] ; oDisplay6[3]  ;       ; 4.112 ; 4.479 ;       ;
; iEntrada[3] ; oDisplay6[4]  ;       ; 6.066 ; 5.877 ;       ;
; iEntrada[3] ; oDisplay6[5]  ;       ; 6.046 ; 5.856 ;       ;
; iEntrada[3] ; oDisplay6[6]  ;       ; 3.803 ; 4.160 ;       ;
; iEntrada[3] ; oLEDs_Gray[2] ; 5.154 ; 5.748 ; 5.682 ; 6.273 ;
; iEntrada[3] ; oLEDs_Gray[3] ; 3.782 ;       ;       ; 4.440 ;
+-------------+---------------+-------+-------+-------+-------+


----------------------------------------------
; Fast 1100mV 85C Model Metastability Report ;
----------------------------------------------
No synchronizer chains to report.


--------------------------------------
; Fast 1100mV 0C Model Setup Summary ;
--------------------------------------
No paths to report.


-------------------------------------
; Fast 1100mV 0C Model Hold Summary ;
-------------------------------------
No paths to report.


-----------------------------------------
; Fast 1100mV 0C Model Recovery Summary ;
-----------------------------------------
No paths to report.


----------------------------------------
; Fast 1100mV 0C Model Removal Summary ;
----------------------------------------
No paths to report.


----------------------------------------------------
; Fast 1100mV 0C Model Minimum Pulse Width Summary ;
----------------------------------------------------
No paths to report.


+-------------------------------------------------------------+
; Propagation Delay                                           ;
+-------------+---------------+-------+-------+-------+-------+
; Input Port  ; Output Port   ; RR    ; RF    ; FR    ; FF    ;
+-------------+---------------+-------+-------+-------+-------+
; iEntrada[0] ; oDisplay1[0]  ; 4.142 ; 4.363 ; 4.736 ; 4.918 ;
; iEntrada[0] ; oDisplay1[1]  ; 4.182 ; 4.411 ; 4.776 ; 4.966 ;
; iEntrada[0] ; oDisplay1[2]  ; 4.082 ; 4.280 ; 4.676 ; 4.835 ;
; iEntrada[0] ; oDisplay1[3]  ; 4.491 ;       ;       ; 4.834 ;
; iEntrada[0] ; oDisplay1[4]  ; 4.246 ;       ;       ; 4.671 ;
; iEntrada[0] ; oDisplay1[5]  ; 4.078 ; 4.267 ; 4.671 ; 4.821 ;
; iEntrada[0] ; oDisplay1[6]  ;       ; 4.307 ; 4.691 ;       ;
; iEntrada[0] ; oDisplay2[0]  ; 3.911 ; 4.070 ; 4.505 ; 4.624 ;
; iEntrada[0] ; oDisplay2[1]  ; 3.941 ; 4.077 ; 4.535 ; 4.631 ;
; iEntrada[0] ; oDisplay2[2]  ; 3.897 ; 4.052 ; 4.491 ; 4.606 ;
; iEntrada[0] ; oDisplay2[3]  ; 3.988 ;       ;       ; 4.453 ;
; iEntrada[0] ; oDisplay2[4]  ; 4.429 ;       ;       ; 4.837 ;
; iEntrada[0] ; oDisplay2[5]  ; 3.959 ;       ;       ; 4.428 ;
; iEntrada[0] ; oDisplay2[6]  ; 4.548 ;       ;       ; 4.870 ;
; iEntrada[0] ; oDisplay3[0]  ; 4.093 ; 4.312 ; 4.689 ; 4.868 ;
; iEntrada[0] ; oDisplay3[2]  ; 4.091 ; 4.298 ; 4.687 ; 4.854 ;
; iEntrada[0] ; oDisplay3[3]  ; 4.346 ; 4.115 ; 4.940 ; 4.686 ;
; iEntrada[0] ; oDisplay3[4]  ; 4.138 ;       ;       ; 4.535 ;
; iEntrada[0] ; oDisplay3[5]  ; 4.322 ; 4.137 ; 4.916 ; 4.708 ;
; iEntrada[0] ; oDisplay3[6]  ; 3.990 ; 4.139 ; 4.586 ; 4.695 ;
; iEntrada[0] ; oDisplay4[0]  ;       ; 4.055 ; 4.517 ;       ;
; iEntrada[0] ; oDisplay4[1]  ; 3.975 ; 4.182 ; 4.571 ; 4.739 ;
; iEntrada[0] ; oDisplay4[2]  ; 3.845 ; 4.025 ; 4.441 ; 4.582 ;
; iEntrada[0] ; oDisplay4[3]  ;       ; 4.070 ; 4.866 ;       ;
; iEntrada[0] ; oDisplay4[5]  ; 4.338 ;       ;       ; 4.706 ;
; iEntrada[0] ; oDisplay4[6]  ; 3.992 ; 4.137 ; 4.588 ; 4.694 ;
; iEntrada[0] ; oDisplay5[0]  ; 4.505 ;       ;       ; 4.844 ;
; iEntrada[0] ; oDisplay5[1]  ; 3.990 ; 4.175 ; 4.588 ; 4.733 ;
; iEntrada[0] ; oDisplay5[2]  ;       ; 4.146 ; 4.564 ;       ;
; iEntrada[0] ; oDisplay5[3]  ; 4.410 ;       ;       ; 4.749 ;
; iEntrada[0] ; oDisplay5[4]  ; 3.978 ;       ;       ; 4.420 ;
; iEntrada[0] ; oDisplay5[6]  ; 4.566 ;       ;       ; 4.855 ;
; iEntrada[0] ; oLEDs_Gray[0] ; 5.391 ; 6.014 ; 5.980 ; 6.597 ;
; iEntrada[1] ; oDisplay1[0]  ; 4.183 ;       ;       ; 4.967 ;
; iEntrada[1] ; oDisplay1[1]  ; 4.223 ;       ;       ; 5.015 ;
; iEntrada[1] ; oDisplay1[2]  ; 4.123 ;       ;       ; 4.884 ;
; iEntrada[1] ; oDisplay1[3]  ; 4.434 ;       ;       ; 4.817 ;
; iEntrada[1] ; oDisplay1[4]  ; 4.189 ;       ;       ; 4.654 ;
; iEntrada[1] ; oDisplay1[5]  ; 4.120 ;       ;       ; 4.871 ;
; iEntrada[1] ; oDisplay1[6]  ; 4.084 ;       ;       ; 4.839 ;
; iEntrada[1] ; oDisplay2[0]  ; 3.953 ; 4.087 ; 4.544 ; 4.675 ;
; iEntrada[1] ; oDisplay2[1]  ; 3.983 ; 4.094 ; 4.574 ; 4.682 ;
; iEntrada[1] ; oDisplay2[2]  ; 3.939 ; 4.069 ; 4.530 ; 4.657 ;
; iEntrada[1] ; oDisplay2[3]  ; 3.931 ;       ;       ; 4.437 ;
; iEntrada[1] ; oDisplay2[4]  ; 4.372 ;       ;       ; 4.821 ;
; iEntrada[1] ; oDisplay2[5]  ; 3.902 ;       ;       ; 4.412 ;
; iEntrada[1] ; oDisplay2[6]  ; 4.491 ;       ;       ; 4.854 ;
; iEntrada[1] ; oDisplay3[0]  ; 4.125 ; 4.319 ; 4.717 ; 4.908 ;
; iEntrada[1] ; oDisplay3[2]  ; 4.123 ; 4.305 ; 4.715 ; 4.894 ;
; iEntrada[1] ; oDisplay3[3]  ; 4.279 ; 4.066 ; 4.869 ; 4.658 ;
; iEntrada[1] ; oDisplay3[4]  ;       ; 3.938 ; 4.699 ;       ;
; iEntrada[1] ; oDisplay3[5]  ; 4.255 ; 4.088 ; 4.845 ; 4.680 ;
; iEntrada[1] ; oDisplay3[6]  ; 4.022 ; 4.146 ; 4.614 ; 4.735 ;
; iEntrada[1] ; oDisplay4[0]  ;       ; 3.955 ; 4.454 ;       ;
; iEntrada[1] ; oDisplay4[1]  ; 3.949 ; 4.132 ; 4.537 ; 4.718 ;
; iEntrada[1] ; oDisplay4[2]  ; 3.819 ; 3.975 ; 4.407 ; 4.561 ;
; iEntrada[1] ; oDisplay4[3]  ;       ; 3.966 ; 4.732 ;       ;
; iEntrada[1] ; oDisplay4[5]  ; 4.240 ;       ;       ; 4.642 ;
; iEntrada[1] ; oDisplay4[6]  ; 3.966 ; 4.087 ; 4.554 ; 4.673 ;
; iEntrada[1] ; oDisplay5[0]  ;       ; 4.167 ; 4.969 ;       ;
; iEntrada[1] ; oDisplay5[1]  ; 3.971 ; 4.131 ; 4.559 ; 4.716 ;
; iEntrada[1] ; oDisplay5[2]  ; 3.892 ;       ;       ; 4.614 ;
; iEntrada[1] ; oDisplay5[3]  ;       ; 4.072 ; 4.874 ;       ;
; iEntrada[1] ; oDisplay5[4]  ;       ; 3.743 ; 4.442 ;       ;
; iEntrada[1] ; oDisplay5[6]  ;       ; 4.178 ; 5.030 ;       ;
; iEntrada[1] ; oDisplay6[0]  ;       ; 4.307 ; 4.712 ;       ;
; iEntrada[1] ; oDisplay6[3]  ;       ; 4.389 ; 4.802 ;       ;
; iEntrada[1] ; oDisplay6[4]  ;       ; 6.444 ; 6.290 ;       ;
; iEntrada[1] ; oDisplay6[5]  ;       ; 6.440 ; 6.288 ;       ;
; iEntrada[1] ; oDisplay6[6]  ;       ; 4.029 ; 4.455 ;       ;
; iEntrada[1] ; oLEDs_Gray[0] ; 5.450 ; 6.078 ; 6.039 ; 6.665 ;
; iEntrada[1] ; oLEDs_Gray[1] ; 4.526 ; 4.854 ; 5.126 ; 5.445 ;
; iEntrada[2] ; oDisplay1[0]  ; 4.264 ;       ;       ; 5.058 ;
; iEntrada[2] ; oDisplay1[1]  ; 4.304 ;       ;       ; 5.106 ;
; iEntrada[2] ; oDisplay1[2]  ; 4.204 ;       ;       ; 4.975 ;
; iEntrada[2] ; oDisplay1[3]  ; 4.545 ;       ;       ; 4.903 ;
; iEntrada[2] ; oDisplay1[4]  ; 4.300 ;       ;       ; 4.740 ;
; iEntrada[2] ; oDisplay1[5]  ; 4.232 ;       ;       ; 4.958 ;
; iEntrada[2] ; oDisplay1[6]  ; 4.196 ;       ;       ; 4.926 ;
; iEntrada[2] ; oDisplay2[0]  ; 4.033 ; 4.181 ; 4.595 ; 4.765 ;
; iEntrada[2] ; oDisplay2[1]  ; 4.063 ; 4.188 ; 4.625 ; 4.772 ;
; iEntrada[2] ; oDisplay2[2]  ; 4.019 ; 4.163 ; 4.581 ; 4.747 ;
; iEntrada[2] ; oDisplay2[3]  ; 4.041 ;       ;       ; 4.522 ;
; iEntrada[2] ; oDisplay2[4]  ; 4.482 ;       ;       ; 4.906 ;
; iEntrada[2] ; oDisplay2[5]  ; 4.012 ;       ;       ; 4.497 ;
; iEntrada[2] ; oDisplay2[6]  ; 4.601 ;       ;       ; 4.939 ;
; iEntrada[2] ; oDisplay3[0]  ;       ; 4.412 ; 4.767 ;       ;
; iEntrada[2] ; oDisplay3[2]  ;       ; 4.398 ; 4.765 ;       ;
; iEntrada[2] ; oDisplay3[3]  ;       ; 4.177 ; 4.955 ;       ;
; iEntrada[2] ; oDisplay3[4]  ;       ; 4.037 ; 4.809 ;       ;
; iEntrada[2] ; oDisplay3[5]  ;       ; 4.199 ; 4.931 ;       ;
; iEntrada[2] ; oDisplay3[6]  ;       ; 4.239 ; 4.664 ;       ;
; iEntrada[2] ; oDisplay4[0]  ; 3.995 ;       ;       ; 4.650 ;
; iEntrada[2] ; oDisplay4[1]  ; 4.074 ; 4.270 ; 4.637 ; 4.856 ;
; iEntrada[2] ; oDisplay4[2]  ; 3.944 ; 4.113 ; 4.507 ; 4.699 ;
; iEntrada[2] ; oDisplay4[3]  ; 4.300 ;       ;       ; 4.687 ;
; iEntrada[2] ; oDisplay4[5]  ;       ; 4.210 ; 4.960 ;       ;
; iEntrada[2] ; oDisplay4[6]  ; 4.091 ; 4.225 ; 4.654 ; 4.811 ;
; iEntrada[2] ; oDisplay5[0]  ; 4.536 ;       ;       ; 4.888 ;
; iEntrada[2] ; oDisplay5[1]  ; 4.090 ;       ;       ; 4.850 ;
; iEntrada[2] ; oDisplay5[2]  ; 4.044 ;       ;       ; 4.744 ;
; iEntrada[2] ; oDisplay5[3]  ; 4.441 ;       ;       ; 4.793 ;
; iEntrada[2] ; oDisplay5[4]  ; 4.009 ;       ;       ; 4.464 ;
; iEntrada[2] ; oDisplay5[6]  ; 4.597 ;       ;       ; 4.899 ;
; iEntrada[2] ; oDisplay6[0]  ;       ; 4.430 ; 4.795 ;       ;
; iEntrada[2] ; oDisplay6[3]  ;       ; 4.512 ; 4.885 ;       ;
; iEntrada[2] ; oDisplay6[4]  ;       ; 6.567 ; 6.373 ;       ;
; iEntrada[2] ; oDisplay6[5]  ;       ; 6.563 ; 6.371 ;       ;
; iEntrada[2] ; oDisplay6[6]  ;       ; 4.152 ; 4.538 ;       ;
; iEntrada[2] ; oLEDs_Gray[1] ; 4.797 ; 5.125 ; 5.360 ; 5.691 ;
; iEntrada[2] ; oLEDs_Gray[2] ; 5.578 ; 6.240 ; 6.141 ; 6.806 ;
; iEntrada[3] ; oDisplay1[0]  ; 4.017 ; 4.209 ; 4.591 ; 4.774 ;
; iEntrada[3] ; oDisplay1[1]  ; 4.057 ; 4.257 ; 4.631 ; 4.822 ;
; iEntrada[3] ; oDisplay1[2]  ; 3.957 ; 4.126 ; 4.531 ; 4.691 ;
; iEntrada[3] ; oDisplay1[3]  ; 4.266 ;       ;       ; 4.641 ;
; iEntrada[3] ; oDisplay1[4]  ; 4.021 ;       ;       ; 4.478 ;
; iEntrada[3] ; oDisplay1[5]  ; 3.952 ; 4.112 ; 4.525 ; 4.676 ;
; iEntrada[3] ; oDisplay1[6]  ;       ; 4.081 ; 4.496 ;       ;
; iEntrada[3] ; oDisplay2[0]  ; 3.785 ; 3.915 ; 4.359 ; 4.480 ;
; iEntrada[3] ; oDisplay2[1]  ; 3.815 ; 3.922 ; 4.389 ; 4.487 ;
; iEntrada[3] ; oDisplay2[2]  ; 3.771 ; 3.897 ; 4.345 ; 4.462 ;
; iEntrada[3] ; oDisplay2[3]  ;       ; 3.681 ; 4.334 ;       ;
; iEntrada[3] ; oDisplay2[4]  ;       ; 4.065 ; 4.775 ;       ;
; iEntrada[3] ; oDisplay2[5]  ;       ; 3.656 ; 4.305 ;       ;
; iEntrada[3] ; oDisplay2[6]  ;       ; 4.098 ; 4.894 ;       ;
; iEntrada[3] ; oDisplay3[0]  ; 3.956 ;       ;       ; 4.710 ;
; iEntrada[3] ; oDisplay3[2]  ; 3.954 ;       ;       ; 4.696 ;
; iEntrada[3] ; oDisplay3[3]  ; 4.107 ;       ;       ; 4.477 ;
; iEntrada[3] ; oDisplay3[4]  ; 3.928 ;       ;       ; 4.330 ;
; iEntrada[3] ; oDisplay3[5]  ; 4.083 ;       ;       ; 4.499 ;
; iEntrada[3] ; oDisplay3[6]  ; 3.853 ;       ;       ; 4.537 ;
; iEntrada[3] ; oDisplay4[0]  ; 3.686 ;       ;       ; 4.344 ;
; iEntrada[3] ; oDisplay4[1]  ; 3.795 ;       ;       ; 4.538 ;
; iEntrada[3] ; oDisplay4[2]  ; 3.665 ;       ;       ; 4.381 ;
; iEntrada[3] ; oDisplay4[3]  ; 3.990 ;       ;       ; 4.392 ;
; iEntrada[3] ; oDisplay4[5]  ; 4.081 ;       ;       ; 4.473 ;
; iEntrada[3] ; oDisplay4[6]  ; 3.812 ;       ;       ; 4.493 ;
; iEntrada[3] ; oDisplay5[0]  ; 4.226 ;       ;       ; 4.593 ;
; iEntrada[3] ; oDisplay5[1]  ; 3.812 ;       ;       ; 4.532 ;
; iEntrada[3] ; oDisplay5[2]  ; 3.736 ;       ;       ; 4.438 ;
; iEntrada[3] ; oDisplay5[3]  ; 4.131 ;       ;       ; 4.498 ;
; iEntrada[3] ; oDisplay5[4]  ; 3.699 ;       ;       ; 4.169 ;
; iEntrada[3] ; oDisplay5[6]  ; 4.287 ;       ;       ; 4.604 ;
; iEntrada[3] ; oDisplay6[0]  ;       ; 4.133 ; 4.526 ;       ;
; iEntrada[3] ; oDisplay6[3]  ;       ; 4.215 ; 4.616 ;       ;
; iEntrada[3] ; oDisplay6[4]  ;       ; 6.270 ; 6.104 ;       ;
; iEntrada[3] ; oDisplay6[5]  ;       ; 6.266 ; 6.102 ;       ;
; iEntrada[3] ; oDisplay6[6]  ;       ; 3.855 ; 4.269 ;       ;
; iEntrada[3] ; oLEDs_Gray[2] ; 5.299 ; 5.959 ; 5.876 ; 6.530 ;
; iEntrada[3] ; oLEDs_Gray[3] ; 3.747 ;       ;       ; 4.459 ;
+-------------+---------------+-------+-------+-------+-------+


+-------------------------------------------------------------+
; Minimum Propagation Delay                                   ;
+-------------+---------------+-------+-------+-------+-------+
; Input Port  ; Output Port   ; RR    ; RF    ; FR    ; FF    ;
+-------------+---------------+-------+-------+-------+-------+
; iEntrada[0] ; oDisplay1[0]  ; 3.802 ; 4.003 ; 4.334 ; 4.495 ;
; iEntrada[0] ; oDisplay1[1]  ; 3.841 ; 4.049 ; 4.373 ; 4.541 ;
; iEntrada[0] ; oDisplay1[2]  ; 3.755 ; 3.940 ; 4.287 ; 4.432 ;
; iEntrada[0] ; oDisplay1[3]  ; 4.076 ;       ;       ; 4.440 ;
; iEntrada[0] ; oDisplay1[4]  ; 3.875 ;       ;       ; 4.297 ;
; iEntrada[0] ; oDisplay1[5]  ; 3.747 ; 3.923 ; 4.279 ; 4.415 ;
; iEntrada[0] ; oDisplay1[6]  ;       ; 3.941 ; 4.321 ;       ;
; iEntrada[0] ; oDisplay2[0]  ; 3.609 ; 3.771 ; 4.140 ; 4.262 ;
; iEntrada[0] ; oDisplay2[1]  ; 3.634 ; 3.775 ; 4.165 ; 4.266 ;
; iEntrada[0] ; oDisplay2[2]  ; 3.594 ; 3.754 ; 4.125 ; 4.245 ;
; iEntrada[0] ; oDisplay2[3]  ; 3.665 ;       ;       ; 4.110 ;
; iEntrada[0] ; oDisplay2[4]  ; 4.039 ;       ;       ; 4.447 ;
; iEntrada[0] ; oDisplay2[5]  ; 3.637 ;       ;       ; 4.085 ;
; iEntrada[0] ; oDisplay2[6]  ; 4.115 ;       ;       ; 4.466 ;
; iEntrada[0] ; oDisplay3[0]  ; 3.776 ; 3.999 ; 4.309 ; 4.492 ;
; iEntrada[0] ; oDisplay3[2]  ; 3.776 ; 3.986 ; 4.309 ; 4.479 ;
; iEntrada[0] ; oDisplay3[3]  ; 3.955 ; 3.790 ; 4.486 ; 4.303 ;
; iEntrada[0] ; oDisplay3[4]  ; 3.815 ;       ;       ; 4.156 ;
; iEntrada[0] ; oDisplay3[5]  ; 3.956 ; 3.825 ; 4.487 ; 4.338 ;
; iEntrada[0] ; oDisplay3[6]  ; 3.678 ; 3.828 ; 4.211 ; 4.321 ;
; iEntrada[0] ; oDisplay4[0]  ;       ; 3.720 ; 4.162 ;       ;
; iEntrada[0] ; oDisplay4[1]  ; 3.650 ; 3.856 ; 4.185 ; 4.349 ;
; iEntrada[0] ; oDisplay4[2]  ; 3.540 ; 3.728 ; 4.075 ; 4.221 ;
; iEntrada[0] ; oDisplay4[3]  ;       ; 3.753 ; 4.427 ;       ;
; iEntrada[0] ; oDisplay4[5]  ; 3.954 ;       ;       ; 4.317 ;
; iEntrada[0] ; oDisplay4[6]  ; 3.676 ; 3.830 ; 4.211 ; 4.323 ;
; iEntrada[0] ; oDisplay5[0]  ; 4.094 ;       ;       ; 4.450 ;
; iEntrada[0] ; oDisplay5[1]  ; 3.667 ; 3.841 ; 4.202 ; 4.336 ;
; iEntrada[0] ; oDisplay5[2]  ;       ; 3.796 ; 4.202 ;       ;
; iEntrada[0] ; oDisplay5[3]  ; 3.998 ;       ;       ; 4.354 ;
; iEntrada[0] ; oDisplay5[4]  ; 3.650 ;       ;       ; 4.070 ;
; iEntrada[0] ; oDisplay5[6]  ; 4.100 ;       ;       ; 4.436 ;
; iEntrada[0] ; oLEDs_Gray[0] ; 4.937 ; 5.407 ; 5.463 ; 5.929 ;
; iEntrada[1] ; oDisplay1[0]  ; 3.832 ;       ;       ; 4.518 ;
; iEntrada[1] ; oDisplay1[1]  ; 3.871 ;       ;       ; 4.564 ;
; iEntrada[1] ; oDisplay1[2]  ; 3.785 ;       ;       ; 4.455 ;
; iEntrada[1] ; oDisplay1[3]  ; 4.044 ;       ;       ; 4.403 ;
; iEntrada[1] ; oDisplay1[4]  ; 3.843 ;       ;       ; 4.260 ;
; iEntrada[1] ; oDisplay1[5]  ; 3.777 ;       ;       ; 4.438 ;
; iEntrada[1] ; oDisplay1[6]  ; 3.760 ;       ;       ; 4.432 ;
; iEntrada[1] ; oDisplay2[0]  ; 3.639 ; 3.763 ; 4.165 ; 4.287 ;
; iEntrada[1] ; oDisplay2[1]  ; 3.664 ; 3.767 ; 4.190 ; 4.291 ;
; iEntrada[1] ; oDisplay2[2]  ; 3.624 ; 3.746 ; 4.150 ; 4.270 ;
; iEntrada[1] ; oDisplay2[3]  ; 3.634 ;       ;       ; 4.075 ;
; iEntrada[1] ; oDisplay2[4]  ; 4.008 ;       ;       ; 4.412 ;
; iEntrada[1] ; oDisplay2[5]  ; 3.606 ;       ;       ; 4.050 ;
; iEntrada[1] ; oDisplay2[6]  ; 4.084 ;       ;       ; 4.431 ;
; iEntrada[1] ; oDisplay3[0]  ; 3.797 ; 3.982 ; 4.324 ; 4.507 ;
; iEntrada[1] ; oDisplay3[2]  ; 3.797 ; 3.969 ; 4.324 ; 4.494 ;
; iEntrada[1] ; oDisplay3[3]  ; 3.914 ; 3.730 ; 4.438 ; 4.257 ;
; iEntrada[1] ; oDisplay3[4]  ;       ; 3.613 ; 4.291 ;       ;
; iEntrada[1] ; oDisplay3[5]  ; 3.915 ; 3.765 ; 4.439 ; 4.292 ;
; iEntrada[1] ; oDisplay3[6]  ; 3.699 ; 3.811 ; 4.226 ; 4.336 ;
; iEntrada[1] ; oDisplay4[0]  ;       ; 3.651 ; 4.084 ;       ;
; iEntrada[1] ; oDisplay4[1]  ; 3.621 ; 3.789 ; 4.144 ; 4.309 ;
; iEntrada[1] ; oDisplay4[2]  ; 3.511 ; 3.661 ; 4.034 ; 4.181 ;
; iEntrada[1] ; oDisplay4[3]  ;       ; 3.644 ; 4.324 ;       ;
; iEntrada[1] ; oDisplay4[5]  ; 3.881 ;       ;       ; 4.239 ;
; iEntrada[1] ; oDisplay4[6]  ; 3.647 ; 3.763 ; 4.170 ; 4.283 ;
; iEntrada[1] ; oDisplay5[0]  ;       ; 3.827 ; 4.526 ;       ;
; iEntrada[1] ; oDisplay5[1]  ; 3.642 ; 3.778 ; 4.166 ; 4.300 ;
; iEntrada[1] ; oDisplay5[2]  ; 3.582 ;       ;       ; 4.231 ;
; iEntrada[1] ; oDisplay5[3]  ;       ; 3.731 ; 4.430 ;       ;
; iEntrada[1] ; oDisplay5[4]  ;       ; 3.447 ; 4.082 ;       ;
; iEntrada[1] ; oDisplay5[6]  ;       ; 3.813 ; 4.532 ;       ;
; iEntrada[1] ; oDisplay6[0]  ;       ; 3.941 ; 4.303 ;       ;
; iEntrada[1] ; oDisplay6[3]  ;       ; 3.998 ; 4.377 ;       ;
; iEntrada[1] ; oDisplay6[4]  ;       ; 5.813 ; 5.738 ;       ;
; iEntrada[1] ; oDisplay6[5]  ;       ; 5.807 ; 5.734 ;       ;
; iEntrada[1] ; oDisplay6[6]  ;       ; 3.707 ; 4.078 ;       ;
; iEntrada[1] ; oLEDs_Gray[0] ; 4.978 ; 5.457 ; 5.503 ; 5.980 ;
; iEntrada[1] ; oLEDs_Gray[1] ; 4.187 ; 4.474 ; 4.719 ; 5.000 ;
; iEntrada[2] ; oDisplay1[0]  ; 3.928 ;       ;       ; 4.609 ;
; iEntrada[2] ; oDisplay1[1]  ; 3.967 ;       ;       ; 4.655 ;
; iEntrada[2] ; oDisplay1[2]  ; 3.881 ;       ;       ; 4.546 ;
; iEntrada[2] ; oDisplay1[3]  ; 4.165 ;       ;       ; 4.515 ;
; iEntrada[2] ; oDisplay1[4]  ; 3.964 ;       ;       ; 4.372 ;
; iEntrada[2] ; oDisplay1[5]  ; 3.896 ;       ;       ; 4.549 ;
; iEntrada[2] ; oDisplay1[6]  ; 3.878 ;       ;       ; 4.543 ;
; iEntrada[2] ; oDisplay2[0]  ; 3.734 ; 3.844 ; 4.255 ; 4.376 ;
; iEntrada[2] ; oDisplay2[1]  ; 3.759 ; 3.848 ; 4.280 ; 4.380 ;
; iEntrada[2] ; oDisplay2[2]  ; 3.719 ; 3.827 ; 4.240 ; 4.359 ;
; iEntrada[2] ; oDisplay2[3]  ; 3.754 ;       ;       ; 4.186 ;
; iEntrada[2] ; oDisplay2[4]  ; 4.128 ;       ;       ; 4.523 ;
; iEntrada[2] ; oDisplay2[5]  ; 3.726 ;       ;       ; 4.161 ;
; iEntrada[2] ; oDisplay2[6]  ; 4.204 ;       ;       ; 4.542 ;
; iEntrada[2] ; oDisplay3[0]  ;       ; 4.062 ; 4.413 ;       ;
; iEntrada[2] ; oDisplay3[2]  ;       ; 4.049 ; 4.413 ;       ;
; iEntrada[2] ; oDisplay3[3]  ;       ; 3.848 ; 4.547 ;       ;
; iEntrada[2] ; oDisplay3[4]  ;       ; 3.726 ; 4.399 ;       ;
; iEntrada[2] ; oDisplay3[5]  ;       ; 3.883 ; 4.548 ;       ;
; iEntrada[2] ; oDisplay3[6]  ;       ; 3.891 ; 4.315 ;       ;
; iEntrada[2] ; oDisplay4[0]  ; 3.695 ;       ;       ; 4.302 ;
; iEntrada[2] ; oDisplay4[1]  ; 3.756 ; 3.909 ; 4.277 ; 4.442 ;
; iEntrada[2] ; oDisplay4[2]  ; 3.646 ; 3.781 ; 4.167 ; 4.314 ;
; iEntrada[2] ; oDisplay4[3]  ; 3.962 ;       ;       ; 4.320 ;
; iEntrada[2] ; oDisplay4[5]  ;       ; 3.874 ; 4.555 ;       ;
; iEntrada[2] ; oDisplay4[6]  ; 3.782 ; 3.883 ; 4.303 ; 4.416 ;
; iEntrada[2] ; oDisplay5[0]  ; 4.164 ;       ;       ; 4.503 ;
; iEntrada[2] ; oDisplay5[1]  ; 3.773 ;       ;       ; 4.428 ;
; iEntrada[2] ; oDisplay5[2]  ; 3.737 ;       ;       ; 4.380 ;
; iEntrada[2] ; oDisplay5[3]  ; 4.068 ;       ;       ; 4.407 ;
; iEntrada[2] ; oDisplay5[4]  ; 3.720 ;       ;       ; 4.123 ;
; iEntrada[2] ; oDisplay5[6]  ; 4.170 ;       ;       ; 4.489 ;
; iEntrada[2] ; oDisplay6[0]  ;       ; 4.048 ; 4.421 ;       ;
; iEntrada[2] ; oDisplay6[3]  ;       ; 4.105 ; 4.495 ;       ;
; iEntrada[2] ; oDisplay6[4]  ;       ; 5.920 ; 5.856 ;       ;
; iEntrada[2] ; oDisplay6[5]  ;       ; 5.914 ; 5.852 ;       ;
; iEntrada[2] ; oDisplay6[6]  ;       ; 3.814 ; 4.196 ;       ;
; iEntrada[2] ; oLEDs_Gray[1] ; 4.441 ; 4.737 ; 4.958 ; 5.251 ;
; iEntrada[2] ; oLEDs_Gray[2] ; 5.111 ; 5.643 ; 5.628 ; 6.157 ;
; iEntrada[3] ; oDisplay1[0]  ; 3.699 ; 3.853 ; 4.221 ; 4.369 ;
; iEntrada[3] ; oDisplay1[1]  ; 3.738 ; 3.899 ; 4.260 ; 4.415 ;
; iEntrada[3] ; oDisplay1[2]  ; 3.652 ; 3.790 ; 4.174 ; 4.306 ;
; iEntrada[3] ; oDisplay1[3]  ; 3.899 ;       ;       ; 4.269 ;
; iEntrada[3] ; oDisplay1[4]  ; 3.698 ;       ;       ; 4.126 ;
; iEntrada[3] ; oDisplay1[5]  ; 3.642 ; 3.771 ; 4.165 ; 4.288 ;
; iEntrada[3] ; oDisplay1[6]  ;       ; 3.763 ; 4.150 ;       ;
; iEntrada[3] ; oDisplay2[0]  ; 3.504 ; 3.619 ; 4.028 ; 4.137 ;
; iEntrada[3] ; oDisplay2[1]  ; 3.529 ; 3.623 ; 4.053 ; 4.141 ;
; iEntrada[3] ; oDisplay2[2]  ; 3.489 ; 3.602 ; 4.013 ; 4.120 ;
; iEntrada[3] ; oDisplay2[3]  ;       ; 3.412 ; 4.011 ;       ;
; iEntrada[3] ; oDisplay2[4]  ;       ; 3.749 ; 4.385 ;       ;
; iEntrada[3] ; oDisplay2[5]  ;       ; 3.387 ; 3.983 ;       ;
; iEntrada[3] ; oDisplay2[6]  ;       ; 3.768 ; 4.461 ;       ;
; iEntrada[3] ; oDisplay3[0]  ; 3.661 ;       ;       ; 4.354 ;
; iEntrada[3] ; oDisplay3[2]  ; 3.661 ;       ;       ; 4.341 ;
; iEntrada[3] ; oDisplay3[3]  ; 3.766 ;       ;       ; 4.119 ;
; iEntrada[3] ; oDisplay3[4]  ; 3.614 ;       ;       ; 3.990 ;
; iEntrada[3] ; oDisplay3[5]  ; 3.767 ;       ;       ; 4.154 ;
; iEntrada[3] ; oDisplay3[6]  ; 3.563 ;       ;       ; 4.183 ;
; iEntrada[3] ; oDisplay4[0]  ; 3.411 ;       ;       ; 4.016 ;
; iEntrada[3] ; oDisplay4[1]  ; 3.499 ;       ;       ; 4.173 ;
; iEntrada[3] ; oDisplay4[2]  ; 3.389 ;       ;       ; 4.045 ;
; iEntrada[3] ; oDisplay4[3]  ; 3.669 ;       ;       ; 4.046 ;
; iEntrada[3] ; oDisplay4[5]  ; 3.749 ;       ;       ; 4.116 ;
; iEntrada[3] ; oDisplay4[6]  ; 3.525 ;       ;       ; 4.147 ;
; iEntrada[3] ; oDisplay5[0]  ; 3.871 ;       ;       ; 4.229 ;
; iEntrada[3] ; oDisplay5[1]  ; 3.517 ;       ;       ; 4.159 ;
; iEntrada[3] ; oDisplay5[2]  ; 3.454 ;       ;       ; 4.094 ;
; iEntrada[3] ; oDisplay5[3]  ; 3.775 ;       ;       ; 4.133 ;
; iEntrada[3] ; oDisplay5[4]  ; 3.427 ;       ;       ; 3.849 ;
; iEntrada[3] ; oDisplay5[6]  ; 3.877 ;       ;       ; 4.215 ;
; iEntrada[3] ; oDisplay6[0]  ;       ; 3.796 ; 4.164 ;       ;
; iEntrada[3] ; oDisplay6[3]  ;       ; 3.853 ; 4.238 ;       ;
; iEntrada[3] ; oDisplay6[4]  ;       ; 5.668 ; 5.599 ;       ;
; iEntrada[3] ; oDisplay6[5]  ;       ; 5.662 ; 5.595 ;       ;
; iEntrada[3] ; oDisplay6[6]  ;       ; 3.562 ; 3.939 ;       ;
; iEntrada[3] ; oLEDs_Gray[2] ; 4.854 ; 5.376 ; 5.381 ; 5.899 ;
; iEntrada[3] ; oLEDs_Gray[3] ; 3.499 ;       ;       ; 4.150 ;
+-------------+---------------+-------+-------+-------+-------+


---------------------------------------------
; Fast 1100mV 0C Model Metastability Report ;
---------------------------------------------
No synchronizer chains to report.


+----------------------------------------------------------------------------+
; Multicorner Timing Analysis Summary                                        ;
+------------------+-------+------+----------+---------+---------------------+
; Clock            ; Setup ; Hold ; Recovery ; Removal ; Minimum Pulse Width ;
+------------------+-------+------+----------+---------+---------------------+
; Worst-case Slack ; N/A   ; N/A  ; N/A      ; N/A     ; N/A                 ;
; Design-wide TNS  ; 0.0   ; 0.0  ; 0.0      ; 0.0     ; 0.0                 ;
+------------------+-------+------+----------+---------+---------------------+


+-----------------------------------------------------------------+
; Propagation Delay                                               ;
+-------------+---------------+--------+--------+--------+--------+
; Input Port  ; Output Port   ; RR     ; RF     ; FR     ; FF     ;
+-------------+---------------+--------+--------+--------+--------+
; iEntrada[0] ; oDisplay1[0]  ; 8.217  ; 8.511  ; 8.621  ; 8.790  ;
; iEntrada[0] ; oDisplay1[1]  ; 8.303  ; 8.608  ; 8.707  ; 8.887  ;
; iEntrada[0] ; oDisplay1[2]  ; 8.124  ; 8.400  ; 8.528  ; 8.679  ;
; iEntrada[0] ; oDisplay1[3]  ; 8.839  ;        ;        ; 8.839  ;
; iEntrada[0] ; oDisplay1[4]  ; 8.346  ;        ;        ; 8.452  ;
; iEntrada[0] ; oDisplay1[5]  ; 8.096  ; 8.355  ; 8.499  ; 8.633  ;
; iEntrada[0] ; oDisplay1[6]  ;        ; 8.498  ; 8.548  ;        ;
; iEntrada[0] ; oDisplay2[0]  ; 7.819  ; 8.055  ; 8.225  ; 8.336  ;
; iEntrada[0] ; oDisplay2[1]  ; 7.885  ; 8.092  ; 8.291  ; 8.373  ;
; iEntrada[0] ; oDisplay2[2]  ; 7.787  ; 8.017  ; 8.193  ; 8.298  ;
; iEntrada[0] ; oDisplay2[3]  ; 7.964  ;        ;        ; 8.119  ;
; iEntrada[0] ; oDisplay2[4]  ; 8.697  ;        ;        ; 8.801  ;
; iEntrada[0] ; oDisplay2[5]  ; 7.916  ;        ;        ; 8.078  ;
; iEntrada[0] ; oDisplay2[6]  ; 8.892  ;        ;        ; 8.855  ;
; iEntrada[0] ; oDisplay3[0]  ; 8.324  ; 8.516  ; 8.730  ; 8.797  ;
; iEntrada[0] ; oDisplay3[2]  ; 8.296  ; 8.521  ; 8.702  ; 8.802  ;
; iEntrada[0] ; oDisplay3[3]  ; 8.562  ; 8.289  ; 8.902  ; 8.570  ;
; iEntrada[0] ; oDisplay3[4]  ; 8.136  ;        ;        ; 8.286  ;
; iEntrada[0] ; oDisplay3[5]  ; 8.513  ; 8.281  ; 8.853  ; 8.562  ;
; iEntrada[0] ; oDisplay3[6]  ; 8.023  ; 8.242  ; 8.429  ; 8.523  ;
; iEntrada[0] ; oDisplay4[0]  ;        ; 8.070  ; 8.243  ;        ;
; iEntrada[0] ; oDisplay4[1]  ; 7.951  ; 8.188  ; 8.360  ; 8.472  ;
; iEntrada[0] ; oDisplay4[2]  ; 7.712  ; 7.933  ; 8.121  ; 8.217  ;
; iEntrada[0] ; oDisplay4[3]  ;        ; 8.164  ; 8.753  ;        ;
; iEntrada[0] ; oDisplay4[5]  ; 8.479  ;        ;        ; 8.549  ;
; iEntrada[0] ; oDisplay4[6]  ; 8.016  ; 8.157  ; 8.425  ; 8.441  ;
; iEntrada[0] ; oDisplay5[0]  ; 8.814  ;        ;        ; 8.804  ;
; iEntrada[0] ; oDisplay5[1]  ; 7.879  ; 8.146  ; 8.290  ; 8.432  ;
; iEntrada[0] ; oDisplay5[2]  ;        ; 8.168  ; 8.264  ;        ;
; iEntrada[0] ; oDisplay5[3]  ; 8.642  ;        ;        ; 8.645  ;
; iEntrada[0] ; oDisplay5[4]  ; 7.892  ;        ;        ; 8.051  ;
; iEntrada[0] ; oDisplay5[6]  ; 8.835  ;        ;        ; 8.743  ;
; iEntrada[0] ; oLEDs_Gray[0] ; 10.335 ; 11.083 ; 10.641 ; 11.367 ;
; iEntrada[1] ; oDisplay1[0]  ; 8.350  ;        ;        ; 8.867  ;
; iEntrada[1] ; oDisplay1[1]  ; 8.436  ;        ;        ; 8.964  ;
; iEntrada[1] ; oDisplay1[2]  ; 8.257  ;        ;        ; 8.756  ;
; iEntrada[1] ; oDisplay1[3]  ; 8.708  ;        ;        ; 8.806  ;
; iEntrada[1] ; oDisplay1[4]  ; 8.215  ;        ;        ; 8.419  ;
; iEntrada[1] ; oDisplay1[5]  ; 8.229  ;        ;        ; 8.711  ;
; iEntrada[1] ; oDisplay1[6]  ; 8.192  ;        ;        ; 8.679  ;
; iEntrada[1] ; oDisplay2[0]  ; 7.955  ; 8.103  ; 8.279  ; 8.416  ;
; iEntrada[1] ; oDisplay2[1]  ; 8.021  ; 8.140  ; 8.345  ; 8.453  ;
; iEntrada[1] ; oDisplay2[2]  ; 7.923  ; 8.065  ; 8.247  ; 8.378  ;
; iEntrada[1] ; oDisplay2[3]  ; 7.835  ;        ;        ; 8.089  ;
; iEntrada[1] ; oDisplay2[4]  ; 8.568  ;        ;        ; 8.771  ;
; iEntrada[1] ; oDisplay2[5]  ; 7.787  ;        ;        ; 8.048  ;
; iEntrada[1] ; oDisplay2[6]  ; 8.763  ;        ;        ; 8.825  ;
; iEntrada[1] ; oDisplay3[0]  ; 8.448  ; 8.552  ; 8.771  ; 8.864  ;
; iEntrada[1] ; oDisplay3[2]  ; 8.420  ; 8.557  ; 8.743  ; 8.869  ;
; iEntrada[1] ; oDisplay3[3]  ; 8.423  ; 8.203  ; 8.734  ; 8.526  ;
; iEntrada[1] ; oDisplay3[4]  ;        ; 7.967  ; 8.450  ;        ;
; iEntrada[1] ; oDisplay3[5]  ; 8.374  ; 8.195  ; 8.685  ; 8.518  ;
; iEntrada[1] ; oDisplay3[6]  ; 8.147  ; 8.278  ; 8.470  ; 8.590  ;
; iEntrada[1] ; oDisplay4[0]  ;        ; 7.899  ; 8.162  ;        ;
; iEntrada[1] ; oDisplay4[1]  ; 8.014  ; 8.163  ; 8.336  ; 8.474  ;
; iEntrada[1] ; oDisplay4[2]  ; 7.775  ; 7.908  ; 8.097  ; 8.219  ;
; iEntrada[1] ; oDisplay4[3]  ;        ; 8.017  ; 8.520  ;        ;
; iEntrada[1] ; oDisplay4[5]  ; 8.337  ;        ;        ; 8.517  ;
; iEntrada[1] ; oDisplay4[6]  ; 8.079  ; 8.132  ; 8.401  ; 8.443  ;
; iEntrada[1] ; oDisplay5[0]  ;        ; 8.372  ; 8.924  ;        ;
; iEntrada[1] ; oDisplay5[1]  ; 7.948  ; 8.127  ; 8.270  ; 8.438  ;
; iEntrada[1] ; oDisplay5[2]  ; 7.836  ;        ;        ; 8.283  ;
; iEntrada[1] ; oDisplay5[3]  ;        ; 8.213  ; 8.752  ;        ;
; iEntrada[1] ; oDisplay5[4]  ;        ; 7.619  ; 8.002  ;        ;
; iEntrada[1] ; oDisplay5[6]  ;        ; 8.311  ; 8.945  ;        ;
; iEntrada[1] ; oDisplay6[0]  ;        ; 8.426  ; 8.598  ;        ;
; iEntrada[1] ; oDisplay6[3]  ;        ; 8.628  ; 8.794  ;        ;
; iEntrada[1] ; oDisplay6[4]  ;        ; 11.839 ; 11.242 ;        ;
; iEntrada[1] ; oDisplay6[5]  ;        ; 11.838 ; 11.234 ;        ;
; iEntrada[1] ; oDisplay6[6]  ;        ; 7.960  ; 8.137  ;        ;
; iEntrada[1] ; oLEDs_Gray[0] ; 10.589 ; 11.340 ; 10.913 ; 11.651 ;
; iEntrada[1] ; oLEDs_Gray[1] ; 9.181  ; 9.467  ; 9.516  ; 9.776  ;
; iEntrada[2] ; oDisplay1[0]  ; 8.484  ;        ;        ; 9.035  ;
; iEntrada[2] ; oDisplay1[1]  ; 8.570  ;        ;        ; 9.132  ;
; iEntrada[2] ; oDisplay1[2]  ; 8.391  ;        ;        ; 8.924  ;
; iEntrada[2] ; oDisplay1[3]  ; 8.954  ;        ;        ; 8.993  ;
; iEntrada[2] ; oDisplay1[4]  ; 8.461  ;        ;        ; 8.606  ;
; iEntrada[2] ; oDisplay1[5]  ; 8.488  ;        ;        ; 8.909  ;
; iEntrada[2] ; oDisplay1[6]  ; 8.451  ;        ;        ; 8.876  ;
; iEntrada[2] ; oDisplay2[0]  ; 8.089  ; 8.280  ; 8.333  ; 8.582  ;
; iEntrada[2] ; oDisplay2[1]  ; 8.155  ; 8.317  ; 8.399  ; 8.619  ;
; iEntrada[2] ; oDisplay2[2]  ; 8.057  ; 8.242  ; 8.301  ; 8.544  ;
; iEntrada[2] ; oDisplay2[3]  ; 8.081  ;        ;        ; 8.275  ;
; iEntrada[2] ; oDisplay2[4]  ; 8.814  ;        ;        ; 8.957  ;
; iEntrada[2] ; oDisplay2[5]  ; 8.033  ;        ;        ; 8.234  ;
; iEntrada[2] ; oDisplay2[6]  ; 9.009  ;        ;        ; 9.011  ;
; iEntrada[2] ; oDisplay3[0]  ;        ; 8.726  ; 8.824  ;        ;
; iEntrada[2] ; oDisplay3[2]  ;        ; 8.731  ; 8.796  ;        ;
; iEntrada[2] ; oDisplay3[3]  ;        ; 8.460  ; 8.930  ;        ;
; iEntrada[2] ; oDisplay3[4]  ;        ; 8.119  ; 8.636  ;        ;
; iEntrada[2] ; oDisplay3[5]  ;        ; 8.452  ; 8.881  ;        ;
; iEntrada[2] ; oDisplay3[6]  ;        ; 8.452  ; 8.523  ;        ;
; iEntrada[2] ; oDisplay4[0]  ; 8.116  ;        ;        ; 8.425  ;
; iEntrada[2] ; oDisplay4[1]  ; 8.192  ; 8.386  ; 8.440  ; 8.690  ;
; iEntrada[2] ; oDisplay4[2]  ; 7.953  ; 8.131  ; 8.201  ; 8.435  ;
; iEntrada[2] ; oDisplay4[3]  ; 8.505  ;        ;        ; 8.576  ;
; iEntrada[2] ; oDisplay4[5]  ;        ; 8.502  ; 8.893  ;        ;
; iEntrada[2] ; oDisplay4[6]  ; 8.257  ; 8.355  ; 8.505  ; 8.659  ;
; iEntrada[2] ; oDisplay5[0]  ; 8.908  ;        ;        ; 8.930  ;
; iEntrada[2] ; oDisplay5[1]  ; 8.125  ;        ;        ; 8.649  ;
; iEntrada[2] ; oDisplay5[2]  ; 8.139  ;        ;        ; 8.524  ;
; iEntrada[2] ; oDisplay5[3]  ; 8.736  ;        ;        ; 8.771  ;
; iEntrada[2] ; oDisplay5[4]  ; 7.986  ;        ;        ; 8.177  ;
; iEntrada[2] ; oDisplay5[6]  ; 8.929  ;        ;        ; 8.869  ;
; iEntrada[2] ; oDisplay6[0]  ;        ; 8.636  ; 8.686  ;        ;
; iEntrada[2] ; oDisplay6[3]  ;        ; 8.838  ; 8.882  ;        ;
; iEntrada[2] ; oDisplay6[4]  ;        ; 12.049 ; 11.330 ;        ;
; iEntrada[2] ; oDisplay6[5]  ;        ; 12.048 ; 11.322 ;        ;
; iEntrada[2] ; oDisplay6[6]  ;        ; 8.170  ; 8.225  ;        ;
; iEntrada[2] ; oLEDs_Gray[1] ; 9.883  ; 10.161 ; 10.137 ; 10.426 ;
; iEntrada[2] ; oLEDs_Gray[2] ; 10.923 ; 11.668 ; 11.176 ; 11.932 ;
; iEntrada[3] ; oDisplay1[0]  ; 7.934  ; 8.136  ; 8.230  ; 8.406  ;
; iEntrada[3] ; oDisplay1[1]  ; 8.020  ; 8.233  ; 8.316  ; 8.503  ;
; iEntrada[3] ; oDisplay1[2]  ; 7.841  ; 8.025  ; 8.137  ; 8.295  ;
; iEntrada[3] ; oDisplay1[3]  ; 8.293  ;        ;        ; 8.370  ;
; iEntrada[3] ; oDisplay1[4]  ; 7.800  ;        ;        ; 7.983  ;
; iEntrada[3] ; oDisplay1[5]  ; 7.812  ; 7.979  ; 8.109  ; 8.250  ;
; iEntrada[3] ; oDisplay1[6]  ;        ; 7.952  ; 8.079  ;        ;
; iEntrada[3] ; oDisplay2[0]  ; 7.536  ; 7.680  ; 7.834  ; 7.952  ;
; iEntrada[3] ; oDisplay2[1]  ; 7.602  ; 7.717  ; 7.900  ; 7.989  ;
; iEntrada[3] ; oDisplay2[2]  ; 7.504  ; 7.642  ; 7.802  ; 7.914  ;
; iEntrada[3] ; oDisplay2[3]  ;        ; 7.349  ; 7.697  ;        ;
; iEntrada[3] ; oDisplay2[4]  ;        ; 8.031  ; 8.430  ;        ;
; iEntrada[3] ; oDisplay2[5]  ;        ; 7.308  ; 7.649  ;        ;
; iEntrada[3] ; oDisplay2[6]  ;        ; 8.085  ; 8.625  ;        ;
; iEntrada[3] ; oDisplay3[0]  ; 8.026  ;        ;        ; 8.398  ;
; iEntrada[3] ; oDisplay3[2]  ; 7.998  ;        ;        ; 8.403  ;
; iEntrada[3] ; oDisplay3[3]  ; 8.001  ;        ;        ; 8.087  ;
; iEntrada[3] ; oDisplay3[4]  ; 7.705  ;        ;        ; 7.832  ;
; iEntrada[3] ; oDisplay3[5]  ; 7.952  ;        ;        ; 8.079  ;
; iEntrada[3] ; oDisplay3[6]  ; 7.725  ;        ;        ; 8.124  ;
; iEntrada[3] ; oDisplay4[0]  ; 7.412  ;        ;        ; 7.747  ;
; iEntrada[3] ; oDisplay4[1]  ; 7.615  ;        ;        ; 8.028  ;
; iEntrada[3] ; oDisplay4[2]  ; 7.376  ;        ;        ; 7.773  ;
; iEntrada[3] ; oDisplay4[3]  ; 7.812  ;        ;        ; 7.922  ;
; iEntrada[3] ; oDisplay4[5]  ; 7.934  ;        ;        ; 8.091  ;
; iEntrada[3] ; oDisplay4[6]  ; 7.680  ;        ;        ; 7.997  ;
; iEntrada[3] ; oDisplay5[0]  ; 8.216  ;        ;        ; 8.275  ;
; iEntrada[3] ; oDisplay5[1]  ; 7.542  ;        ;        ; 7.988  ;
; iEntrada[3] ; oDisplay5[2]  ; 7.433  ;        ;        ; 7.847  ;
; iEntrada[3] ; oDisplay5[3]  ; 8.044  ;        ;        ; 8.116  ;
; iEntrada[3] ; oDisplay5[4]  ; 7.294  ;        ;        ; 7.522  ;
; iEntrada[3] ; oDisplay5[6]  ; 8.237  ;        ;        ; 8.214  ;
; iEntrada[3] ; oDisplay6[0]  ;        ; 8.006  ; 8.154  ;        ;
; iEntrada[3] ; oDisplay6[3]  ;        ; 8.208  ; 8.350  ;        ;
; iEntrada[3] ; oDisplay6[4]  ;        ; 11.419 ; 10.798 ;        ;
; iEntrada[3] ; oDisplay6[5]  ;        ; 11.418 ; 10.790 ;        ;
; iEntrada[3] ; oDisplay6[6]  ;        ; 7.540  ; 7.693  ;        ;
; iEntrada[3] ; oLEDs_Gray[2] ; 10.251 ; 11.007 ; 10.551 ; 11.286 ;
; iEntrada[3] ; oLEDs_Gray[3] ; 7.609  ;        ;        ; 7.949  ;
+-------------+---------------+--------+--------+--------+--------+


+-------------------------------------------------------------+
; Minimum Propagation Delay                                   ;
+-------------+---------------+-------+-------+-------+-------+
; Input Port  ; Output Port   ; RR    ; RF    ; FR    ; FF    ;
+-------------+---------------+-------+-------+-------+-------+
; iEntrada[0] ; oDisplay1[0]  ; 3.802 ; 4.003 ; 4.334 ; 4.495 ;
; iEntrada[0] ; oDisplay1[1]  ; 3.841 ; 4.049 ; 4.373 ; 4.541 ;
; iEntrada[0] ; oDisplay1[2]  ; 3.755 ; 3.940 ; 4.287 ; 4.432 ;
; iEntrada[0] ; oDisplay1[3]  ; 4.076 ;       ;       ; 4.440 ;
; iEntrada[0] ; oDisplay1[4]  ; 3.875 ;       ;       ; 4.297 ;
; iEntrada[0] ; oDisplay1[5]  ; 3.747 ; 3.923 ; 4.279 ; 4.415 ;
; iEntrada[0] ; oDisplay1[6]  ;       ; 3.941 ; 4.321 ;       ;
; iEntrada[0] ; oDisplay2[0]  ; 3.609 ; 3.771 ; 4.140 ; 4.262 ;
; iEntrada[0] ; oDisplay2[1]  ; 3.634 ; 3.775 ; 4.165 ; 4.266 ;
; iEntrada[0] ; oDisplay2[2]  ; 3.594 ; 3.754 ; 4.125 ; 4.245 ;
; iEntrada[0] ; oDisplay2[3]  ; 3.665 ;       ;       ; 4.110 ;
; iEntrada[0] ; oDisplay2[4]  ; 4.039 ;       ;       ; 4.447 ;
; iEntrada[0] ; oDisplay2[5]  ; 3.637 ;       ;       ; 4.085 ;
; iEntrada[0] ; oDisplay2[6]  ; 4.115 ;       ;       ; 4.466 ;
; iEntrada[0] ; oDisplay3[0]  ; 3.776 ; 3.999 ; 4.309 ; 4.492 ;
; iEntrada[0] ; oDisplay3[2]  ; 3.776 ; 3.986 ; 4.309 ; 4.479 ;
; iEntrada[0] ; oDisplay3[3]  ; 3.955 ; 3.790 ; 4.486 ; 4.303 ;
; iEntrada[0] ; oDisplay3[4]  ; 3.815 ;       ;       ; 4.156 ;
; iEntrada[0] ; oDisplay3[5]  ; 3.956 ; 3.825 ; 4.487 ; 4.338 ;
; iEntrada[0] ; oDisplay3[6]  ; 3.678 ; 3.828 ; 4.211 ; 4.321 ;
; iEntrada[0] ; oDisplay4[0]  ;       ; 3.720 ; 4.162 ;       ;
; iEntrada[0] ; oDisplay4[1]  ; 3.650 ; 3.856 ; 4.185 ; 4.349 ;
; iEntrada[0] ; oDisplay4[2]  ; 3.540 ; 3.728 ; 4.075 ; 4.221 ;
; iEntrada[0] ; oDisplay4[3]  ;       ; 3.753 ; 4.427 ;       ;
; iEntrada[0] ; oDisplay4[5]  ; 3.954 ;       ;       ; 4.317 ;
; iEntrada[0] ; oDisplay4[6]  ; 3.676 ; 3.830 ; 4.211 ; 4.323 ;
; iEntrada[0] ; oDisplay5[0]  ; 4.094 ;       ;       ; 4.450 ;
; iEntrada[0] ; oDisplay5[1]  ; 3.667 ; 3.841 ; 4.202 ; 4.336 ;
; iEntrada[0] ; oDisplay5[2]  ;       ; 3.796 ; 4.202 ;       ;
; iEntrada[0] ; oDisplay5[3]  ; 3.998 ;       ;       ; 4.354 ;
; iEntrada[0] ; oDisplay5[4]  ; 3.650 ;       ;       ; 4.070 ;
; iEntrada[0] ; oDisplay5[6]  ; 4.100 ;       ;       ; 4.436 ;
; iEntrada[0] ; oLEDs_Gray[0] ; 4.937 ; 5.407 ; 5.463 ; 5.929 ;
; iEntrada[1] ; oDisplay1[0]  ; 3.832 ;       ;       ; 4.518 ;
; iEntrada[1] ; oDisplay1[1]  ; 3.871 ;       ;       ; 4.564 ;
; iEntrada[1] ; oDisplay1[2]  ; 3.785 ;       ;       ; 4.455 ;
; iEntrada[1] ; oDisplay1[3]  ; 4.044 ;       ;       ; 4.403 ;
; iEntrada[1] ; oDisplay1[4]  ; 3.843 ;       ;       ; 4.260 ;
; iEntrada[1] ; oDisplay1[5]  ; 3.777 ;       ;       ; 4.438 ;
; iEntrada[1] ; oDisplay1[6]  ; 3.760 ;       ;       ; 4.432 ;
; iEntrada[1] ; oDisplay2[0]  ; 3.639 ; 3.763 ; 4.165 ; 4.287 ;
; iEntrada[1] ; oDisplay2[1]  ; 3.664 ; 3.767 ; 4.190 ; 4.291 ;
; iEntrada[1] ; oDisplay2[2]  ; 3.624 ; 3.746 ; 4.150 ; 4.270 ;
; iEntrada[1] ; oDisplay2[3]  ; 3.634 ;       ;       ; 4.075 ;
; iEntrada[1] ; oDisplay2[4]  ; 4.008 ;       ;       ; 4.412 ;
; iEntrada[1] ; oDisplay2[5]  ; 3.606 ;       ;       ; 4.050 ;
; iEntrada[1] ; oDisplay2[6]  ; 4.084 ;       ;       ; 4.431 ;
; iEntrada[1] ; oDisplay3[0]  ; 3.797 ; 3.982 ; 4.324 ; 4.507 ;
; iEntrada[1] ; oDisplay3[2]  ; 3.797 ; 3.969 ; 4.324 ; 4.494 ;
; iEntrada[1] ; oDisplay3[3]  ; 3.914 ; 3.730 ; 4.438 ; 4.257 ;
; iEntrada[1] ; oDisplay3[4]  ;       ; 3.613 ; 4.291 ;       ;
; iEntrada[1] ; oDisplay3[5]  ; 3.915 ; 3.765 ; 4.439 ; 4.292 ;
; iEntrada[1] ; oDisplay3[6]  ; 3.699 ; 3.811 ; 4.226 ; 4.336 ;
; iEntrada[1] ; oDisplay4[0]  ;       ; 3.651 ; 4.084 ;       ;
; iEntrada[1] ; oDisplay4[1]  ; 3.621 ; 3.789 ; 4.144 ; 4.309 ;
; iEntrada[1] ; oDisplay4[2]  ; 3.511 ; 3.661 ; 4.034 ; 4.181 ;
; iEntrada[1] ; oDisplay4[3]  ;       ; 3.644 ; 4.324 ;       ;
; iEntrada[1] ; oDisplay4[5]  ; 3.881 ;       ;       ; 4.239 ;
; iEntrada[1] ; oDisplay4[6]  ; 3.647 ; 3.763 ; 4.170 ; 4.283 ;
; iEntrada[1] ; oDisplay5[0]  ;       ; 3.827 ; 4.526 ;       ;
; iEntrada[1] ; oDisplay5[1]  ; 3.642 ; 3.778 ; 4.166 ; 4.300 ;
; iEntrada[1] ; oDisplay5[2]  ; 3.582 ;       ;       ; 4.231 ;
; iEntrada[1] ; oDisplay5[3]  ;       ; 3.731 ; 4.430 ;       ;
; iEntrada[1] ; oDisplay5[4]  ;       ; 3.447 ; 4.082 ;       ;
; iEntrada[1] ; oDisplay5[6]  ;       ; 3.813 ; 4.532 ;       ;
; iEntrada[1] ; oDisplay6[0]  ;       ; 3.941 ; 4.303 ;       ;
; iEntrada[1] ; oDisplay6[3]  ;       ; 3.998 ; 4.377 ;       ;
; iEntrada[1] ; oDisplay6[4]  ;       ; 5.813 ; 5.738 ;       ;
; iEntrada[1] ; oDisplay6[5]  ;       ; 5.807 ; 5.734 ;       ;
; iEntrada[1] ; oDisplay6[6]  ;       ; 3.707 ; 4.078 ;       ;
; iEntrada[1] ; oLEDs_Gray[0] ; 4.978 ; 5.457 ; 5.503 ; 5.980 ;
; iEntrada[1] ; oLEDs_Gray[1] ; 4.187 ; 4.474 ; 4.719 ; 5.000 ;
; iEntrada[2] ; oDisplay1[0]  ; 3.928 ;       ;       ; 4.609 ;
; iEntrada[2] ; oDisplay1[1]  ; 3.967 ;       ;       ; 4.655 ;
; iEntrada[2] ; oDisplay1[2]  ; 3.881 ;       ;       ; 4.546 ;
; iEntrada[2] ; oDisplay1[3]  ; 4.165 ;       ;       ; 4.515 ;
; iEntrada[2] ; oDisplay1[4]  ; 3.964 ;       ;       ; 4.372 ;
; iEntrada[2] ; oDisplay1[5]  ; 3.896 ;       ;       ; 4.549 ;
; iEntrada[2] ; oDisplay1[6]  ; 3.878 ;       ;       ; 4.543 ;
; iEntrada[2] ; oDisplay2[0]  ; 3.734 ; 3.844 ; 4.255 ; 4.376 ;
; iEntrada[2] ; oDisplay2[1]  ; 3.759 ; 3.848 ; 4.280 ; 4.380 ;
; iEntrada[2] ; oDisplay2[2]  ; 3.719 ; 3.827 ; 4.240 ; 4.359 ;
; iEntrada[2] ; oDisplay2[3]  ; 3.754 ;       ;       ; 4.186 ;
; iEntrada[2] ; oDisplay2[4]  ; 4.128 ;       ;       ; 4.523 ;
; iEntrada[2] ; oDisplay2[5]  ; 3.726 ;       ;       ; 4.161 ;
; iEntrada[2] ; oDisplay2[6]  ; 4.204 ;       ;       ; 4.542 ;
; iEntrada[2] ; oDisplay3[0]  ;       ; 4.062 ; 4.413 ;       ;
; iEntrada[2] ; oDisplay3[2]  ;       ; 4.049 ; 4.413 ;       ;
; iEntrada[2] ; oDisplay3[3]  ;       ; 3.848 ; 4.547 ;       ;
; iEntrada[2] ; oDisplay3[4]  ;       ; 3.726 ; 4.399 ;       ;
; iEntrada[2] ; oDisplay3[5]  ;       ; 3.883 ; 4.548 ;       ;
; iEntrada[2] ; oDisplay3[6]  ;       ; 3.891 ; 4.315 ;       ;
; iEntrada[2] ; oDisplay4[0]  ; 3.695 ;       ;       ; 4.302 ;
; iEntrada[2] ; oDisplay4[1]  ; 3.756 ; 3.909 ; 4.277 ; 4.442 ;
; iEntrada[2] ; oDisplay4[2]  ; 3.646 ; 3.781 ; 4.167 ; 4.314 ;
; iEntrada[2] ; oDisplay4[3]  ; 3.962 ;       ;       ; 4.320 ;
; iEntrada[2] ; oDisplay4[5]  ;       ; 3.874 ; 4.555 ;       ;
; iEntrada[2] ; oDisplay4[6]  ; 3.782 ; 3.883 ; 4.303 ; 4.416 ;
; iEntrada[2] ; oDisplay5[0]  ; 4.164 ;       ;       ; 4.503 ;
; iEntrada[2] ; oDisplay5[1]  ; 3.773 ;       ;       ; 4.428 ;
; iEntrada[2] ; oDisplay5[2]  ; 3.737 ;       ;       ; 4.380 ;
; iEntrada[2] ; oDisplay5[3]  ; 4.068 ;       ;       ; 4.407 ;
; iEntrada[2] ; oDisplay5[4]  ; 3.720 ;       ;       ; 4.123 ;
; iEntrada[2] ; oDisplay5[6]  ; 4.170 ;       ;       ; 4.489 ;
; iEntrada[2] ; oDisplay6[0]  ;       ; 4.048 ; 4.421 ;       ;
; iEntrada[2] ; oDisplay6[3]  ;       ; 4.105 ; 4.495 ;       ;
; iEntrada[2] ; oDisplay6[4]  ;       ; 5.920 ; 5.856 ;       ;
; iEntrada[2] ; oDisplay6[5]  ;       ; 5.914 ; 5.852 ;       ;
; iEntrada[2] ; oDisplay6[6]  ;       ; 3.814 ; 4.196 ;       ;
; iEntrada[2] ; oLEDs_Gray[1] ; 4.441 ; 4.737 ; 4.958 ; 5.251 ;
; iEntrada[2] ; oLEDs_Gray[2] ; 5.111 ; 5.643 ; 5.628 ; 6.157 ;
; iEntrada[3] ; oDisplay1[0]  ; 3.699 ; 3.853 ; 4.221 ; 4.369 ;
; iEntrada[3] ; oDisplay1[1]  ; 3.738 ; 3.899 ; 4.260 ; 4.415 ;
; iEntrada[3] ; oDisplay1[2]  ; 3.652 ; 3.790 ; 4.174 ; 4.306 ;
; iEntrada[3] ; oDisplay1[3]  ; 3.899 ;       ;       ; 4.269 ;
; iEntrada[3] ; oDisplay1[4]  ; 3.698 ;       ;       ; 4.126 ;
; iEntrada[3] ; oDisplay1[5]  ; 3.642 ; 3.771 ; 4.165 ; 4.288 ;
; iEntrada[3] ; oDisplay1[6]  ;       ; 3.763 ; 4.150 ;       ;
; iEntrada[3] ; oDisplay2[0]  ; 3.504 ; 3.619 ; 4.028 ; 4.137 ;
; iEntrada[3] ; oDisplay2[1]  ; 3.529 ; 3.623 ; 4.053 ; 4.141 ;
; iEntrada[3] ; oDisplay2[2]  ; 3.489 ; 3.602 ; 4.013 ; 4.120 ;
; iEntrada[3] ; oDisplay2[3]  ;       ; 3.412 ; 4.011 ;       ;
; iEntrada[3] ; oDisplay2[4]  ;       ; 3.749 ; 4.385 ;       ;
; iEntrada[3] ; oDisplay2[5]  ;       ; 3.387 ; 3.983 ;       ;
; iEntrada[3] ; oDisplay2[6]  ;       ; 3.768 ; 4.461 ;       ;
; iEntrada[3] ; oDisplay3[0]  ; 3.661 ;       ;       ; 4.354 ;
; iEntrada[3] ; oDisplay3[2]  ; 3.661 ;       ;       ; 4.341 ;
; iEntrada[3] ; oDisplay3[3]  ; 3.766 ;       ;       ; 4.119 ;
; iEntrada[3] ; oDisplay3[4]  ; 3.614 ;       ;       ; 3.990 ;
; iEntrada[3] ; oDisplay3[5]  ; 3.767 ;       ;       ; 4.154 ;
; iEntrada[3] ; oDisplay3[6]  ; 3.563 ;       ;       ; 4.183 ;
; iEntrada[3] ; oDisplay4[0]  ; 3.411 ;       ;       ; 4.016 ;
; iEntrada[3] ; oDisplay4[1]  ; 3.499 ;       ;       ; 4.173 ;
; iEntrada[3] ; oDisplay4[2]  ; 3.389 ;       ;       ; 4.045 ;
; iEntrada[3] ; oDisplay4[3]  ; 3.669 ;       ;       ; 4.046 ;
; iEntrada[3] ; oDisplay4[5]  ; 3.749 ;       ;       ; 4.116 ;
; iEntrada[3] ; oDisplay4[6]  ; 3.525 ;       ;       ; 4.147 ;
; iEntrada[3] ; oDisplay5[0]  ; 3.871 ;       ;       ; 4.229 ;
; iEntrada[3] ; oDisplay5[1]  ; 3.517 ;       ;       ; 4.159 ;
; iEntrada[3] ; oDisplay5[2]  ; 3.454 ;       ;       ; 4.094 ;
; iEntrada[3] ; oDisplay5[3]  ; 3.775 ;       ;       ; 4.133 ;
; iEntrada[3] ; oDisplay5[4]  ; 3.427 ;       ;       ; 3.849 ;
; iEntrada[3] ; oDisplay5[6]  ; 3.877 ;       ;       ; 4.215 ;
; iEntrada[3] ; oDisplay6[0]  ;       ; 3.796 ; 4.164 ;       ;
; iEntrada[3] ; oDisplay6[3]  ;       ; 3.853 ; 4.238 ;       ;
; iEntrada[3] ; oDisplay6[4]  ;       ; 5.668 ; 5.599 ;       ;
; iEntrada[3] ; oDisplay6[5]  ;       ; 5.662 ; 5.595 ;       ;
; iEntrada[3] ; oDisplay6[6]  ;       ; 3.562 ; 3.939 ;       ;
; iEntrada[3] ; oLEDs_Gray[2] ; 4.854 ; 5.376 ; 5.381 ; 5.899 ;
; iEntrada[3] ; oLEDs_Gray[3] ; 3.499 ;       ;       ; 4.150 ;
+-------------+---------------+-------+-------+-------+-------+


+------------------------------------------------------------------------------------------------------------------------------------------------------------------------------------------------------------------------------------------------------------------------------------------------------------------------------------------------------------------------------------------------------------------+
; Board Trace Model Assignments                                                                                                                                                                                                                                                                                                                                                                                    ;
+---------------+--------------+-------------------+-------------------------+-------------------------+---------------+---------------------+----------------+------------------+--------+------------------+------------------------+------------------------+--------------+---------------+-----------------+-------+---------------------+--------------------+---------------+-----------------+-------------+
; Pin           ; I/O Standard ; Near Tline Length ; Near Tline L per Length ; Near Tline C per Length ; Near Series R ; Near Differential R ; Near Pull-up R ; Near Pull-down R ; Near C ; Far Tline Length ; Far Tline L per Length ; Far Tline C per Length ; Far Series R ; Far Pull-up R ; Far Pull-down R ; Far C ; Termination Voltage ; Far Differential R ; EBD File Name ; EBD Signal Name ; EBD Far-end ;
+---------------+--------------+-------------------+-------------------------+-------------------------+---------------+---------------------+----------------+------------------+--------+------------------+------------------------+------------------------+--------------+---------------+-----------------+-------+---------------------+--------------------+---------------+-----------------+-------------+
; oDisplay1[0]  ; 2.5 V        ; 0 in              ; 0 H/in                  ; 0 F/in                  ; short         ; -                   ; open           ; open             ; open   ; 0 in             ; 0 H/in                 ; 0 F/in                 ; short        ; open          ; open            ; open  ; 0 V                 ; -                  ; n/a           ; n/a             ; n/a         ;
; oDisplay1[1]  ; 2.5 V        ; 0 in              ; 0 H/in                  ; 0 F/in                  ; short         ; -                   ; open           ; open             ; open   ; 0 in             ; 0 H/in                 ; 0 F/in                 ; short        ; open          ; open            ; open  ; 0 V                 ; -                  ; n/a           ; n/a             ; n/a         ;
; oDisplay1[2]  ; 2.5 V        ; 0 in              ; 0 H/in                  ; 0 F/in                  ; short         ; -                   ; open           ; open             ; open   ; 0 in             ; 0 H/in                 ; 0 F/in                 ; short        ; open          ; open            ; open  ; 0 V                 ; -                  ; n/a           ; n/a             ; n/a         ;
; oDisplay1[3]  ; 2.5 V        ; 0 in              ; 0 H/in                  ; 0 F/in                  ; short         ; -                   ; open           ; open             ; open   ; 0 in             ; 0 H/in                 ; 0 F/in                 ; short        ; open          ; open            ; open  ; 0 V                 ; -                  ; n/a           ; n/a             ; n/a         ;
; oDisplay1[4]  ; 2.5 V        ; 0 in              ; 0 H/in                  ; 0 F/in                  ; short         ; -                   ; open           ; open             ; open   ; 0 in             ; 0 H/in                 ; 0 F/in                 ; short        ; open          ; open            ; open  ; 0 V                 ; -                  ; n/a           ; n/a             ; n/a         ;
; oDisplay1[5]  ; 2.5 V        ; 0 in              ; 0 H/in                  ; 0 F/in                  ; short         ; -                   ; open           ; open             ; open   ; 0 in             ; 0 H/in                 ; 0 F/in                 ; short        ; open          ; open            ; open  ; 0 V                 ; -                  ; n/a           ; n/a             ; n/a         ;
; oDisplay1[6]  ; 2.5 V        ; 0 in              ; 0 H/in                  ; 0 F/in                  ; short         ; -                   ; open           ; open             ; open   ; 0 in             ; 0 H/in                 ; 0 F/in                 ; short        ; open          ; open            ; open  ; 0 V                 ; -                  ; n/a           ; n/a             ; n/a         ;
; oDisplay2[0]  ; 2.5 V        ; 0 in              ; 0 H/in                  ; 0 F/in                  ; short         ; -                   ; open           ; open             ; open   ; 0 in             ; 0 H/in                 ; 0 F/in                 ; short        ; open          ; open            ; open  ; 0 V                 ; -                  ; n/a           ; n/a             ; n/a         ;
; oDisplay2[1]  ; 2.5 V        ; 0 in              ; 0 H/in                  ; 0 F/in                  ; short         ; -                   ; open           ; open             ; open   ; 0 in             ; 0 H/in                 ; 0 F/in                 ; short        ; open          ; open            ; open  ; 0 V                 ; -                  ; n/a           ; n/a             ; n/a         ;
; oDisplay2[2]  ; 2.5 V        ; 0 in              ; 0 H/in                  ; 0 F/in                  ; short         ; -                   ; open           ; open             ; open   ; 0 in             ; 0 H/in                 ; 0 F/in                 ; short        ; open          ; open            ; open  ; 0 V                 ; -                  ; n/a           ; n/a             ; n/a         ;
; oDisplay2[3]  ; 2.5 V        ; 0 in              ; 0 H/in                  ; 0 F/in                  ; short         ; -                   ; open           ; open             ; open   ; 0 in             ; 0 H/in                 ; 0 F/in                 ; short        ; open          ; open            ; open  ; 0 V                 ; -                  ; n/a           ; n/a             ; n/a         ;
; oDisplay2[4]  ; 2.5 V        ; 0 in              ; 0 H/in                  ; 0 F/in                  ; short         ; -                   ; open           ; open             ; open   ; 0 in             ; 0 H/in                 ; 0 F/in                 ; short        ; open          ; open            ; open  ; 0 V                 ; -                  ; n/a           ; n/a             ; n/a         ;
; oDisplay2[5]  ; 2.5 V        ; 0 in              ; 0 H/in                  ; 0 F/in                  ; short         ; -                   ; open           ; open             ; open   ; 0 in             ; 0 H/in                 ; 0 F/in                 ; short        ; open          ; open            ; open  ; 0 V                 ; -                  ; n/a           ; n/a             ; n/a         ;
; oDisplay2[6]  ; 2.5 V        ; 0 in              ; 0 H/in                  ; 0 F/in                  ; short         ; -                   ; open           ; open             ; open   ; 0 in             ; 0 H/in                 ; 0 F/in                 ; short        ; open          ; open            ; open  ; 0 V                 ; -                  ; n/a           ; n/a             ; n/a         ;
; oDisplay3[0]  ; 2.5 V        ; 0 in              ; 0 H/in                  ; 0 F/in                  ; short         ; -                   ; open           ; open             ; open   ; 0 in             ; 0 H/in                 ; 0 F/in                 ; short        ; open          ; open            ; open  ; 0 V                 ; -                  ; n/a           ; n/a             ; n/a         ;
; oDisplay3[1]  ; 2.5 V        ; 0 in              ; 0 H/in                  ; 0 F/in                  ; short         ; -                   ; open           ; open             ; open   ; 0 in             ; 0 H/in                 ; 0 F/in                 ; short        ; open          ; open            ; open  ; 0 V                 ; -                  ; n/a           ; n/a             ; n/a         ;
; oDisplay3[2]  ; 2.5 V        ; 0 in              ; 0 H/in                  ; 0 F/in                  ; short         ; -                   ; open           ; open             ; open   ; 0 in             ; 0 H/in                 ; 0 F/in                 ; short        ; open          ; open            ; open  ; 0 V                 ; -                  ; n/a           ; n/a             ; n/a         ;
; oDisplay3[3]  ; 2.5 V        ; 0 in              ; 0 H/in                  ; 0 F/in                  ; short         ; -                   ; open           ; open             ; open   ; 0 in             ; 0 H/in                 ; 0 F/in                 ; short        ; open          ; open            ; open  ; 0 V                 ; -                  ; n/a           ; n/a             ; n/a         ;
; oDisplay3[4]  ; 2.5 V        ; 0 in              ; 0 H/in                  ; 0 F/in                  ; short         ; -                   ; open           ; open             ; open   ; 0 in             ; 0 H/in                 ; 0 F/in                 ; short        ; open          ; open            ; open  ; 0 V                 ; -                  ; n/a           ; n/a             ; n/a         ;
; oDisplay3[5]  ; 2.5 V        ; 0 in              ; 0 H/in                  ; 0 F/in                  ; short         ; -                   ; open           ; open             ; open   ; 0 in             ; 0 H/in                 ; 0 F/in                 ; short        ; open          ; open            ; open  ; 0 V                 ; -                  ; n/a           ; n/a             ; n/a         ;
; oDisplay3[6]  ; 2.5 V        ; 0 in              ; 0 H/in                  ; 0 F/in                  ; short         ; -                   ; open           ; open             ; open   ; 0 in             ; 0 H/in                 ; 0 F/in                 ; short        ; open          ; open            ; open  ; 0 V                 ; -                  ; n/a           ; n/a             ; n/a         ;
; oDisplay4[0]  ; 2.5 V        ; 0 in              ; 0 H/in                  ; 0 F/in                  ; short         ; -                   ; open           ; open             ; open   ; 0 in             ; 0 H/in                 ; 0 F/in                 ; short        ; open          ; open            ; open  ; 0 V                 ; -                  ; n/a           ; n/a             ; n/a         ;
; oDisplay4[1]  ; 2.5 V        ; 0 in              ; 0 H/in                  ; 0 F/in                  ; short         ; -                   ; open           ; open             ; open   ; 0 in             ; 0 H/in                 ; 0 F/in                 ; short        ; open          ; open            ; open  ; 0 V                 ; -                  ; n/a           ; n/a             ; n/a         ;
; oDisplay4[2]  ; 2.5 V        ; 0 in              ; 0 H/in                  ; 0 F/in                  ; short         ; -                   ; open           ; open             ; open   ; 0 in             ; 0 H/in                 ; 0 F/in                 ; short        ; open          ; open            ; open  ; 0 V                 ; -                  ; n/a           ; n/a             ; n/a         ;
; oDisplay4[3]  ; 2.5 V        ; 0 in              ; 0 H/in                  ; 0 F/in                  ; short         ; -                   ; open           ; open             ; open   ; 0 in             ; 0 H/in                 ; 0 F/in                 ; short        ; open          ; open            ; open  ; 0 V                 ; -                  ; n/a           ; n/a             ; n/a         ;
; oDisplay4[4]  ; 2.5 V        ; 0 in              ; 0 H/in                  ; 0 F/in                  ; short         ; -                   ; open           ; open             ; open   ; 0 in             ; 0 H/in                 ; 0 F/in                 ; short        ; open          ; open            ; open  ; 0 V                 ; -                  ; n/a           ; n/a             ; n/a         ;
; oDisplay4[5]  ; 2.5 V        ; 0 in              ; 0 H/in                  ; 0 F/in                  ; short         ; -                   ; open           ; open             ; open   ; 0 in             ; 0 H/in                 ; 0 F/in                 ; short        ; open          ; open            ; open  ; 0 V                 ; -                  ; n/a           ; n/a             ; n/a         ;
; oDisplay4[6]  ; 2.5 V        ; 0 in              ; 0 H/in                  ; 0 F/in                  ; short         ; -                   ; open           ; open             ; open   ; 0 in             ; 0 H/in                 ; 0 F/in                 ; short        ; open          ; open            ; open  ; 0 V                 ; -                  ; n/a           ; n/a             ; n/a         ;
; oDisplay5[0]  ; 2.5 V        ; 0 in              ; 0 H/in                  ; 0 F/in                  ; short         ; -                   ; open           ; open             ; open   ; 0 in             ; 0 H/in                 ; 0 F/in                 ; short        ; open          ; open            ; open  ; 0 V                 ; -                  ; n/a           ; n/a             ; n/a         ;
; oDisplay5[1]  ; 2.5 V        ; 0 in              ; 0 H/in                  ; 0 F/in                  ; short         ; -                   ; open           ; open             ; open   ; 0 in             ; 0 H/in                 ; 0 F/in                 ; short        ; open          ; open            ; open  ; 0 V                 ; -                  ; n/a           ; n/a             ; n/a         ;
; oDisplay5[2]  ; 2.5 V        ; 0 in              ; 0 H/in                  ; 0 F/in                  ; short         ; -                   ; open           ; open             ; open   ; 0 in             ; 0 H/in                 ; 0 F/in                 ; short        ; open          ; open            ; open  ; 0 V                 ; -                  ; n/a           ; n/a             ; n/a         ;
; oDisplay5[3]  ; 2.5 V        ; 0 in              ; 0 H/in                  ; 0 F/in                  ; short         ; -                   ; open           ; open             ; open   ; 0 in             ; 0 H/in                 ; 0 F/in                 ; short        ; open          ; open            ; open  ; 0 V                 ; -                  ; n/a           ; n/a             ; n/a         ;
; oDisplay5[4]  ; 2.5 V        ; 0 in              ; 0 H/in                  ; 0 F/in                  ; short         ; -                   ; open           ; open             ; open   ; 0 in             ; 0 H/in                 ; 0 F/in                 ; short        ; open          ; open            ; open  ; 0 V                 ; -                  ; n/a           ; n/a             ; n/a         ;
; oDisplay5[5]  ; 2.5 V        ; 0 in              ; 0 H/in                  ; 0 F/in                  ; short         ; -                   ; open           ; open             ; open   ; 0 in             ; 0 H/in                 ; 0 F/in                 ; short        ; open          ; open            ; open  ; 0 V                 ; -                  ; n/a           ; n/a             ; n/a         ;
; oDisplay5[6]  ; 2.5 V        ; 0 in              ; 0 H/in                  ; 0 F/in                  ; short         ; -                   ; open           ; open             ; open   ; 0 in             ; 0 H/in                 ; 0 F/in                 ; short        ; open          ; open            ; open  ; 0 V                 ; -                  ; n/a           ; n/a             ; n/a         ;
; oDisplay6[0]  ; 2.5 V        ; 0 in              ; 0 H/in                  ; 0 F/in                  ; short         ; -                   ; open           ; open             ; open   ; 0 in             ; 0 H/in                 ; 0 F/in                 ; short        ; open          ; open            ; open  ; 0 V                 ; -                  ; n/a           ; n/a             ; n/a         ;
; oDisplay6[1]  ; 2.5 V        ; 0 in              ; 0 H/in                  ; 0 F/in                  ; short         ; -                   ; open           ; open             ; open   ; 0 in             ; 0 H/in                 ; 0 F/in                 ; short        ; open          ; open            ; open  ; 0 V                 ; -                  ; n/a           ; n/a             ; n/a         ;
; oDisplay6[2]  ; 2.5 V        ; 0 in              ; 0 H/in                  ; 0 F/in                  ; short         ; -                   ; open           ; open             ; open   ; 0 in             ; 0 H/in                 ; 0 F/in                 ; short        ; open          ; open            ; open  ; 0 V                 ; -                  ; n/a           ; n/a             ; n/a         ;
; oDisplay6[3]  ; 2.5 V        ; 0 in              ; 0 H/in                  ; 0 F/in                  ; short         ; -                   ; open           ; open             ; open   ; 0 in             ; 0 H/in                 ; 0 F/in                 ; short        ; open          ; open            ; open  ; 0 V                 ; -                  ; n/a           ; n/a             ; n/a         ;
; oDisplay6[4]  ; 2.5 V        ; 0 in              ; 0 H/in                  ; 0 F/in                  ; short         ; -                   ; open           ; open             ; open   ; 0 in             ; 0 H/in                 ; 0 F/in                 ; short        ; open          ; open            ; open  ; 0 V                 ; -                  ; n/a           ; n/a             ; n/a         ;
; oDisplay6[5]  ; 2.5 V        ; 0 in              ; 0 H/in                  ; 0 F/in                  ; short         ; -                   ; open           ; open             ; open   ; 0 in             ; 0 H/in                 ; 0 F/in                 ; short        ; open          ; open            ; open  ; 0 V                 ; -                  ; n/a           ; n/a             ; n/a         ;
; oDisplay6[6]  ; 2.5 V        ; 0 in              ; 0 H/in                  ; 0 F/in                  ; short         ; -                   ; open           ; open             ; open   ; 0 in             ; 0 H/in                 ; 0 F/in                 ; short        ; open          ; open            ; open  ; 0 V                 ; -                  ; n/a           ; n/a             ; n/a         ;
; oLEDs_Gray[0] ; 2.5 V        ; 0 in              ; 0 H/in                  ; 0 F/in                  ; short         ; -                   ; open           ; open             ; open   ; 0 in             ; 0 H/in                 ; 0 F/in                 ; short        ; open          ; open            ; open  ; 0 V                 ; -                  ; n/a           ; n/a             ; n/a         ;
; oLEDs_Gray[1] ; 2.5 V        ; 0 in              ; 0 H/in                  ; 0 F/in                  ; short         ; -                   ; open           ; open             ; open   ; 0 in             ; 0 H/in                 ; 0 F/in                 ; short        ; open          ; open            ; open  ; 0 V                 ; -                  ; n/a           ; n/a             ; n/a         ;
; oLEDs_Gray[2] ; 2.5 V        ; 0 in              ; 0 H/in                  ; 0 F/in                  ; short         ; -                   ; open           ; open             ; open   ; 0 in             ; 0 H/in                 ; 0 F/in                 ; short        ; open          ; open            ; open  ; 0 V                 ; -                  ; n/a           ; n/a             ; n/a         ;
; oLEDs_Gray[3] ; 2.5 V        ; 0 in              ; 0 H/in                  ; 0 F/in                  ; short         ; -                   ; open           ; open             ; open   ; 0 in             ; 0 H/in                 ; 0 F/in                 ; short        ; open          ; open            ; open  ; 0 V                 ; -                  ; n/a           ; n/a             ; n/a         ;
+---------------+--------------+-------------------+-------------------------+-------------------------+---------------+---------------------+----------------+------------------+--------+------------------+------------------------+------------------------+--------------+---------------+-----------------+-------+---------------------+--------------------+---------------+-----------------+-------------+


+----------------------------------------------------------------+
; Input Transition Times                                         ;
+-------------+--------------+-----------------+-----------------+
; Pin         ; I/O Standard ; 10-90 Rise Time ; 90-10 Fall Time ;
+-------------+--------------+-----------------+-----------------+
; iEntrada[0] ; 2.5 V        ; 2000 ps         ; 2000 ps         ;
; iEntrada[3] ; 2.5 V        ; 2000 ps         ; 2000 ps         ;
; iEntrada[1] ; 2.5 V        ; 2000 ps         ; 2000 ps         ;
; iEntrada[2] ; 2.5 V        ; 2000 ps         ; 2000 ps         ;
+-------------+--------------+-----------------+-----------------+


+--------------------------------------------------------------------------------------------------------------------------------------------------------------------------------------------------------------------------------------------------------------------------------------------------------------------------------------------------------------------------------------------------------------------------------------------------------------------------------------------------------------------------------------------------------------------------------------------------------------------------------------------------------------------------------------------+
; Signal Integrity Metrics (Slow 1100mv 0c Model)                                                                                                                                                                                                                                                                                                                                                                                                                                                                                                                                                                                                                                            ;
+---------------+--------------+---------------------+---------------------+------------------------------+------------------------------+---------------------+---------------------+--------------------------------------+--------------------------------------+-----------------------------+-----------------------------+----------------------------+----------------------------+-----------------------------+-----------------------------+--------------------+--------------------+-------------------------------------+-------------------------------------+----------------------------+----------------------------+---------------------------+---------------------------+
; Pin           ; I/O Standard ; Board Delay on Rise ; Board Delay on Fall ; Steady State Voh at FPGA Pin ; Steady State Vol at FPGA Pin ; Voh Max at FPGA Pin ; Vol Min at FPGA Pin ; Ringback Voltage on Rise at FPGA Pin ; Ringback Voltage on Fall at FPGA Pin ; 10-90 Rise Time at FPGA Pin ; 90-10 Fall Time at FPGA Pin ; Monotonic Rise at FPGA Pin ; Monotonic Fall at FPGA Pin ; Steady State Voh at Far-end ; Steady State Vol at Far-end ; Voh Max at Far-end ; Vol Min at Far-end ; Ringback Voltage on Rise at Far-end ; Ringback Voltage on Fall at Far-end ; 10-90 Rise Time at Far-end ; 90-10 Fall Time at Far-end ; Monotonic Rise at Far-end ; Monotonic Fall at Far-end ;
+---------------+--------------+---------------------+---------------------+------------------------------+------------------------------+---------------------+---------------------+--------------------------------------+--------------------------------------+-----------------------------+-----------------------------+----------------------------+----------------------------+-----------------------------+-----------------------------+--------------------+--------------------+-------------------------------------+-------------------------------------+----------------------------+----------------------------+---------------------------+---------------------------+
; oDisplay1[0]  ; 2.5 V        ; 0 s                 ; 0 s                 ; 2.32 V                       ; 2.15e-07 V                   ; 2.41 V              ; -0.0495 V           ; 0.18 V                               ; 0.115 V                              ; 4.54e-10 s                  ; 4.44e-10 s                  ; No                         ; Yes                        ; 2.32 V                      ; 2.15e-07 V                  ; 2.41 V             ; -0.0495 V          ; 0.18 V                              ; 0.115 V                             ; 4.54e-10 s                 ; 4.44e-10 s                 ; No                        ; Yes                       ;
; oDisplay1[1]  ; 2.5 V        ; 0 s                 ; 0 s                 ; 2.32 V                       ; 2.15e-07 V                   ; 2.41 V              ; -0.0492 V           ; 0.181 V                              ; 0.116 V                              ; 4.54e-10 s                  ; 4.44e-10 s                  ; No                         ; Yes                        ; 2.32 V                      ; 2.15e-07 V                  ; 2.41 V             ; -0.0492 V          ; 0.181 V                             ; 0.116 V                             ; 4.54e-10 s                 ; 4.44e-10 s                 ; No                        ; Yes                       ;
; oDisplay1[2]  ; 2.5 V        ; 0 s                 ; 0 s                 ; 2.32 V                       ; 2.15e-07 V                   ; 2.41 V              ; -0.0492 V           ; 0.181 V                              ; 0.116 V                              ; 4.54e-10 s                  ; 4.44e-10 s                  ; No                         ; Yes                        ; 2.32 V                      ; 2.15e-07 V                  ; 2.41 V             ; -0.0492 V          ; 0.181 V                             ; 0.116 V                             ; 4.54e-10 s                 ; 4.44e-10 s                 ; No                        ; Yes                       ;
; oDisplay1[3]  ; 2.5 V        ; 0 s                 ; 0 s                 ; 2.32 V                       ; 2.15e-07 V                   ; 2.41 V              ; -0.0492 V           ; 0.181 V                              ; 0.116 V                              ; 4.54e-10 s                  ; 4.44e-10 s                  ; No                         ; Yes                        ; 2.32 V                      ; 2.15e-07 V                  ; 2.41 V             ; -0.0492 V          ; 0.181 V                             ; 0.116 V                             ; 4.54e-10 s                 ; 4.44e-10 s                 ; No                        ; Yes                       ;
; oDisplay1[4]  ; 2.5 V        ; 0 s                 ; 0 s                 ; 2.32 V                       ; 2.15e-07 V                   ; 2.41 V              ; -0.0495 V           ; 0.18 V                               ; 0.115 V                              ; 4.54e-10 s                  ; 4.44e-10 s                  ; No                         ; Yes                        ; 2.32 V                      ; 2.15e-07 V                  ; 2.41 V             ; -0.0495 V          ; 0.18 V                              ; 0.115 V                             ; 4.54e-10 s                 ; 4.44e-10 s                 ; No                        ; Yes                       ;
; oDisplay1[5]  ; 2.5 V        ; 0 s                 ; 0 s                 ; 2.32 V                       ; 2.15e-07 V                   ; 2.41 V              ; -0.0495 V           ; 0.18 V                               ; 0.115 V                              ; 4.54e-10 s                  ; 4.44e-10 s                  ; No                         ; Yes                        ; 2.32 V                      ; 2.15e-07 V                  ; 2.41 V             ; -0.0495 V          ; 0.18 V                              ; 0.115 V                             ; 4.54e-10 s                 ; 4.44e-10 s                 ; No                        ; Yes                       ;
; oDisplay1[6]  ; 2.5 V        ; 0 s                 ; 0 s                 ; 2.32 V                       ; 2.15e-07 V                   ; 2.41 V              ; -0.0492 V           ; 0.181 V                              ; 0.116 V                              ; 4.54e-10 s                  ; 4.44e-10 s                  ; No                         ; Yes                        ; 2.32 V                      ; 2.15e-07 V                  ; 2.41 V             ; -0.0492 V          ; 0.181 V                             ; 0.116 V                             ; 4.54e-10 s                 ; 4.44e-10 s                 ; No                        ; Yes                       ;
; oDisplay2[0]  ; 2.5 V        ; 0 s                 ; 0 s                 ; 2.32 V                       ; 2.15e-07 V                   ; 2.41 V              ; -0.0492 V           ; 0.181 V                              ; 0.116 V                              ; 4.54e-10 s                  ; 4.44e-10 s                  ; No                         ; Yes                        ; 2.32 V                      ; 2.15e-07 V                  ; 2.41 V             ; -0.0492 V          ; 0.181 V                             ; 0.116 V                             ; 4.54e-10 s                 ; 4.44e-10 s                 ; No                        ; Yes                       ;
; oDisplay2[1]  ; 2.5 V        ; 0 s                 ; 0 s                 ; 2.32 V                       ; 2.15e-07 V                   ; 2.41 V              ; -0.0495 V           ; 0.18 V                               ; 0.115 V                              ; 4.54e-10 s                  ; 4.44e-10 s                  ; No                         ; Yes                        ; 2.32 V                      ; 2.15e-07 V                  ; 2.41 V             ; -0.0495 V          ; 0.18 V                              ; 0.115 V                             ; 4.54e-10 s                 ; 4.44e-10 s                 ; No                        ; Yes                       ;
; oDisplay2[2]  ; 2.5 V        ; 0 s                 ; 0 s                 ; 2.32 V                       ; 2.15e-07 V                   ; 2.41 V              ; -0.0495 V           ; 0.18 V                               ; 0.115 V                              ; 4.54e-10 s                  ; 4.44e-10 s                  ; No                         ; Yes                        ; 2.32 V                      ; 2.15e-07 V                  ; 2.41 V             ; -0.0495 V          ; 0.18 V                              ; 0.115 V                             ; 4.54e-10 s                 ; 4.44e-10 s                 ; No                        ; Yes                       ;
; oDisplay2[3]  ; 2.5 V        ; 0 s                 ; 0 s                 ; 2.32 V                       ; 2.15e-07 V                   ; 2.41 V              ; -0.0492 V           ; 0.181 V                              ; 0.116 V                              ; 4.54e-10 s                  ; 4.44e-10 s                  ; No                         ; Yes                        ; 2.32 V                      ; 2.15e-07 V                  ; 2.41 V             ; -0.0492 V          ; 0.181 V                             ; 0.116 V                             ; 4.54e-10 s                 ; 4.44e-10 s                 ; No                        ; Yes                       ;
; oDisplay2[4]  ; 2.5 V        ; 0 s                 ; 0 s                 ; 2.32 V                       ; 2.15e-07 V                   ; 2.41 V              ; -0.0492 V           ; 0.181 V                              ; 0.116 V                              ; 4.54e-10 s                  ; 4.44e-10 s                  ; No                         ; Yes                        ; 2.32 V                      ; 2.15e-07 V                  ; 2.41 V             ; -0.0492 V          ; 0.181 V                             ; 0.116 V                             ; 4.54e-10 s                 ; 4.44e-10 s                 ; No                        ; Yes                       ;
; oDisplay2[5]  ; 2.5 V        ; 0 s                 ; 0 s                 ; 2.32 V                       ; 2.15e-07 V                   ; 2.41 V              ; -0.0495 V           ; 0.18 V                               ; 0.115 V                              ; 4.54e-10 s                  ; 4.44e-10 s                  ; No                         ; Yes                        ; 2.32 V                      ; 2.15e-07 V                  ; 2.41 V             ; -0.0495 V          ; 0.18 V                              ; 0.115 V                             ; 4.54e-10 s                 ; 4.44e-10 s                 ; No                        ; Yes                       ;
; oDisplay2[6]  ; 2.5 V        ; 0 s                 ; 0 s                 ; 2.32 V                       ; 2.15e-07 V                   ; 2.41 V              ; -0.0495 V           ; 0.18 V                               ; 0.115 V                              ; 4.54e-10 s                  ; 4.44e-10 s                  ; No                         ; Yes                        ; 2.32 V                      ; 2.15e-07 V                  ; 2.41 V             ; -0.0495 V          ; 0.18 V                              ; 0.115 V                             ; 4.54e-10 s                 ; 4.44e-10 s                 ; No                        ; Yes                       ;
; oDisplay3[0]  ; 2.5 V        ; 0 s                 ; 0 s                 ; 2.32 V                       ; 2.19e-07 V                   ; 2.4 V               ; -0.039 V            ; 0.21 V                               ; 0.145 V                              ; 4.67e-10 s                  ; 4.63e-10 s                  ; No                         ; Yes                        ; 2.32 V                      ; 2.19e-07 V                  ; 2.4 V              ; -0.039 V           ; 0.21 V                              ; 0.145 V                             ; 4.67e-10 s                 ; 4.63e-10 s                 ; No                        ; Yes                       ;
; oDisplay3[1]  ; 2.5 V        ; 0 s                 ; 0 s                 ; 2.32 V                       ; 2.15e-07 V                   ; 2.41 V              ; -0.0495 V           ; 0.18 V                               ; 0.115 V                              ; 4.54e-10 s                  ; 4.44e-10 s                  ; No                         ; Yes                        ; 2.32 V                      ; 2.15e-07 V                  ; 2.41 V             ; -0.0495 V          ; 0.18 V                              ; 0.115 V                             ; 4.54e-10 s                 ; 4.44e-10 s                 ; No                        ; Yes                       ;
; oDisplay3[2]  ; 2.5 V        ; 0 s                 ; 0 s                 ; 2.32 V                       ; 2.15e-07 V                   ; 2.41 V              ; -0.0495 V           ; 0.18 V                               ; 0.115 V                              ; 4.54e-10 s                  ; 4.44e-10 s                  ; No                         ; Yes                        ; 2.32 V                      ; 2.15e-07 V                  ; 2.41 V             ; -0.0495 V          ; 0.18 V                              ; 0.115 V                             ; 4.54e-10 s                 ; 4.44e-10 s                 ; No                        ; Yes                       ;
; oDisplay3[3]  ; 2.5 V        ; 0 s                 ; 0 s                 ; 2.32 V                       ; 1.88e-07 V                   ; 2.35 V              ; -0.0185 V           ; 0.153 V                              ; 0.099 V                              ; 4.6e-10 s                   ; 4.48e-10 s                  ; No                         ; Yes                        ; 2.32 V                      ; 1.88e-07 V                  ; 2.35 V             ; -0.0185 V          ; 0.153 V                             ; 0.099 V                             ; 4.6e-10 s                  ; 4.48e-10 s                 ; No                        ; Yes                       ;
; oDisplay3[4]  ; 2.5 V        ; 0 s                 ; 0 s                 ; 2.32 V                       ; 1.88e-07 V                   ; 2.35 V              ; -0.0185 V           ; 0.153 V                              ; 0.099 V                              ; 4.6e-10 s                   ; 4.48e-10 s                  ; No                         ; Yes                        ; 2.32 V                      ; 1.88e-07 V                  ; 2.35 V             ; -0.0185 V          ; 0.153 V                             ; 0.099 V                             ; 4.6e-10 s                  ; 4.48e-10 s                 ; No                        ; Yes                       ;
; oDisplay3[5]  ; 2.5 V        ; 0 s                 ; 0 s                 ; 2.32 V                       ; 2.15e-07 V                   ; 2.41 V              ; -0.0495 V           ; 0.18 V                               ; 0.115 V                              ; 4.54e-10 s                  ; 4.44e-10 s                  ; No                         ; Yes                        ; 2.32 V                      ; 2.15e-07 V                  ; 2.41 V             ; -0.0495 V          ; 0.18 V                              ; 0.115 V                             ; 4.54e-10 s                 ; 4.44e-10 s                 ; No                        ; Yes                       ;
; oDisplay3[6]  ; 2.5 V        ; 0 s                 ; 0 s                 ; 2.32 V                       ; 2.15e-07 V                   ; 2.41 V              ; -0.0492 V           ; 0.181 V                              ; 0.116 V                              ; 4.54e-10 s                  ; 4.44e-10 s                  ; No                         ; Yes                        ; 2.32 V                      ; 2.15e-07 V                  ; 2.41 V             ; -0.0492 V          ; 0.181 V                             ; 0.116 V                             ; 4.54e-10 s                 ; 4.44e-10 s                 ; No                        ; Yes                       ;
; oDisplay4[0]  ; 2.5 V        ; 0 s                 ; 0 s                 ; 2.32 V                       ; 1.88e-07 V                   ; 2.35 V              ; -0.0185 V           ; 0.153 V                              ; 0.099 V                              ; 4.6e-10 s                   ; 4.48e-10 s                  ; No                         ; Yes                        ; 2.32 V                      ; 1.88e-07 V                  ; 2.35 V             ; -0.0185 V          ; 0.153 V                             ; 0.099 V                             ; 4.6e-10 s                  ; 4.48e-10 s                 ; No                        ; Yes                       ;
; oDisplay4[1]  ; 2.5 V        ; 0 s                 ; 0 s                 ; 2.32 V                       ; 2.19e-07 V                   ; 2.4 V               ; -0.039 V            ; 0.21 V                               ; 0.145 V                              ; 4.67e-10 s                  ; 4.63e-10 s                  ; No                         ; Yes                        ; 2.32 V                      ; 2.19e-07 V                  ; 2.4 V              ; -0.039 V           ; 0.21 V                              ; 0.145 V                             ; 4.67e-10 s                 ; 4.63e-10 s                 ; No                        ; Yes                       ;
; oDisplay4[2]  ; 2.5 V        ; 0 s                 ; 0 s                 ; 2.32 V                       ; 2.19e-07 V                   ; 2.4 V               ; -0.039 V            ; 0.21 V                               ; 0.145 V                              ; 4.67e-10 s                  ; 4.63e-10 s                  ; No                         ; Yes                        ; 2.32 V                      ; 2.19e-07 V                  ; 2.4 V              ; -0.039 V           ; 0.21 V                              ; 0.145 V                             ; 4.67e-10 s                 ; 4.63e-10 s                 ; No                        ; Yes                       ;
; oDisplay4[3]  ; 2.5 V        ; 0 s                 ; 0 s                 ; 2.32 V                       ; 1.88e-07 V                   ; 2.35 V              ; -0.0185 V           ; 0.153 V                              ; 0.099 V                              ; 4.6e-10 s                   ; 4.48e-10 s                  ; No                         ; Yes                        ; 2.32 V                      ; 1.88e-07 V                  ; 2.35 V             ; -0.0185 V          ; 0.153 V                             ; 0.099 V                             ; 4.6e-10 s                  ; 4.48e-10 s                 ; No                        ; Yes                       ;
; oDisplay4[4]  ; 2.5 V        ; 0 s                 ; 0 s                 ; 2.32 V                       ; 2.19e-07 V                   ; 2.4 V               ; -0.039 V            ; 0.21 V                               ; 0.145 V                              ; 4.67e-10 s                  ; 4.63e-10 s                  ; No                         ; Yes                        ; 2.32 V                      ; 2.19e-07 V                  ; 2.4 V              ; -0.039 V           ; 0.21 V                              ; 0.145 V                             ; 4.67e-10 s                 ; 4.63e-10 s                 ; No                        ; Yes                       ;
; oDisplay4[5]  ; 2.5 V        ; 0 s                 ; 0 s                 ; 2.32 V                       ; 2.19e-07 V                   ; 2.4 V               ; -0.039 V            ; 0.21 V                               ; 0.145 V                              ; 4.67e-10 s                  ; 4.63e-10 s                  ; No                         ; Yes                        ; 2.32 V                      ; 2.19e-07 V                  ; 2.4 V              ; -0.039 V           ; 0.21 V                              ; 0.145 V                             ; 4.67e-10 s                 ; 4.63e-10 s                 ; No                        ; Yes                       ;
; oDisplay4[6]  ; 2.5 V        ; 0 s                 ; 0 s                 ; 2.32 V                       ; 1.88e-07 V                   ; 2.35 V              ; -0.0185 V           ; 0.153 V                              ; 0.099 V                              ; 4.6e-10 s                   ; 4.48e-10 s                  ; No                         ; Yes                        ; 2.32 V                      ; 1.88e-07 V                  ; 2.35 V             ; -0.0185 V          ; 0.153 V                             ; 0.099 V                             ; 4.6e-10 s                  ; 4.48e-10 s                 ; No                        ; Yes                       ;
; oDisplay5[0]  ; 2.5 V        ; 0 s                 ; 0 s                 ; 2.32 V                       ; 2.15e-07 V                   ; 2.41 V              ; -0.0492 V           ; 0.181 V                              ; 0.116 V                              ; 4.54e-10 s                  ; 4.44e-10 s                  ; No                         ; Yes                        ; 2.32 V                      ; 2.15e-07 V                  ; 2.41 V             ; -0.0492 V          ; 0.181 V                             ; 0.116 V                             ; 4.54e-10 s                 ; 4.44e-10 s                 ; No                        ; Yes                       ;
; oDisplay5[1]  ; 2.5 V        ; 0 s                 ; 0 s                 ; 2.32 V                       ; 1.88e-07 V                   ; 2.35 V              ; -0.0185 V           ; 0.153 V                              ; 0.099 V                              ; 4.6e-10 s                   ; 4.48e-10 s                  ; No                         ; Yes                        ; 2.32 V                      ; 1.88e-07 V                  ; 2.35 V             ; -0.0185 V          ; 0.153 V                             ; 0.099 V                             ; 4.6e-10 s                  ; 4.48e-10 s                 ; No                        ; Yes                       ;
; oDisplay5[2]  ; 2.5 V        ; 0 s                 ; 0 s                 ; 2.32 V                       ; 1.88e-07 V                   ; 2.35 V              ; -0.0185 V           ; 0.153 V                              ; 0.099 V                              ; 4.6e-10 s                   ; 4.48e-10 s                  ; No                         ; Yes                        ; 2.32 V                      ; 1.88e-07 V                  ; 2.35 V             ; -0.0185 V          ; 0.153 V                             ; 0.099 V                             ; 4.6e-10 s                  ; 4.48e-10 s                 ; No                        ; Yes                       ;
; oDisplay5[3]  ; 2.5 V        ; 0 s                 ; 0 s                 ; 2.32 V                       ; 1.88e-07 V                   ; 2.35 V              ; -0.0185 V           ; 0.153 V                              ; 0.099 V                              ; 4.6e-10 s                   ; 4.48e-10 s                  ; No                         ; Yes                        ; 2.32 V                      ; 1.88e-07 V                  ; 2.35 V             ; -0.0185 V          ; 0.153 V                             ; 0.099 V                             ; 4.6e-10 s                  ; 4.48e-10 s                 ; No                        ; Yes                       ;
; oDisplay5[4]  ; 2.5 V        ; 0 s                 ; 0 s                 ; 2.32 V                       ; 2.19e-07 V                   ; 2.4 V               ; -0.039 V            ; 0.21 V                               ; 0.145 V                              ; 4.67e-10 s                  ; 4.63e-10 s                  ; No                         ; Yes                        ; 2.32 V                      ; 2.19e-07 V                  ; 2.4 V              ; -0.039 V           ; 0.21 V                              ; 0.145 V                             ; 4.67e-10 s                 ; 4.63e-10 s                 ; No                        ; Yes                       ;
; oDisplay5[5]  ; 2.5 V        ; 0 s                 ; 0 s                 ; 2.32 V                       ; 2.19e-07 V                   ; 2.4 V               ; -0.039 V            ; 0.21 V                               ; 0.145 V                              ; 4.67e-10 s                  ; 4.63e-10 s                  ; No                         ; Yes                        ; 2.32 V                      ; 2.19e-07 V                  ; 2.4 V              ; -0.039 V           ; 0.21 V                              ; 0.145 V                             ; 4.67e-10 s                 ; 4.63e-10 s                 ; No                        ; Yes                       ;
; oDisplay5[6]  ; 2.5 V        ; 0 s                 ; 0 s                 ; 2.32 V                       ; 1.88e-07 V                   ; 2.35 V              ; -0.0185 V           ; 0.153 V                              ; 0.099 V                              ; 4.6e-10 s                   ; 4.48e-10 s                  ; No                         ; Yes                        ; 2.32 V                      ; 1.88e-07 V                  ; 2.35 V             ; -0.0185 V          ; 0.153 V                             ; 0.099 V                             ; 4.6e-10 s                  ; 4.48e-10 s                 ; No                        ; Yes                       ;
; oDisplay6[0]  ; 2.5 V        ; 0 s                 ; 0 s                 ; 2.32 V                       ; 2.19e-07 V                   ; 2.4 V               ; -0.039 V            ; 0.21 V                               ; 0.145 V                              ; 4.67e-10 s                  ; 4.63e-10 s                  ; No                         ; Yes                        ; 2.32 V                      ; 2.19e-07 V                  ; 2.4 V              ; -0.039 V           ; 0.21 V                              ; 0.145 V                             ; 4.67e-10 s                 ; 4.63e-10 s                 ; No                        ; Yes                       ;
; oDisplay6[1]  ; 2.5 V        ; 0 s                 ; 0 s                 ; 2.32 V                       ; 1.88e-07 V                   ; 2.35 V              ; -0.0185 V           ; 0.153 V                              ; 0.099 V                              ; 4.6e-10 s                   ; 4.48e-10 s                  ; No                         ; Yes                        ; 2.32 V                      ; 1.88e-07 V                  ; 2.35 V             ; -0.0185 V          ; 0.153 V                             ; 0.099 V                             ; 4.6e-10 s                  ; 4.48e-10 s                 ; No                        ; Yes                       ;
; oDisplay6[2]  ; 2.5 V        ; 0 s                 ; 0 s                 ; 2.32 V                       ; 1.88e-07 V                   ; 2.35 V              ; -0.0185 V           ; 0.153 V                              ; 0.099 V                              ; 4.6e-10 s                   ; 4.48e-10 s                  ; No                         ; Yes                        ; 2.32 V                      ; 1.88e-07 V                  ; 2.35 V             ; -0.0185 V          ; 0.153 V                             ; 0.099 V                             ; 4.6e-10 s                  ; 4.48e-10 s                 ; No                        ; Yes                       ;
; oDisplay6[3]  ; 2.5 V        ; 0 s                 ; 0 s                 ; 2.32 V                       ; 1.88e-07 V                   ; 2.35 V              ; -0.0185 V           ; 0.153 V                              ; 0.099 V                              ; 4.6e-10 s                   ; 4.48e-10 s                  ; No                         ; Yes                        ; 2.32 V                      ; 1.88e-07 V                  ; 2.35 V             ; -0.0185 V          ; 0.153 V                             ; 0.099 V                             ; 4.6e-10 s                  ; 4.48e-10 s                 ; No                        ; Yes                       ;
; oDisplay6[4]  ; 2.5 V        ; 0 s                 ; 0 s                 ; 2.32 V                       ; 2.15e-07 V                   ; 2.41 V              ; -0.0495 V           ; 0.18 V                               ; 0.115 V                              ; 4.54e-10 s                  ; 4.44e-10 s                  ; No                         ; Yes                        ; 2.32 V                      ; 2.15e-07 V                  ; 2.41 V             ; -0.0495 V          ; 0.18 V                              ; 0.115 V                             ; 4.54e-10 s                 ; 4.44e-10 s                 ; No                        ; Yes                       ;
; oDisplay6[5]  ; 2.5 V        ; 0 s                 ; 0 s                 ; 2.32 V                       ; 2.15e-07 V                   ; 2.41 V              ; -0.0492 V           ; 0.181 V                              ; 0.116 V                              ; 4.54e-10 s                  ; 4.44e-10 s                  ; No                         ; Yes                        ; 2.32 V                      ; 2.15e-07 V                  ; 2.41 V             ; -0.0492 V          ; 0.181 V                             ; 0.116 V                             ; 4.54e-10 s                 ; 4.44e-10 s                 ; No                        ; Yes                       ;
; oDisplay6[6]  ; 2.5 V        ; 0 s                 ; 0 s                 ; 2.32 V                       ; 2.19e-07 V                   ; 2.4 V               ; -0.039 V            ; 0.21 V                               ; 0.145 V                              ; 4.67e-10 s                  ; 4.63e-10 s                  ; No                         ; Yes                        ; 2.32 V                      ; 2.19e-07 V                  ; 2.4 V              ; -0.039 V           ; 0.21 V                              ; 0.145 V                             ; 4.67e-10 s                 ; 4.63e-10 s                 ; No                        ; Yes                       ;
; oLEDs_Gray[0] ; 2.5 V        ; 0 s                 ; 0 s                 ; 2.32 V                       ; 2.15e-07 V                   ; 2.41 V              ; -0.0492 V           ; 0.181 V                              ; 0.116 V                              ; 4.54e-10 s                  ; 4.44e-10 s                  ; No                         ; Yes                        ; 2.32 V                      ; 2.15e-07 V                  ; 2.41 V             ; -0.0492 V          ; 0.181 V                             ; 0.116 V                             ; 4.54e-10 s                 ; 4.44e-10 s                 ; No                        ; Yes                       ;
; oLEDs_Gray[1] ; 2.5 V        ; 0 s                 ; 0 s                 ; 2.32 V                       ; 2.15e-07 V                   ; 2.41 V              ; -0.0495 V           ; 0.18 V                               ; 0.115 V                              ; 4.54e-10 s                  ; 4.44e-10 s                  ; No                         ; Yes                        ; 2.32 V                      ; 2.15e-07 V                  ; 2.41 V             ; -0.0495 V          ; 0.18 V                              ; 0.115 V                             ; 4.54e-10 s                 ; 4.44e-10 s                 ; No                        ; Yes                       ;
; oLEDs_Gray[2] ; 2.5 V        ; 0 s                 ; 0 s                 ; 2.32 V                       ; 1.88e-07 V                   ; 2.35 V              ; -0.0185 V           ; 0.153 V                              ; 0.099 V                              ; 4.6e-10 s                   ; 4.48e-10 s                  ; No                         ; Yes                        ; 2.32 V                      ; 1.88e-07 V                  ; 2.35 V             ; -0.0185 V          ; 0.153 V                             ; 0.099 V                             ; 4.6e-10 s                  ; 4.48e-10 s                 ; No                        ; Yes                       ;
; oLEDs_Gray[3] ; 2.5 V        ; 0 s                 ; 0 s                 ; 2.32 V                       ; 2.19e-07 V                   ; 2.4 V               ; -0.039 V            ; 0.21 V                               ; 0.145 V                              ; 4.67e-10 s                  ; 4.63e-10 s                  ; No                         ; Yes                        ; 2.32 V                      ; 2.19e-07 V                  ; 2.4 V              ; -0.039 V           ; 0.21 V                              ; 0.145 V                             ; 4.67e-10 s                 ; 4.63e-10 s                 ; No                        ; Yes                       ;
+---------------+--------------+---------------------+---------------------+------------------------------+------------------------------+---------------------+---------------------+--------------------------------------+--------------------------------------+-----------------------------+-----------------------------+----------------------------+----------------------------+-----------------------------+-----------------------------+--------------------+--------------------+-------------------------------------+-------------------------------------+----------------------------+----------------------------+---------------------------+---------------------------+


+--------------------------------------------------------------------------------------------------------------------------------------------------------------------------------------------------------------------------------------------------------------------------------------------------------------------------------------------------------------------------------------------------------------------------------------------------------------------------------------------------------------------------------------------------------------------------------------------------------------------------------------------------------------------------------------------+
; Signal Integrity Metrics (Slow 1100mv 85c Model)                                                                                                                                                                                                                                                                                                                                                                                                                                                                                                                                                                                                                                           ;
+---------------+--------------+---------------------+---------------------+------------------------------+------------------------------+---------------------+---------------------+--------------------------------------+--------------------------------------+-----------------------------+-----------------------------+----------------------------+----------------------------+-----------------------------+-----------------------------+--------------------+--------------------+-------------------------------------+-------------------------------------+----------------------------+----------------------------+---------------------------+---------------------------+
; Pin           ; I/O Standard ; Board Delay on Rise ; Board Delay on Fall ; Steady State Voh at FPGA Pin ; Steady State Vol at FPGA Pin ; Voh Max at FPGA Pin ; Vol Min at FPGA Pin ; Ringback Voltage on Rise at FPGA Pin ; Ringback Voltage on Fall at FPGA Pin ; 10-90 Rise Time at FPGA Pin ; 90-10 Fall Time at FPGA Pin ; Monotonic Rise at FPGA Pin ; Monotonic Fall at FPGA Pin ; Steady State Voh at Far-end ; Steady State Vol at Far-end ; Voh Max at Far-end ; Vol Min at Far-end ; Ringback Voltage on Rise at Far-end ; Ringback Voltage on Fall at Far-end ; 10-90 Rise Time at Far-end ; 90-10 Fall Time at Far-end ; Monotonic Rise at Far-end ; Monotonic Fall at Far-end ;
+---------------+--------------+---------------------+---------------------+------------------------------+------------------------------+---------------------+---------------------+--------------------------------------+--------------------------------------+-----------------------------+-----------------------------+----------------------------+----------------------------+-----------------------------+-----------------------------+--------------------+--------------------+-------------------------------------+-------------------------------------+----------------------------+----------------------------+---------------------------+---------------------------+
; oDisplay1[0]  ; 2.5 V        ; 0 s                 ; 0 s                 ; 2.32 V                       ; 2.52e-05 V                   ; 2.38 V              ; -0.0315 V           ; 0.205 V                              ; 0.182 V                              ; 4.74e-10 s                  ; 4.85e-10 s                  ; No                         ; Yes                        ; 2.32 V                      ; 2.52e-05 V                  ; 2.38 V             ; -0.0315 V          ; 0.205 V                             ; 0.182 V                             ; 4.74e-10 s                 ; 4.85e-10 s                 ; No                        ; Yes                       ;
; oDisplay1[1]  ; 2.5 V        ; 0 s                 ; 0 s                 ; 2.32 V                       ; 2.52e-05 V                   ; 2.38 V              ; -0.032 V            ; 0.204 V                              ; 0.181 V                              ; 4.74e-10 s                  ; 4.85e-10 s                  ; No                         ; Yes                        ; 2.32 V                      ; 2.52e-05 V                  ; 2.38 V             ; -0.032 V           ; 0.204 V                             ; 0.181 V                             ; 4.74e-10 s                 ; 4.85e-10 s                 ; No                        ; Yes                       ;
; oDisplay1[2]  ; 2.5 V        ; 0 s                 ; 0 s                 ; 2.32 V                       ; 2.52e-05 V                   ; 2.38 V              ; -0.032 V            ; 0.204 V                              ; 0.181 V                              ; 4.74e-10 s                  ; 4.85e-10 s                  ; No                         ; Yes                        ; 2.32 V                      ; 2.52e-05 V                  ; 2.38 V             ; -0.032 V           ; 0.204 V                             ; 0.181 V                             ; 4.74e-10 s                 ; 4.85e-10 s                 ; No                        ; Yes                       ;
; oDisplay1[3]  ; 2.5 V        ; 0 s                 ; 0 s                 ; 2.32 V                       ; 2.52e-05 V                   ; 2.38 V              ; -0.032 V            ; 0.204 V                              ; 0.181 V                              ; 4.74e-10 s                  ; 4.85e-10 s                  ; No                         ; Yes                        ; 2.32 V                      ; 2.52e-05 V                  ; 2.38 V             ; -0.032 V           ; 0.204 V                             ; 0.181 V                             ; 4.74e-10 s                 ; 4.85e-10 s                 ; No                        ; Yes                       ;
; oDisplay1[4]  ; 2.5 V        ; 0 s                 ; 0 s                 ; 2.32 V                       ; 2.52e-05 V                   ; 2.38 V              ; -0.0315 V           ; 0.205 V                              ; 0.182 V                              ; 4.74e-10 s                  ; 4.85e-10 s                  ; No                         ; Yes                        ; 2.32 V                      ; 2.52e-05 V                  ; 2.38 V             ; -0.0315 V          ; 0.205 V                             ; 0.182 V                             ; 4.74e-10 s                 ; 4.85e-10 s                 ; No                        ; Yes                       ;
; oDisplay1[5]  ; 2.5 V        ; 0 s                 ; 0 s                 ; 2.32 V                       ; 2.52e-05 V                   ; 2.38 V              ; -0.0315 V           ; 0.205 V                              ; 0.182 V                              ; 4.74e-10 s                  ; 4.85e-10 s                  ; No                         ; Yes                        ; 2.32 V                      ; 2.52e-05 V                  ; 2.38 V             ; -0.0315 V          ; 0.205 V                             ; 0.182 V                             ; 4.74e-10 s                 ; 4.85e-10 s                 ; No                        ; Yes                       ;
; oDisplay1[6]  ; 2.5 V        ; 0 s                 ; 0 s                 ; 2.32 V                       ; 2.52e-05 V                   ; 2.38 V              ; -0.032 V            ; 0.204 V                              ; 0.181 V                              ; 4.74e-10 s                  ; 4.85e-10 s                  ; No                         ; Yes                        ; 2.32 V                      ; 2.52e-05 V                  ; 2.38 V             ; -0.032 V           ; 0.204 V                             ; 0.181 V                             ; 4.74e-10 s                 ; 4.85e-10 s                 ; No                        ; Yes                       ;
; oDisplay2[0]  ; 2.5 V        ; 0 s                 ; 0 s                 ; 2.32 V                       ; 2.52e-05 V                   ; 2.38 V              ; -0.032 V            ; 0.204 V                              ; 0.181 V                              ; 4.74e-10 s                  ; 4.85e-10 s                  ; No                         ; Yes                        ; 2.32 V                      ; 2.52e-05 V                  ; 2.38 V             ; -0.032 V           ; 0.204 V                             ; 0.181 V                             ; 4.74e-10 s                 ; 4.85e-10 s                 ; No                        ; Yes                       ;
; oDisplay2[1]  ; 2.5 V        ; 0 s                 ; 0 s                 ; 2.32 V                       ; 2.52e-05 V                   ; 2.38 V              ; -0.0315 V           ; 0.205 V                              ; 0.182 V                              ; 4.74e-10 s                  ; 4.85e-10 s                  ; No                         ; Yes                        ; 2.32 V                      ; 2.52e-05 V                  ; 2.38 V             ; -0.0315 V          ; 0.205 V                             ; 0.182 V                             ; 4.74e-10 s                 ; 4.85e-10 s                 ; No                        ; Yes                       ;
; oDisplay2[2]  ; 2.5 V        ; 0 s                 ; 0 s                 ; 2.32 V                       ; 2.52e-05 V                   ; 2.38 V              ; -0.0315 V           ; 0.205 V                              ; 0.182 V                              ; 4.74e-10 s                  ; 4.85e-10 s                  ; No                         ; Yes                        ; 2.32 V                      ; 2.52e-05 V                  ; 2.38 V             ; -0.0315 V          ; 0.205 V                             ; 0.182 V                             ; 4.74e-10 s                 ; 4.85e-10 s                 ; No                        ; Yes                       ;
; oDisplay2[3]  ; 2.5 V        ; 0 s                 ; 0 s                 ; 2.32 V                       ; 2.52e-05 V                   ; 2.38 V              ; -0.032 V            ; 0.204 V                              ; 0.181 V                              ; 4.74e-10 s                  ; 4.85e-10 s                  ; No                         ; Yes                        ; 2.32 V                      ; 2.52e-05 V                  ; 2.38 V             ; -0.032 V           ; 0.204 V                             ; 0.181 V                             ; 4.74e-10 s                 ; 4.85e-10 s                 ; No                        ; Yes                       ;
; oDisplay2[4]  ; 2.5 V        ; 0 s                 ; 0 s                 ; 2.32 V                       ; 2.52e-05 V                   ; 2.38 V              ; -0.032 V            ; 0.204 V                              ; 0.181 V                              ; 4.74e-10 s                  ; 4.85e-10 s                  ; No                         ; Yes                        ; 2.32 V                      ; 2.52e-05 V                  ; 2.38 V             ; -0.032 V           ; 0.204 V                             ; 0.181 V                             ; 4.74e-10 s                 ; 4.85e-10 s                 ; No                        ; Yes                       ;
; oDisplay2[5]  ; 2.5 V        ; 0 s                 ; 0 s                 ; 2.32 V                       ; 2.52e-05 V                   ; 2.38 V              ; -0.0315 V           ; 0.205 V                              ; 0.182 V                              ; 4.74e-10 s                  ; 4.85e-10 s                  ; No                         ; Yes                        ; 2.32 V                      ; 2.52e-05 V                  ; 2.38 V             ; -0.0315 V          ; 0.205 V                             ; 0.182 V                             ; 4.74e-10 s                 ; 4.85e-10 s                 ; No                        ; Yes                       ;
; oDisplay2[6]  ; 2.5 V        ; 0 s                 ; 0 s                 ; 2.32 V                       ; 2.52e-05 V                   ; 2.38 V              ; -0.0315 V           ; 0.205 V                              ; 0.182 V                              ; 4.74e-10 s                  ; 4.85e-10 s                  ; No                         ; Yes                        ; 2.32 V                      ; 2.52e-05 V                  ; 2.38 V             ; -0.0315 V          ; 0.205 V                             ; 0.182 V                             ; 4.74e-10 s                 ; 4.85e-10 s                 ; No                        ; Yes                       ;
; oDisplay3[0]  ; 2.5 V        ; 0 s                 ; 0 s                 ; 2.32 V                       ; 2.56e-05 V                   ; 2.38 V              ; -0.026 V            ; 0.249 V                              ; 0.089 V                              ; 4.95e-10 s                  ; 6.01e-10 s                  ; No                         ; Yes                        ; 2.32 V                      ; 2.56e-05 V                  ; 2.38 V             ; -0.026 V           ; 0.249 V                             ; 0.089 V                             ; 4.95e-10 s                 ; 6.01e-10 s                 ; No                        ; Yes                       ;
; oDisplay3[1]  ; 2.5 V        ; 0 s                 ; 0 s                 ; 2.32 V                       ; 2.52e-05 V                   ; 2.38 V              ; -0.0315 V           ; 0.205 V                              ; 0.182 V                              ; 4.74e-10 s                  ; 4.85e-10 s                  ; No                         ; Yes                        ; 2.32 V                      ; 2.52e-05 V                  ; 2.38 V             ; -0.0315 V          ; 0.205 V                             ; 0.182 V                             ; 4.74e-10 s                 ; 4.85e-10 s                 ; No                        ; Yes                       ;
; oDisplay3[2]  ; 2.5 V        ; 0 s                 ; 0 s                 ; 2.32 V                       ; 2.52e-05 V                   ; 2.38 V              ; -0.0315 V           ; 0.205 V                              ; 0.182 V                              ; 4.74e-10 s                  ; 4.85e-10 s                  ; No                         ; Yes                        ; 2.32 V                      ; 2.52e-05 V                  ; 2.38 V             ; -0.0315 V          ; 0.205 V                             ; 0.182 V                             ; 4.74e-10 s                 ; 4.85e-10 s                 ; No                        ; Yes                       ;
; oDisplay3[3]  ; 2.5 V        ; 0 s                 ; 0 s                 ; 2.32 V                       ; 2.27e-05 V                   ; 2.34 V              ; -0.0089 V           ; 0.206 V                              ; 0.058 V                              ; 4.97e-10 s                  ; 5.13e-10 s                  ; Yes                        ; Yes                        ; 2.32 V                      ; 2.27e-05 V                  ; 2.34 V             ; -0.0089 V          ; 0.206 V                             ; 0.058 V                             ; 4.97e-10 s                 ; 5.13e-10 s                 ; Yes                       ; Yes                       ;
; oDisplay3[4]  ; 2.5 V        ; 0 s                 ; 0 s                 ; 2.32 V                       ; 2.27e-05 V                   ; 2.34 V              ; -0.0089 V           ; 0.206 V                              ; 0.058 V                              ; 4.97e-10 s                  ; 5.13e-10 s                  ; Yes                        ; Yes                        ; 2.32 V                      ; 2.27e-05 V                  ; 2.34 V             ; -0.0089 V          ; 0.206 V                             ; 0.058 V                             ; 4.97e-10 s                 ; 5.13e-10 s                 ; Yes                       ; Yes                       ;
; oDisplay3[5]  ; 2.5 V        ; 0 s                 ; 0 s                 ; 2.32 V                       ; 2.52e-05 V                   ; 2.38 V              ; -0.0315 V           ; 0.205 V                              ; 0.182 V                              ; 4.74e-10 s                  ; 4.85e-10 s                  ; No                         ; Yes                        ; 2.32 V                      ; 2.52e-05 V                  ; 2.38 V             ; -0.0315 V          ; 0.205 V                             ; 0.182 V                             ; 4.74e-10 s                 ; 4.85e-10 s                 ; No                        ; Yes                       ;
; oDisplay3[6]  ; 2.5 V        ; 0 s                 ; 0 s                 ; 2.32 V                       ; 2.52e-05 V                   ; 2.38 V              ; -0.032 V            ; 0.204 V                              ; 0.181 V                              ; 4.74e-10 s                  ; 4.85e-10 s                  ; No                         ; Yes                        ; 2.32 V                      ; 2.52e-05 V                  ; 2.38 V             ; -0.032 V           ; 0.204 V                             ; 0.181 V                             ; 4.74e-10 s                 ; 4.85e-10 s                 ; No                        ; Yes                       ;
; oDisplay4[0]  ; 2.5 V        ; 0 s                 ; 0 s                 ; 2.32 V                       ; 2.27e-05 V                   ; 2.34 V              ; -0.0089 V           ; 0.206 V                              ; 0.058 V                              ; 4.97e-10 s                  ; 5.13e-10 s                  ; Yes                        ; Yes                        ; 2.32 V                      ; 2.27e-05 V                  ; 2.34 V             ; -0.0089 V          ; 0.206 V                             ; 0.058 V                             ; 4.97e-10 s                 ; 5.13e-10 s                 ; Yes                       ; Yes                       ;
; oDisplay4[1]  ; 2.5 V        ; 0 s                 ; 0 s                 ; 2.32 V                       ; 2.56e-05 V                   ; 2.38 V              ; -0.026 V            ; 0.249 V                              ; 0.089 V                              ; 4.95e-10 s                  ; 6.01e-10 s                  ; No                         ; Yes                        ; 2.32 V                      ; 2.56e-05 V                  ; 2.38 V             ; -0.026 V           ; 0.249 V                             ; 0.089 V                             ; 4.95e-10 s                 ; 6.01e-10 s                 ; No                        ; Yes                       ;
; oDisplay4[2]  ; 2.5 V        ; 0 s                 ; 0 s                 ; 2.32 V                       ; 2.56e-05 V                   ; 2.38 V              ; -0.026 V            ; 0.249 V                              ; 0.089 V                              ; 4.95e-10 s                  ; 6.01e-10 s                  ; No                         ; Yes                        ; 2.32 V                      ; 2.56e-05 V                  ; 2.38 V             ; -0.026 V           ; 0.249 V                             ; 0.089 V                             ; 4.95e-10 s                 ; 6.01e-10 s                 ; No                        ; Yes                       ;
; oDisplay4[3]  ; 2.5 V        ; 0 s                 ; 0 s                 ; 2.32 V                       ; 2.27e-05 V                   ; 2.34 V              ; -0.0089 V           ; 0.206 V                              ; 0.058 V                              ; 4.97e-10 s                  ; 5.13e-10 s                  ; Yes                        ; Yes                        ; 2.32 V                      ; 2.27e-05 V                  ; 2.34 V             ; -0.0089 V          ; 0.206 V                             ; 0.058 V                             ; 4.97e-10 s                 ; 5.13e-10 s                 ; Yes                       ; Yes                       ;
; oDisplay4[4]  ; 2.5 V        ; 0 s                 ; 0 s                 ; 2.32 V                       ; 2.56e-05 V                   ; 2.38 V              ; -0.026 V            ; 0.249 V                              ; 0.089 V                              ; 4.95e-10 s                  ; 6.01e-10 s                  ; No                         ; Yes                        ; 2.32 V                      ; 2.56e-05 V                  ; 2.38 V             ; -0.026 V           ; 0.249 V                             ; 0.089 V                             ; 4.95e-10 s                 ; 6.01e-10 s                 ; No                        ; Yes                       ;
; oDisplay4[5]  ; 2.5 V        ; 0 s                 ; 0 s                 ; 2.32 V                       ; 2.56e-05 V                   ; 2.38 V              ; -0.026 V            ; 0.249 V                              ; 0.089 V                              ; 4.95e-10 s                  ; 6.01e-10 s                  ; No                         ; Yes                        ; 2.32 V                      ; 2.56e-05 V                  ; 2.38 V             ; -0.026 V           ; 0.249 V                             ; 0.089 V                             ; 4.95e-10 s                 ; 6.01e-10 s                 ; No                        ; Yes                       ;
; oDisplay4[6]  ; 2.5 V        ; 0 s                 ; 0 s                 ; 2.32 V                       ; 2.27e-05 V                   ; 2.34 V              ; -0.0089 V           ; 0.206 V                              ; 0.058 V                              ; 4.97e-10 s                  ; 5.13e-10 s                  ; Yes                        ; Yes                        ; 2.32 V                      ; 2.27e-05 V                  ; 2.34 V             ; -0.0089 V          ; 0.206 V                             ; 0.058 V                             ; 4.97e-10 s                 ; 5.13e-10 s                 ; Yes                       ; Yes                       ;
; oDisplay5[0]  ; 2.5 V        ; 0 s                 ; 0 s                 ; 2.32 V                       ; 2.52e-05 V                   ; 2.38 V              ; -0.032 V            ; 0.204 V                              ; 0.181 V                              ; 4.74e-10 s                  ; 4.85e-10 s                  ; No                         ; Yes                        ; 2.32 V                      ; 2.52e-05 V                  ; 2.38 V             ; -0.032 V           ; 0.204 V                             ; 0.181 V                             ; 4.74e-10 s                 ; 4.85e-10 s                 ; No                        ; Yes                       ;
; oDisplay5[1]  ; 2.5 V        ; 0 s                 ; 0 s                 ; 2.32 V                       ; 2.27e-05 V                   ; 2.34 V              ; -0.0089 V           ; 0.206 V                              ; 0.058 V                              ; 4.97e-10 s                  ; 5.13e-10 s                  ; Yes                        ; Yes                        ; 2.32 V                      ; 2.27e-05 V                  ; 2.34 V             ; -0.0089 V          ; 0.206 V                             ; 0.058 V                             ; 4.97e-10 s                 ; 5.13e-10 s                 ; Yes                       ; Yes                       ;
; oDisplay5[2]  ; 2.5 V        ; 0 s                 ; 0 s                 ; 2.32 V                       ; 2.27e-05 V                   ; 2.34 V              ; -0.0089 V           ; 0.206 V                              ; 0.058 V                              ; 4.97e-10 s                  ; 5.13e-10 s                  ; Yes                        ; Yes                        ; 2.32 V                      ; 2.27e-05 V                  ; 2.34 V             ; -0.0089 V          ; 0.206 V                             ; 0.058 V                             ; 4.97e-10 s                 ; 5.13e-10 s                 ; Yes                       ; Yes                       ;
; oDisplay5[3]  ; 2.5 V        ; 0 s                 ; 0 s                 ; 2.32 V                       ; 2.27e-05 V                   ; 2.34 V              ; -0.0089 V           ; 0.206 V                              ; 0.058 V                              ; 4.97e-10 s                  ; 5.13e-10 s                  ; Yes                        ; Yes                        ; 2.32 V                      ; 2.27e-05 V                  ; 2.34 V             ; -0.0089 V          ; 0.206 V                             ; 0.058 V                             ; 4.97e-10 s                 ; 5.13e-10 s                 ; Yes                       ; Yes                       ;
; oDisplay5[4]  ; 2.5 V        ; 0 s                 ; 0 s                 ; 2.32 V                       ; 2.56e-05 V                   ; 2.38 V              ; -0.026 V            ; 0.249 V                              ; 0.089 V                              ; 4.95e-10 s                  ; 6.01e-10 s                  ; No                         ; Yes                        ; 2.32 V                      ; 2.56e-05 V                  ; 2.38 V             ; -0.026 V           ; 0.249 V                             ; 0.089 V                             ; 4.95e-10 s                 ; 6.01e-10 s                 ; No                        ; Yes                       ;
; oDisplay5[5]  ; 2.5 V        ; 0 s                 ; 0 s                 ; 2.32 V                       ; 2.56e-05 V                   ; 2.38 V              ; -0.026 V            ; 0.249 V                              ; 0.089 V                              ; 4.95e-10 s                  ; 6.01e-10 s                  ; No                         ; Yes                        ; 2.32 V                      ; 2.56e-05 V                  ; 2.38 V             ; -0.026 V           ; 0.249 V                             ; 0.089 V                             ; 4.95e-10 s                 ; 6.01e-10 s                 ; No                        ; Yes                       ;
; oDisplay5[6]  ; 2.5 V        ; 0 s                 ; 0 s                 ; 2.32 V                       ; 2.27e-05 V                   ; 2.34 V              ; -0.0089 V           ; 0.206 V                              ; 0.058 V                              ; 4.97e-10 s                  ; 5.13e-10 s                  ; Yes                        ; Yes                        ; 2.32 V                      ; 2.27e-05 V                  ; 2.34 V             ; -0.0089 V          ; 0.206 V                             ; 0.058 V                             ; 4.97e-10 s                 ; 5.13e-10 s                 ; Yes                       ; Yes                       ;
; oDisplay6[0]  ; 2.5 V        ; 0 s                 ; 0 s                 ; 2.32 V                       ; 2.56e-05 V                   ; 2.38 V              ; -0.026 V            ; 0.249 V                              ; 0.089 V                              ; 4.95e-10 s                  ; 6.01e-10 s                  ; No                         ; Yes                        ; 2.32 V                      ; 2.56e-05 V                  ; 2.38 V             ; -0.026 V           ; 0.249 V                             ; 0.089 V                             ; 4.95e-10 s                 ; 6.01e-10 s                 ; No                        ; Yes                       ;
; oDisplay6[1]  ; 2.5 V        ; 0 s                 ; 0 s                 ; 2.32 V                       ; 2.27e-05 V                   ; 2.34 V              ; -0.0089 V           ; 0.206 V                              ; 0.058 V                              ; 4.97e-10 s                  ; 5.13e-10 s                  ; Yes                        ; Yes                        ; 2.32 V                      ; 2.27e-05 V                  ; 2.34 V             ; -0.0089 V          ; 0.206 V                             ; 0.058 V                             ; 4.97e-10 s                 ; 5.13e-10 s                 ; Yes                       ; Yes                       ;
; oDisplay6[2]  ; 2.5 V        ; 0 s                 ; 0 s                 ; 2.32 V                       ; 2.27e-05 V                   ; 2.34 V              ; -0.0089 V           ; 0.206 V                              ; 0.058 V                              ; 4.97e-10 s                  ; 5.13e-10 s                  ; Yes                        ; Yes                        ; 2.32 V                      ; 2.27e-05 V                  ; 2.34 V             ; -0.0089 V          ; 0.206 V                             ; 0.058 V                             ; 4.97e-10 s                 ; 5.13e-10 s                 ; Yes                       ; Yes                       ;
; oDisplay6[3]  ; 2.5 V        ; 0 s                 ; 0 s                 ; 2.32 V                       ; 2.27e-05 V                   ; 2.34 V              ; -0.0089 V           ; 0.206 V                              ; 0.058 V                              ; 4.97e-10 s                  ; 5.13e-10 s                  ; Yes                        ; Yes                        ; 2.32 V                      ; 2.27e-05 V                  ; 2.34 V             ; -0.0089 V          ; 0.206 V                             ; 0.058 V                             ; 4.97e-10 s                 ; 5.13e-10 s                 ; Yes                       ; Yes                       ;
; oDisplay6[4]  ; 2.5 V        ; 0 s                 ; 0 s                 ; 2.32 V                       ; 2.52e-05 V                   ; 2.38 V              ; -0.0315 V           ; 0.205 V                              ; 0.182 V                              ; 4.74e-10 s                  ; 4.85e-10 s                  ; No                         ; Yes                        ; 2.32 V                      ; 2.52e-05 V                  ; 2.38 V             ; -0.0315 V          ; 0.205 V                             ; 0.182 V                             ; 4.74e-10 s                 ; 4.85e-10 s                 ; No                        ; Yes                       ;
; oDisplay6[5]  ; 2.5 V        ; 0 s                 ; 0 s                 ; 2.32 V                       ; 2.52e-05 V                   ; 2.38 V              ; -0.032 V            ; 0.204 V                              ; 0.181 V                              ; 4.74e-10 s                  ; 4.85e-10 s                  ; No                         ; Yes                        ; 2.32 V                      ; 2.52e-05 V                  ; 2.38 V             ; -0.032 V           ; 0.204 V                             ; 0.181 V                             ; 4.74e-10 s                 ; 4.85e-10 s                 ; No                        ; Yes                       ;
; oDisplay6[6]  ; 2.5 V        ; 0 s                 ; 0 s                 ; 2.32 V                       ; 2.56e-05 V                   ; 2.38 V              ; -0.026 V            ; 0.249 V                              ; 0.089 V                              ; 4.95e-10 s                  ; 6.01e-10 s                  ; No                         ; Yes                        ; 2.32 V                      ; 2.56e-05 V                  ; 2.38 V             ; -0.026 V           ; 0.249 V                             ; 0.089 V                             ; 4.95e-10 s                 ; 6.01e-10 s                 ; No                        ; Yes                       ;
; oLEDs_Gray[0] ; 2.5 V        ; 0 s                 ; 0 s                 ; 2.32 V                       ; 2.52e-05 V                   ; 2.38 V              ; -0.032 V            ; 0.204 V                              ; 0.181 V                              ; 4.74e-10 s                  ; 4.85e-10 s                  ; No                         ; Yes                        ; 2.32 V                      ; 2.52e-05 V                  ; 2.38 V             ; -0.032 V           ; 0.204 V                             ; 0.181 V                             ; 4.74e-10 s                 ; 4.85e-10 s                 ; No                        ; Yes                       ;
; oLEDs_Gray[1] ; 2.5 V        ; 0 s                 ; 0 s                 ; 2.32 V                       ; 2.52e-05 V                   ; 2.38 V              ; -0.0315 V           ; 0.205 V                              ; 0.182 V                              ; 4.74e-10 s                  ; 4.85e-10 s                  ; No                         ; Yes                        ; 2.32 V                      ; 2.52e-05 V                  ; 2.38 V             ; -0.0315 V          ; 0.205 V                             ; 0.182 V                             ; 4.74e-10 s                 ; 4.85e-10 s                 ; No                        ; Yes                       ;
; oLEDs_Gray[2] ; 2.5 V        ; 0 s                 ; 0 s                 ; 2.32 V                       ; 2.27e-05 V                   ; 2.34 V              ; -0.0089 V           ; 0.206 V                              ; 0.058 V                              ; 4.97e-10 s                  ; 5.13e-10 s                  ; Yes                        ; Yes                        ; 2.32 V                      ; 2.27e-05 V                  ; 2.34 V             ; -0.0089 V          ; 0.206 V                             ; 0.058 V                             ; 4.97e-10 s                 ; 5.13e-10 s                 ; Yes                       ; Yes                       ;
; oLEDs_Gray[3] ; 2.5 V        ; 0 s                 ; 0 s                 ; 2.32 V                       ; 2.56e-05 V                   ; 2.38 V              ; -0.026 V            ; 0.249 V                              ; 0.089 V                              ; 4.95e-10 s                  ; 6.01e-10 s                  ; No                         ; Yes                        ; 2.32 V                      ; 2.56e-05 V                  ; 2.38 V             ; -0.026 V           ; 0.249 V                             ; 0.089 V                             ; 4.95e-10 s                 ; 6.01e-10 s                 ; No                        ; Yes                       ;
+---------------+--------------+---------------------+---------------------+------------------------------+------------------------------+---------------------+---------------------+--------------------------------------+--------------------------------------+-----------------------------+-----------------------------+----------------------------+----------------------------+-----------------------------+-----------------------------+--------------------+--------------------+-------------------------------------+-------------------------------------+----------------------------+----------------------------+---------------------------+---------------------------+


+--------------------------------------------------------------------------------------------------------------------------------------------------------------------------------------------------------------------------------------------------------------------------------------------------------------------------------------------------------------------------------------------------------------------------------------------------------------------------------------------------------------------------------------------------------------------------------------------------------------------------------------------------------------------------------------------+
; Signal Integrity Metrics (Fast 1100mv 0c Model)                                                                                                                                                                                                                                                                                                                                                                                                                                                                                                                                                                                                                                            ;
+---------------+--------------+---------------------+---------------------+------------------------------+------------------------------+---------------------+---------------------+--------------------------------------+--------------------------------------+-----------------------------+-----------------------------+----------------------------+----------------------------+-----------------------------+-----------------------------+--------------------+--------------------+-------------------------------------+-------------------------------------+----------------------------+----------------------------+---------------------------+---------------------------+
; Pin           ; I/O Standard ; Board Delay on Rise ; Board Delay on Fall ; Steady State Voh at FPGA Pin ; Steady State Vol at FPGA Pin ; Voh Max at FPGA Pin ; Vol Min at FPGA Pin ; Ringback Voltage on Rise at FPGA Pin ; Ringback Voltage on Fall at FPGA Pin ; 10-90 Rise Time at FPGA Pin ; 90-10 Fall Time at FPGA Pin ; Monotonic Rise at FPGA Pin ; Monotonic Fall at FPGA Pin ; Steady State Voh at Far-end ; Steady State Vol at Far-end ; Voh Max at Far-end ; Vol Min at Far-end ; Ringback Voltage on Rise at Far-end ; Ringback Voltage on Fall at Far-end ; 10-90 Rise Time at Far-end ; 90-10 Fall Time at Far-end ; Monotonic Rise at Far-end ; Monotonic Fall at Far-end ;
+---------------+--------------+---------------------+---------------------+------------------------------+------------------------------+---------------------+---------------------+--------------------------------------+--------------------------------------+-----------------------------+-----------------------------+----------------------------+----------------------------+-----------------------------+-----------------------------+--------------------+--------------------+-------------------------------------+-------------------------------------+----------------------------+----------------------------+---------------------------+---------------------------+
; oDisplay1[0]  ; 2.5 V        ; 0 s                 ; 0 s                 ; 2.75 V                       ; 4.14e-06 V                   ; 2.91 V              ; -0.121 V            ; 0.326 V                              ; 0.297 V                              ; 2.74e-10 s                  ; 2.8e-10 s                   ; No                         ; No                         ; 2.75 V                      ; 4.14e-06 V                  ; 2.91 V             ; -0.121 V           ; 0.326 V                             ; 0.297 V                             ; 2.74e-10 s                 ; 2.8e-10 s                  ; No                        ; No                        ;
; oDisplay1[1]  ; 2.5 V        ; 0 s                 ; 0 s                 ; 2.75 V                       ; 4.14e-06 V                   ; 2.91 V              ; -0.119 V            ; 0.326 V                              ; 0.298 V                              ; 2.74e-10 s                  ; 2.8e-10 s                   ; No                         ; No                         ; 2.75 V                      ; 4.14e-06 V                  ; 2.91 V             ; -0.119 V           ; 0.326 V                             ; 0.298 V                             ; 2.74e-10 s                 ; 2.8e-10 s                  ; No                        ; No                        ;
; oDisplay1[2]  ; 2.5 V        ; 0 s                 ; 0 s                 ; 2.75 V                       ; 4.14e-06 V                   ; 2.91 V              ; -0.119 V            ; 0.326 V                              ; 0.298 V                              ; 2.74e-10 s                  ; 2.8e-10 s                   ; No                         ; No                         ; 2.75 V                      ; 4.14e-06 V                  ; 2.91 V             ; -0.119 V           ; 0.326 V                             ; 0.298 V                             ; 2.74e-10 s                 ; 2.8e-10 s                  ; No                        ; No                        ;
; oDisplay1[3]  ; 2.5 V        ; 0 s                 ; 0 s                 ; 2.75 V                       ; 4.14e-06 V                   ; 2.91 V              ; -0.119 V            ; 0.326 V                              ; 0.298 V                              ; 2.74e-10 s                  ; 2.8e-10 s                   ; No                         ; No                         ; 2.75 V                      ; 4.14e-06 V                  ; 2.91 V             ; -0.119 V           ; 0.326 V                             ; 0.298 V                             ; 2.74e-10 s                 ; 2.8e-10 s                  ; No                        ; No                        ;
; oDisplay1[4]  ; 2.5 V        ; 0 s                 ; 0 s                 ; 2.75 V                       ; 4.14e-06 V                   ; 2.91 V              ; -0.121 V            ; 0.326 V                              ; 0.297 V                              ; 2.74e-10 s                  ; 2.8e-10 s                   ; No                         ; No                         ; 2.75 V                      ; 4.14e-06 V                  ; 2.91 V             ; -0.121 V           ; 0.326 V                             ; 0.297 V                             ; 2.74e-10 s                 ; 2.8e-10 s                  ; No                        ; No                        ;
; oDisplay1[5]  ; 2.5 V        ; 0 s                 ; 0 s                 ; 2.75 V                       ; 4.14e-06 V                   ; 2.91 V              ; -0.121 V            ; 0.326 V                              ; 0.297 V                              ; 2.74e-10 s                  ; 2.8e-10 s                   ; No                         ; No                         ; 2.75 V                      ; 4.14e-06 V                  ; 2.91 V             ; -0.121 V           ; 0.326 V                             ; 0.297 V                             ; 2.74e-10 s                 ; 2.8e-10 s                  ; No                        ; No                        ;
; oDisplay1[6]  ; 2.5 V        ; 0 s                 ; 0 s                 ; 2.75 V                       ; 4.14e-06 V                   ; 2.91 V              ; -0.119 V            ; 0.326 V                              ; 0.298 V                              ; 2.74e-10 s                  ; 2.8e-10 s                   ; No                         ; No                         ; 2.75 V                      ; 4.14e-06 V                  ; 2.91 V             ; -0.119 V           ; 0.326 V                             ; 0.298 V                             ; 2.74e-10 s                 ; 2.8e-10 s                  ; No                        ; No                        ;
; oDisplay2[0]  ; 2.5 V        ; 0 s                 ; 0 s                 ; 2.75 V                       ; 4.14e-06 V                   ; 2.91 V              ; -0.119 V            ; 0.326 V                              ; 0.298 V                              ; 2.74e-10 s                  ; 2.8e-10 s                   ; No                         ; No                         ; 2.75 V                      ; 4.14e-06 V                  ; 2.91 V             ; -0.119 V           ; 0.326 V                             ; 0.298 V                             ; 2.74e-10 s                 ; 2.8e-10 s                  ; No                        ; No                        ;
; oDisplay2[1]  ; 2.5 V        ; 0 s                 ; 0 s                 ; 2.75 V                       ; 4.14e-06 V                   ; 2.91 V              ; -0.121 V            ; 0.326 V                              ; 0.297 V                              ; 2.74e-10 s                  ; 2.8e-10 s                   ; No                         ; No                         ; 2.75 V                      ; 4.14e-06 V                  ; 2.91 V             ; -0.121 V           ; 0.326 V                             ; 0.297 V                             ; 2.74e-10 s                 ; 2.8e-10 s                  ; No                        ; No                        ;
; oDisplay2[2]  ; 2.5 V        ; 0 s                 ; 0 s                 ; 2.75 V                       ; 4.14e-06 V                   ; 2.91 V              ; -0.121 V            ; 0.326 V                              ; 0.297 V                              ; 2.74e-10 s                  ; 2.8e-10 s                   ; No                         ; No                         ; 2.75 V                      ; 4.14e-06 V                  ; 2.91 V             ; -0.121 V           ; 0.326 V                             ; 0.297 V                             ; 2.74e-10 s                 ; 2.8e-10 s                  ; No                        ; No                        ;
; oDisplay2[3]  ; 2.5 V        ; 0 s                 ; 0 s                 ; 2.75 V                       ; 4.14e-06 V                   ; 2.91 V              ; -0.119 V            ; 0.326 V                              ; 0.298 V                              ; 2.74e-10 s                  ; 2.8e-10 s                   ; No                         ; No                         ; 2.75 V                      ; 4.14e-06 V                  ; 2.91 V             ; -0.119 V           ; 0.326 V                             ; 0.298 V                             ; 2.74e-10 s                 ; 2.8e-10 s                  ; No                        ; No                        ;
; oDisplay2[4]  ; 2.5 V        ; 0 s                 ; 0 s                 ; 2.75 V                       ; 4.14e-06 V                   ; 2.91 V              ; -0.119 V            ; 0.326 V                              ; 0.298 V                              ; 2.74e-10 s                  ; 2.8e-10 s                   ; No                         ; No                         ; 2.75 V                      ; 4.14e-06 V                  ; 2.91 V             ; -0.119 V           ; 0.326 V                             ; 0.298 V                             ; 2.74e-10 s                 ; 2.8e-10 s                  ; No                        ; No                        ;
; oDisplay2[5]  ; 2.5 V        ; 0 s                 ; 0 s                 ; 2.75 V                       ; 4.14e-06 V                   ; 2.91 V              ; -0.121 V            ; 0.326 V                              ; 0.297 V                              ; 2.74e-10 s                  ; 2.8e-10 s                   ; No                         ; No                         ; 2.75 V                      ; 4.14e-06 V                  ; 2.91 V             ; -0.121 V           ; 0.326 V                             ; 0.297 V                             ; 2.74e-10 s                 ; 2.8e-10 s                  ; No                        ; No                        ;
; oDisplay2[6]  ; 2.5 V        ; 0 s                 ; 0 s                 ; 2.75 V                       ; 4.14e-06 V                   ; 2.91 V              ; -0.121 V            ; 0.326 V                              ; 0.297 V                              ; 2.74e-10 s                  ; 2.8e-10 s                   ; No                         ; No                         ; 2.75 V                      ; 4.14e-06 V                  ; 2.91 V             ; -0.121 V           ; 0.326 V                             ; 0.297 V                             ; 2.74e-10 s                 ; 2.8e-10 s                  ; No                        ; No                        ;
; oDisplay3[0]  ; 2.5 V        ; 0 s                 ; 0 s                 ; 2.75 V                       ; 4.25e-06 V                   ; 2.9 V               ; -0.107 V            ; 0.378 V                              ; 0.16 V                               ; 2.87e-10 s                  ; 4.28e-10 s                  ; No                         ; No                         ; 2.75 V                      ; 4.25e-06 V                  ; 2.9 V              ; -0.107 V           ; 0.378 V                             ; 0.16 V                              ; 2.87e-10 s                 ; 4.28e-10 s                 ; No                        ; No                        ;
; oDisplay3[1]  ; 2.5 V        ; 0 s                 ; 0 s                 ; 2.75 V                       ; 4.14e-06 V                   ; 2.91 V              ; -0.121 V            ; 0.326 V                              ; 0.297 V                              ; 2.74e-10 s                  ; 2.8e-10 s                   ; No                         ; No                         ; 2.75 V                      ; 4.14e-06 V                  ; 2.91 V             ; -0.121 V           ; 0.326 V                             ; 0.297 V                             ; 2.74e-10 s                 ; 2.8e-10 s                  ; No                        ; No                        ;
; oDisplay3[2]  ; 2.5 V        ; 0 s                 ; 0 s                 ; 2.75 V                       ; 4.14e-06 V                   ; 2.91 V              ; -0.121 V            ; 0.326 V                              ; 0.297 V                              ; 2.74e-10 s                  ; 2.8e-10 s                   ; No                         ; No                         ; 2.75 V                      ; 4.14e-06 V                  ; 2.91 V             ; -0.121 V           ; 0.326 V                             ; 0.297 V                             ; 2.74e-10 s                 ; 2.8e-10 s                  ; No                        ; No                        ;
; oDisplay3[3]  ; 2.5 V        ; 0 s                 ; 0 s                 ; 2.75 V                       ; 3.54e-06 V                   ; 2.81 V              ; -0.0578 V           ; 0.303 V                              ; 0.28 V                               ; 2.93e-10 s                  ; 3.01e-10 s                  ; No                         ; No                         ; 2.75 V                      ; 3.54e-06 V                  ; 2.81 V             ; -0.0578 V          ; 0.303 V                             ; 0.28 V                              ; 2.93e-10 s                 ; 3.01e-10 s                 ; No                        ; No                        ;
; oDisplay3[4]  ; 2.5 V        ; 0 s                 ; 0 s                 ; 2.75 V                       ; 3.54e-06 V                   ; 2.81 V              ; -0.0578 V           ; 0.303 V                              ; 0.28 V                               ; 2.93e-10 s                  ; 3.01e-10 s                  ; No                         ; No                         ; 2.75 V                      ; 3.54e-06 V                  ; 2.81 V             ; -0.0578 V          ; 0.303 V                             ; 0.28 V                              ; 2.93e-10 s                 ; 3.01e-10 s                 ; No                        ; No                        ;
; oDisplay3[5]  ; 2.5 V        ; 0 s                 ; 0 s                 ; 2.75 V                       ; 4.14e-06 V                   ; 2.91 V              ; -0.121 V            ; 0.326 V                              ; 0.297 V                              ; 2.74e-10 s                  ; 2.8e-10 s                   ; No                         ; No                         ; 2.75 V                      ; 4.14e-06 V                  ; 2.91 V             ; -0.121 V           ; 0.326 V                             ; 0.297 V                             ; 2.74e-10 s                 ; 2.8e-10 s                  ; No                        ; No                        ;
; oDisplay3[6]  ; 2.5 V        ; 0 s                 ; 0 s                 ; 2.75 V                       ; 4.14e-06 V                   ; 2.91 V              ; -0.119 V            ; 0.326 V                              ; 0.298 V                              ; 2.74e-10 s                  ; 2.8e-10 s                   ; No                         ; No                         ; 2.75 V                      ; 4.14e-06 V                  ; 2.91 V             ; -0.119 V           ; 0.326 V                             ; 0.298 V                             ; 2.74e-10 s                 ; 2.8e-10 s                  ; No                        ; No                        ;
; oDisplay4[0]  ; 2.5 V        ; 0 s                 ; 0 s                 ; 2.75 V                       ; 3.54e-06 V                   ; 2.81 V              ; -0.0578 V           ; 0.303 V                              ; 0.28 V                               ; 2.93e-10 s                  ; 3.01e-10 s                  ; No                         ; No                         ; 2.75 V                      ; 3.54e-06 V                  ; 2.81 V             ; -0.0578 V          ; 0.303 V                             ; 0.28 V                              ; 2.93e-10 s                 ; 3.01e-10 s                 ; No                        ; No                        ;
; oDisplay4[1]  ; 2.5 V        ; 0 s                 ; 0 s                 ; 2.75 V                       ; 4.25e-06 V                   ; 2.9 V               ; -0.107 V            ; 0.378 V                              ; 0.16 V                               ; 2.87e-10 s                  ; 4.28e-10 s                  ; No                         ; No                         ; 2.75 V                      ; 4.25e-06 V                  ; 2.9 V              ; -0.107 V           ; 0.378 V                             ; 0.16 V                              ; 2.87e-10 s                 ; 4.28e-10 s                 ; No                        ; No                        ;
; oDisplay4[2]  ; 2.5 V        ; 0 s                 ; 0 s                 ; 2.75 V                       ; 4.25e-06 V                   ; 2.9 V               ; -0.107 V            ; 0.378 V                              ; 0.16 V                               ; 2.87e-10 s                  ; 4.28e-10 s                  ; No                         ; No                         ; 2.75 V                      ; 4.25e-06 V                  ; 2.9 V              ; -0.107 V           ; 0.378 V                             ; 0.16 V                              ; 2.87e-10 s                 ; 4.28e-10 s                 ; No                        ; No                        ;
; oDisplay4[3]  ; 2.5 V        ; 0 s                 ; 0 s                 ; 2.75 V                       ; 3.54e-06 V                   ; 2.81 V              ; -0.0578 V           ; 0.303 V                              ; 0.28 V                               ; 2.93e-10 s                  ; 3.01e-10 s                  ; No                         ; No                         ; 2.75 V                      ; 3.54e-06 V                  ; 2.81 V             ; -0.0578 V          ; 0.303 V                             ; 0.28 V                              ; 2.93e-10 s                 ; 3.01e-10 s                 ; No                        ; No                        ;
; oDisplay4[4]  ; 2.5 V        ; 0 s                 ; 0 s                 ; 2.75 V                       ; 4.25e-06 V                   ; 2.9 V               ; -0.107 V            ; 0.378 V                              ; 0.16 V                               ; 2.87e-10 s                  ; 4.28e-10 s                  ; No                         ; No                         ; 2.75 V                      ; 4.25e-06 V                  ; 2.9 V              ; -0.107 V           ; 0.378 V                             ; 0.16 V                              ; 2.87e-10 s                 ; 4.28e-10 s                 ; No                        ; No                        ;
; oDisplay4[5]  ; 2.5 V        ; 0 s                 ; 0 s                 ; 2.75 V                       ; 4.25e-06 V                   ; 2.9 V               ; -0.107 V            ; 0.378 V                              ; 0.16 V                               ; 2.87e-10 s                  ; 4.28e-10 s                  ; No                         ; No                         ; 2.75 V                      ; 4.25e-06 V                  ; 2.9 V              ; -0.107 V           ; 0.378 V                             ; 0.16 V                              ; 2.87e-10 s                 ; 4.28e-10 s                 ; No                        ; No                        ;
; oDisplay4[6]  ; 2.5 V        ; 0 s                 ; 0 s                 ; 2.75 V                       ; 3.54e-06 V                   ; 2.81 V              ; -0.0578 V           ; 0.303 V                              ; 0.28 V                               ; 2.93e-10 s                  ; 3.01e-10 s                  ; No                         ; No                         ; 2.75 V                      ; 3.54e-06 V                  ; 2.81 V             ; -0.0578 V          ; 0.303 V                             ; 0.28 V                              ; 2.93e-10 s                 ; 3.01e-10 s                 ; No                        ; No                        ;
; oDisplay5[0]  ; 2.5 V        ; 0 s                 ; 0 s                 ; 2.75 V                       ; 4.14e-06 V                   ; 2.91 V              ; -0.119 V            ; 0.326 V                              ; 0.298 V                              ; 2.74e-10 s                  ; 2.8e-10 s                   ; No                         ; No                         ; 2.75 V                      ; 4.14e-06 V                  ; 2.91 V             ; -0.119 V           ; 0.326 V                             ; 0.298 V                             ; 2.74e-10 s                 ; 2.8e-10 s                  ; No                        ; No                        ;
; oDisplay5[1]  ; 2.5 V        ; 0 s                 ; 0 s                 ; 2.75 V                       ; 3.54e-06 V                   ; 2.81 V              ; -0.0578 V           ; 0.303 V                              ; 0.28 V                               ; 2.93e-10 s                  ; 3.01e-10 s                  ; No                         ; No                         ; 2.75 V                      ; 3.54e-06 V                  ; 2.81 V             ; -0.0578 V          ; 0.303 V                             ; 0.28 V                              ; 2.93e-10 s                 ; 3.01e-10 s                 ; No                        ; No                        ;
; oDisplay5[2]  ; 2.5 V        ; 0 s                 ; 0 s                 ; 2.75 V                       ; 3.54e-06 V                   ; 2.81 V              ; -0.0578 V           ; 0.303 V                              ; 0.28 V                               ; 2.93e-10 s                  ; 3.01e-10 s                  ; No                         ; No                         ; 2.75 V                      ; 3.54e-06 V                  ; 2.81 V             ; -0.0578 V          ; 0.303 V                             ; 0.28 V                              ; 2.93e-10 s                 ; 3.01e-10 s                 ; No                        ; No                        ;
; oDisplay5[3]  ; 2.5 V        ; 0 s                 ; 0 s                 ; 2.75 V                       ; 3.54e-06 V                   ; 2.81 V              ; -0.0578 V           ; 0.303 V                              ; 0.28 V                               ; 2.93e-10 s                  ; 3.01e-10 s                  ; No                         ; No                         ; 2.75 V                      ; 3.54e-06 V                  ; 2.81 V             ; -0.0578 V          ; 0.303 V                             ; 0.28 V                              ; 2.93e-10 s                 ; 3.01e-10 s                 ; No                        ; No                        ;
; oDisplay5[4]  ; 2.5 V        ; 0 s                 ; 0 s                 ; 2.75 V                       ; 4.25e-06 V                   ; 2.9 V               ; -0.107 V            ; 0.378 V                              ; 0.16 V                               ; 2.87e-10 s                  ; 4.28e-10 s                  ; No                         ; No                         ; 2.75 V                      ; 4.25e-06 V                  ; 2.9 V              ; -0.107 V           ; 0.378 V                             ; 0.16 V                              ; 2.87e-10 s                 ; 4.28e-10 s                 ; No                        ; No                        ;
; oDisplay5[5]  ; 2.5 V        ; 0 s                 ; 0 s                 ; 2.75 V                       ; 4.25e-06 V                   ; 2.9 V               ; -0.107 V            ; 0.378 V                              ; 0.16 V                               ; 2.87e-10 s                  ; 4.28e-10 s                  ; No                         ; No                         ; 2.75 V                      ; 4.25e-06 V                  ; 2.9 V              ; -0.107 V           ; 0.378 V                             ; 0.16 V                              ; 2.87e-10 s                 ; 4.28e-10 s                 ; No                        ; No                        ;
; oDisplay5[6]  ; 2.5 V        ; 0 s                 ; 0 s                 ; 2.75 V                       ; 3.54e-06 V                   ; 2.81 V              ; -0.0578 V           ; 0.303 V                              ; 0.28 V                               ; 2.93e-10 s                  ; 3.01e-10 s                  ; No                         ; No                         ; 2.75 V                      ; 3.54e-06 V                  ; 2.81 V             ; -0.0578 V          ; 0.303 V                             ; 0.28 V                              ; 2.93e-10 s                 ; 3.01e-10 s                 ; No                        ; No                        ;
; oDisplay6[0]  ; 2.5 V        ; 0 s                 ; 0 s                 ; 2.75 V                       ; 4.25e-06 V                   ; 2.9 V               ; -0.107 V            ; 0.378 V                              ; 0.16 V                               ; 2.87e-10 s                  ; 4.28e-10 s                  ; No                         ; No                         ; 2.75 V                      ; 4.25e-06 V                  ; 2.9 V              ; -0.107 V           ; 0.378 V                             ; 0.16 V                              ; 2.87e-10 s                 ; 4.28e-10 s                 ; No                        ; No                        ;
; oDisplay6[1]  ; 2.5 V        ; 0 s                 ; 0 s                 ; 2.75 V                       ; 3.54e-06 V                   ; 2.81 V              ; -0.0578 V           ; 0.303 V                              ; 0.28 V                               ; 2.93e-10 s                  ; 3.01e-10 s                  ; No                         ; No                         ; 2.75 V                      ; 3.54e-06 V                  ; 2.81 V             ; -0.0578 V          ; 0.303 V                             ; 0.28 V                              ; 2.93e-10 s                 ; 3.01e-10 s                 ; No                        ; No                        ;
; oDisplay6[2]  ; 2.5 V        ; 0 s                 ; 0 s                 ; 2.75 V                       ; 3.54e-06 V                   ; 2.81 V              ; -0.0578 V           ; 0.303 V                              ; 0.28 V                               ; 2.93e-10 s                  ; 3.01e-10 s                  ; No                         ; No                         ; 2.75 V                      ; 3.54e-06 V                  ; 2.81 V             ; -0.0578 V          ; 0.303 V                             ; 0.28 V                              ; 2.93e-10 s                 ; 3.01e-10 s                 ; No                        ; No                        ;
; oDisplay6[3]  ; 2.5 V        ; 0 s                 ; 0 s                 ; 2.75 V                       ; 3.54e-06 V                   ; 2.81 V              ; -0.0578 V           ; 0.303 V                              ; 0.28 V                               ; 2.93e-10 s                  ; 3.01e-10 s                  ; No                         ; No                         ; 2.75 V                      ; 3.54e-06 V                  ; 2.81 V             ; -0.0578 V          ; 0.303 V                             ; 0.28 V                              ; 2.93e-10 s                 ; 3.01e-10 s                 ; No                        ; No                        ;
; oDisplay6[4]  ; 2.5 V        ; 0 s                 ; 0 s                 ; 2.75 V                       ; 4.14e-06 V                   ; 2.91 V              ; -0.121 V            ; 0.326 V                              ; 0.297 V                              ; 2.74e-10 s                  ; 2.8e-10 s                   ; No                         ; No                         ; 2.75 V                      ; 4.14e-06 V                  ; 2.91 V             ; -0.121 V           ; 0.326 V                             ; 0.297 V                             ; 2.74e-10 s                 ; 2.8e-10 s                  ; No                        ; No                        ;
; oDisplay6[5]  ; 2.5 V        ; 0 s                 ; 0 s                 ; 2.75 V                       ; 4.14e-06 V                   ; 2.91 V              ; -0.119 V            ; 0.326 V                              ; 0.298 V                              ; 2.74e-10 s                  ; 2.8e-10 s                   ; No                         ; No                         ; 2.75 V                      ; 4.14e-06 V                  ; 2.91 V             ; -0.119 V           ; 0.326 V                             ; 0.298 V                             ; 2.74e-10 s                 ; 2.8e-10 s                  ; No                        ; No                        ;
; oDisplay6[6]  ; 2.5 V        ; 0 s                 ; 0 s                 ; 2.75 V                       ; 4.25e-06 V                   ; 2.9 V               ; -0.107 V            ; 0.378 V                              ; 0.16 V                               ; 2.87e-10 s                  ; 4.28e-10 s                  ; No                         ; No                         ; 2.75 V                      ; 4.25e-06 V                  ; 2.9 V              ; -0.107 V           ; 0.378 V                             ; 0.16 V                              ; 2.87e-10 s                 ; 4.28e-10 s                 ; No                        ; No                        ;
; oLEDs_Gray[0] ; 2.5 V        ; 0 s                 ; 0 s                 ; 2.75 V                       ; 4.14e-06 V                   ; 2.91 V              ; -0.119 V            ; 0.326 V                              ; 0.298 V                              ; 2.74e-10 s                  ; 2.8e-10 s                   ; No                         ; No                         ; 2.75 V                      ; 4.14e-06 V                  ; 2.91 V             ; -0.119 V           ; 0.326 V                             ; 0.298 V                             ; 2.74e-10 s                 ; 2.8e-10 s                  ; No                        ; No                        ;
; oLEDs_Gray[1] ; 2.5 V        ; 0 s                 ; 0 s                 ; 2.75 V                       ; 4.14e-06 V                   ; 2.91 V              ; -0.121 V            ; 0.326 V                              ; 0.297 V                              ; 2.74e-10 s                  ; 2.8e-10 s                   ; No                         ; No                         ; 2.75 V                      ; 4.14e-06 V                  ; 2.91 V             ; -0.121 V           ; 0.326 V                             ; 0.297 V                             ; 2.74e-10 s                 ; 2.8e-10 s                  ; No                        ; No                        ;
; oLEDs_Gray[2] ; 2.5 V        ; 0 s                 ; 0 s                 ; 2.75 V                       ; 3.54e-06 V                   ; 2.81 V              ; -0.0578 V           ; 0.303 V                              ; 0.28 V                               ; 2.93e-10 s                  ; 3.01e-10 s                  ; No                         ; No                         ; 2.75 V                      ; 3.54e-06 V                  ; 2.81 V             ; -0.0578 V          ; 0.303 V                             ; 0.28 V                              ; 2.93e-10 s                 ; 3.01e-10 s                 ; No                        ; No                        ;
; oLEDs_Gray[3] ; 2.5 V        ; 0 s                 ; 0 s                 ; 2.75 V                       ; 4.25e-06 V                   ; 2.9 V               ; -0.107 V            ; 0.378 V                              ; 0.16 V                               ; 2.87e-10 s                  ; 4.28e-10 s                  ; No                         ; No                         ; 2.75 V                      ; 4.25e-06 V                  ; 2.9 V              ; -0.107 V           ; 0.378 V                             ; 0.16 V                              ; 2.87e-10 s                 ; 4.28e-10 s                 ; No                        ; No                        ;
+---------------+--------------+---------------------+---------------------+------------------------------+------------------------------+---------------------+---------------------+--------------------------------------+--------------------------------------+-----------------------------+-----------------------------+----------------------------+----------------------------+-----------------------------+-----------------------------+--------------------+--------------------+-------------------------------------+-------------------------------------+----------------------------+----------------------------+---------------------------+---------------------------+


+--------------------------------------------------------------------------------------------------------------------------------------------------------------------------------------------------------------------------------------------------------------------------------------------------------------------------------------------------------------------------------------------------------------------------------------------------------------------------------------------------------------------------------------------------------------------------------------------------------------------------------------------------------------------------------------------+
; Signal Integrity Metrics (Fast 1100mv 85c Model)                                                                                                                                                                                                                                                                                                                                                                                                                                                                                                                                                                                                                                           ;
+---------------+--------------+---------------------+---------------------+------------------------------+------------------------------+---------------------+---------------------+--------------------------------------+--------------------------------------+-----------------------------+-----------------------------+----------------------------+----------------------------+-----------------------------+-----------------------------+--------------------+--------------------+-------------------------------------+-------------------------------------+----------------------------+----------------------------+---------------------------+---------------------------+
; Pin           ; I/O Standard ; Board Delay on Rise ; Board Delay on Fall ; Steady State Voh at FPGA Pin ; Steady State Vol at FPGA Pin ; Voh Max at FPGA Pin ; Vol Min at FPGA Pin ; Ringback Voltage on Rise at FPGA Pin ; Ringback Voltage on Fall at FPGA Pin ; 10-90 Rise Time at FPGA Pin ; 90-10 Fall Time at FPGA Pin ; Monotonic Rise at FPGA Pin ; Monotonic Fall at FPGA Pin ; Steady State Voh at Far-end ; Steady State Vol at Far-end ; Voh Max at Far-end ; Vol Min at Far-end ; Ringback Voltage on Rise at Far-end ; Ringback Voltage on Fall at Far-end ; 10-90 Rise Time at Far-end ; 90-10 Fall Time at Far-end ; Monotonic Rise at Far-end ; Monotonic Fall at Far-end ;
+---------------+--------------+---------------------+---------------------+------------------------------+------------------------------+---------------------+---------------------+--------------------------------------+--------------------------------------+-----------------------------+-----------------------------+----------------------------+----------------------------+-----------------------------+-----------------------------+--------------------+--------------------+-------------------------------------+-------------------------------------+----------------------------+----------------------------+---------------------------+---------------------------+
; oDisplay1[0]  ; 2.5 V        ; 0 s                 ; 0 s                 ; 2.75 V                       ; 0.000242 V                   ; 2.86 V              ; -0.0814 V           ; 0.36 V                               ; 0.156 V                              ; 3e-10 s                     ; 4.34e-10 s                  ; No                         ; No                         ; 2.75 V                      ; 0.000242 V                  ; 2.86 V             ; -0.0814 V          ; 0.36 V                              ; 0.156 V                             ; 3e-10 s                    ; 4.34e-10 s                 ; No                        ; No                        ;
; oDisplay1[1]  ; 2.5 V        ; 0 s                 ; 0 s                 ; 2.75 V                       ; 0.000242 V                   ; 2.86 V              ; -0.0805 V           ; 0.358 V                              ; 0.156 V                              ; 3.01e-10 s                  ; 4.34e-10 s                  ; No                         ; No                         ; 2.75 V                      ; 0.000242 V                  ; 2.86 V             ; -0.0805 V          ; 0.358 V                             ; 0.156 V                             ; 3.01e-10 s                 ; 4.34e-10 s                 ; No                        ; No                        ;
; oDisplay1[2]  ; 2.5 V        ; 0 s                 ; 0 s                 ; 2.75 V                       ; 0.000242 V                   ; 2.86 V              ; -0.0805 V           ; 0.358 V                              ; 0.156 V                              ; 3.01e-10 s                  ; 4.34e-10 s                  ; No                         ; No                         ; 2.75 V                      ; 0.000242 V                  ; 2.86 V             ; -0.0805 V          ; 0.358 V                             ; 0.156 V                             ; 3.01e-10 s                 ; 4.34e-10 s                 ; No                        ; No                        ;
; oDisplay1[3]  ; 2.5 V        ; 0 s                 ; 0 s                 ; 2.75 V                       ; 0.000242 V                   ; 2.86 V              ; -0.0805 V           ; 0.358 V                              ; 0.156 V                              ; 3.01e-10 s                  ; 4.34e-10 s                  ; No                         ; No                         ; 2.75 V                      ; 0.000242 V                  ; 2.86 V             ; -0.0805 V          ; 0.358 V                             ; 0.156 V                             ; 3.01e-10 s                 ; 4.34e-10 s                 ; No                        ; No                        ;
; oDisplay1[4]  ; 2.5 V        ; 0 s                 ; 0 s                 ; 2.75 V                       ; 0.000242 V                   ; 2.86 V              ; -0.0814 V           ; 0.36 V                               ; 0.156 V                              ; 3e-10 s                     ; 4.34e-10 s                  ; No                         ; No                         ; 2.75 V                      ; 0.000242 V                  ; 2.86 V             ; -0.0814 V          ; 0.36 V                              ; 0.156 V                             ; 3e-10 s                    ; 4.34e-10 s                 ; No                        ; No                        ;
; oDisplay1[5]  ; 2.5 V        ; 0 s                 ; 0 s                 ; 2.75 V                       ; 0.000242 V                   ; 2.86 V              ; -0.0814 V           ; 0.36 V                               ; 0.156 V                              ; 3e-10 s                     ; 4.34e-10 s                  ; No                         ; No                         ; 2.75 V                      ; 0.000242 V                  ; 2.86 V             ; -0.0814 V          ; 0.36 V                              ; 0.156 V                             ; 3e-10 s                    ; 4.34e-10 s                 ; No                        ; No                        ;
; oDisplay1[6]  ; 2.5 V        ; 0 s                 ; 0 s                 ; 2.75 V                       ; 0.000242 V                   ; 2.86 V              ; -0.0805 V           ; 0.358 V                              ; 0.156 V                              ; 3.01e-10 s                  ; 4.34e-10 s                  ; No                         ; No                         ; 2.75 V                      ; 0.000242 V                  ; 2.86 V             ; -0.0805 V          ; 0.358 V                             ; 0.156 V                             ; 3.01e-10 s                 ; 4.34e-10 s                 ; No                        ; No                        ;
; oDisplay2[0]  ; 2.5 V        ; 0 s                 ; 0 s                 ; 2.75 V                       ; 0.000242 V                   ; 2.86 V              ; -0.0805 V           ; 0.358 V                              ; 0.156 V                              ; 3.01e-10 s                  ; 4.34e-10 s                  ; No                         ; No                         ; 2.75 V                      ; 0.000242 V                  ; 2.86 V             ; -0.0805 V          ; 0.358 V                             ; 0.156 V                             ; 3.01e-10 s                 ; 4.34e-10 s                 ; No                        ; No                        ;
; oDisplay2[1]  ; 2.5 V        ; 0 s                 ; 0 s                 ; 2.75 V                       ; 0.000242 V                   ; 2.86 V              ; -0.0814 V           ; 0.36 V                               ; 0.156 V                              ; 3e-10 s                     ; 4.34e-10 s                  ; No                         ; No                         ; 2.75 V                      ; 0.000242 V                  ; 2.86 V             ; -0.0814 V          ; 0.36 V                              ; 0.156 V                             ; 3e-10 s                    ; 4.34e-10 s                 ; No                        ; No                        ;
; oDisplay2[2]  ; 2.5 V        ; 0 s                 ; 0 s                 ; 2.75 V                       ; 0.000242 V                   ; 2.86 V              ; -0.0814 V           ; 0.36 V                               ; 0.156 V                              ; 3e-10 s                     ; 4.34e-10 s                  ; No                         ; No                         ; 2.75 V                      ; 0.000242 V                  ; 2.86 V             ; -0.0814 V          ; 0.36 V                              ; 0.156 V                             ; 3e-10 s                    ; 4.34e-10 s                 ; No                        ; No                        ;
; oDisplay2[3]  ; 2.5 V        ; 0 s                 ; 0 s                 ; 2.75 V                       ; 0.000242 V                   ; 2.86 V              ; -0.0805 V           ; 0.358 V                              ; 0.156 V                              ; 3.01e-10 s                  ; 4.34e-10 s                  ; No                         ; No                         ; 2.75 V                      ; 0.000242 V                  ; 2.86 V             ; -0.0805 V          ; 0.358 V                             ; 0.156 V                             ; 3.01e-10 s                 ; 4.34e-10 s                 ; No                        ; No                        ;
; oDisplay2[4]  ; 2.5 V        ; 0 s                 ; 0 s                 ; 2.75 V                       ; 0.000242 V                   ; 2.86 V              ; -0.0805 V           ; 0.358 V                              ; 0.156 V                              ; 3.01e-10 s                  ; 4.34e-10 s                  ; No                         ; No                         ; 2.75 V                      ; 0.000242 V                  ; 2.86 V             ; -0.0805 V          ; 0.358 V                             ; 0.156 V                             ; 3.01e-10 s                 ; 4.34e-10 s                 ; No                        ; No                        ;
; oDisplay2[5]  ; 2.5 V        ; 0 s                 ; 0 s                 ; 2.75 V                       ; 0.000242 V                   ; 2.86 V              ; -0.0814 V           ; 0.36 V                               ; 0.156 V                              ; 3e-10 s                     ; 4.34e-10 s                  ; No                         ; No                         ; 2.75 V                      ; 0.000242 V                  ; 2.86 V             ; -0.0814 V          ; 0.36 V                              ; 0.156 V                             ; 3e-10 s                    ; 4.34e-10 s                 ; No                        ; No                        ;
; oDisplay2[6]  ; 2.5 V        ; 0 s                 ; 0 s                 ; 2.75 V                       ; 0.000242 V                   ; 2.86 V              ; -0.0814 V           ; 0.36 V                               ; 0.156 V                              ; 3e-10 s                     ; 4.34e-10 s                  ; No                         ; No                         ; 2.75 V                      ; 0.000242 V                  ; 2.86 V             ; -0.0814 V          ; 0.36 V                              ; 0.156 V                             ; 3e-10 s                    ; 4.34e-10 s                 ; No                        ; No                        ;
; oDisplay3[0]  ; 2.5 V        ; 0 s                 ; 0 s                 ; 2.75 V                       ; 0.000247 V                   ; 2.85 V              ; -0.0711 V           ; 0.204 V                              ; 0.181 V                              ; 4.55e-10 s                  ; 4.49e-10 s                  ; No                         ; No                         ; 2.75 V                      ; 0.000247 V                  ; 2.85 V             ; -0.0711 V          ; 0.204 V                             ; 0.181 V                             ; 4.55e-10 s                 ; 4.49e-10 s                 ; No                        ; No                        ;
; oDisplay3[1]  ; 2.5 V        ; 0 s                 ; 0 s                 ; 2.75 V                       ; 0.000242 V                   ; 2.86 V              ; -0.0814 V           ; 0.36 V                               ; 0.156 V                              ; 3e-10 s                     ; 4.34e-10 s                  ; No                         ; No                         ; 2.75 V                      ; 0.000242 V                  ; 2.86 V             ; -0.0814 V          ; 0.36 V                              ; 0.156 V                             ; 3e-10 s                    ; 4.34e-10 s                 ; No                        ; No                        ;
; oDisplay3[2]  ; 2.5 V        ; 0 s                 ; 0 s                 ; 2.75 V                       ; 0.000242 V                   ; 2.86 V              ; -0.0814 V           ; 0.36 V                               ; 0.156 V                              ; 3e-10 s                     ; 4.34e-10 s                  ; No                         ; No                         ; 2.75 V                      ; 0.000242 V                  ; 2.86 V             ; -0.0814 V          ; 0.36 V                              ; 0.156 V                             ; 3e-10 s                    ; 4.34e-10 s                 ; No                        ; No                        ;
; oDisplay3[3]  ; 2.5 V        ; 0 s                 ; 0 s                 ; 2.75 V                       ; 0.000213 V                   ; 2.79 V              ; -0.0324 V           ; 0.139 V                              ; 0.119 V                              ; 4.42e-10 s                  ; 4.33e-10 s                  ; No                         ; Yes                        ; 2.75 V                      ; 0.000213 V                  ; 2.79 V             ; -0.0324 V          ; 0.139 V                             ; 0.119 V                             ; 4.42e-10 s                 ; 4.33e-10 s                 ; No                        ; Yes                       ;
; oDisplay3[4]  ; 2.5 V        ; 0 s                 ; 0 s                 ; 2.75 V                       ; 0.000213 V                   ; 2.79 V              ; -0.0324 V           ; 0.139 V                              ; 0.119 V                              ; 4.42e-10 s                  ; 4.33e-10 s                  ; No                         ; Yes                        ; 2.75 V                      ; 0.000213 V                  ; 2.79 V             ; -0.0324 V          ; 0.139 V                             ; 0.119 V                             ; 4.42e-10 s                 ; 4.33e-10 s                 ; No                        ; Yes                       ;
; oDisplay3[5]  ; 2.5 V        ; 0 s                 ; 0 s                 ; 2.75 V                       ; 0.000242 V                   ; 2.86 V              ; -0.0814 V           ; 0.36 V                               ; 0.156 V                              ; 3e-10 s                     ; 4.34e-10 s                  ; No                         ; No                         ; 2.75 V                      ; 0.000242 V                  ; 2.86 V             ; -0.0814 V          ; 0.36 V                              ; 0.156 V                             ; 3e-10 s                    ; 4.34e-10 s                 ; No                        ; No                        ;
; oDisplay3[6]  ; 2.5 V        ; 0 s                 ; 0 s                 ; 2.75 V                       ; 0.000242 V                   ; 2.86 V              ; -0.0805 V           ; 0.358 V                              ; 0.156 V                              ; 3.01e-10 s                  ; 4.34e-10 s                  ; No                         ; No                         ; 2.75 V                      ; 0.000242 V                  ; 2.86 V             ; -0.0805 V          ; 0.358 V                             ; 0.156 V                             ; 3.01e-10 s                 ; 4.34e-10 s                 ; No                        ; No                        ;
; oDisplay4[0]  ; 2.5 V        ; 0 s                 ; 0 s                 ; 2.75 V                       ; 0.000213 V                   ; 2.79 V              ; -0.0324 V           ; 0.139 V                              ; 0.119 V                              ; 4.42e-10 s                  ; 4.33e-10 s                  ; No                         ; Yes                        ; 2.75 V                      ; 0.000213 V                  ; 2.79 V             ; -0.0324 V          ; 0.139 V                             ; 0.119 V                             ; 4.42e-10 s                 ; 4.33e-10 s                 ; No                        ; Yes                       ;
; oDisplay4[1]  ; 2.5 V        ; 0 s                 ; 0 s                 ; 2.75 V                       ; 0.000247 V                   ; 2.85 V              ; -0.0711 V           ; 0.204 V                              ; 0.181 V                              ; 4.55e-10 s                  ; 4.49e-10 s                  ; No                         ; No                         ; 2.75 V                      ; 0.000247 V                  ; 2.85 V             ; -0.0711 V          ; 0.204 V                             ; 0.181 V                             ; 4.55e-10 s                 ; 4.49e-10 s                 ; No                        ; No                        ;
; oDisplay4[2]  ; 2.5 V        ; 0 s                 ; 0 s                 ; 2.75 V                       ; 0.000247 V                   ; 2.85 V              ; -0.0711 V           ; 0.204 V                              ; 0.181 V                              ; 4.55e-10 s                  ; 4.49e-10 s                  ; No                         ; No                         ; 2.75 V                      ; 0.000247 V                  ; 2.85 V             ; -0.0711 V          ; 0.204 V                             ; 0.181 V                             ; 4.55e-10 s                 ; 4.49e-10 s                 ; No                        ; No                        ;
; oDisplay4[3]  ; 2.5 V        ; 0 s                 ; 0 s                 ; 2.75 V                       ; 0.000213 V                   ; 2.79 V              ; -0.0324 V           ; 0.139 V                              ; 0.119 V                              ; 4.42e-10 s                  ; 4.33e-10 s                  ; No                         ; Yes                        ; 2.75 V                      ; 0.000213 V                  ; 2.79 V             ; -0.0324 V          ; 0.139 V                             ; 0.119 V                             ; 4.42e-10 s                 ; 4.33e-10 s                 ; No                        ; Yes                       ;
; oDisplay4[4]  ; 2.5 V        ; 0 s                 ; 0 s                 ; 2.75 V                       ; 0.000247 V                   ; 2.85 V              ; -0.0711 V           ; 0.204 V                              ; 0.181 V                              ; 4.55e-10 s                  ; 4.49e-10 s                  ; No                         ; No                         ; 2.75 V                      ; 0.000247 V                  ; 2.85 V             ; -0.0711 V          ; 0.204 V                             ; 0.181 V                             ; 4.55e-10 s                 ; 4.49e-10 s                 ; No                        ; No                        ;
; oDisplay4[5]  ; 2.5 V        ; 0 s                 ; 0 s                 ; 2.75 V                       ; 0.000247 V                   ; 2.85 V              ; -0.0711 V           ; 0.204 V                              ; 0.181 V                              ; 4.55e-10 s                  ; 4.49e-10 s                  ; No                         ; No                         ; 2.75 V                      ; 0.000247 V                  ; 2.85 V             ; -0.0711 V          ; 0.204 V                             ; 0.181 V                             ; 4.55e-10 s                 ; 4.49e-10 s                 ; No                        ; No                        ;
; oDisplay4[6]  ; 2.5 V        ; 0 s                 ; 0 s                 ; 2.75 V                       ; 0.000213 V                   ; 2.79 V              ; -0.0324 V           ; 0.139 V                              ; 0.119 V                              ; 4.42e-10 s                  ; 4.33e-10 s                  ; No                         ; Yes                        ; 2.75 V                      ; 0.000213 V                  ; 2.79 V             ; -0.0324 V          ; 0.139 V                             ; 0.119 V                             ; 4.42e-10 s                 ; 4.33e-10 s                 ; No                        ; Yes                       ;
; oDisplay5[0]  ; 2.5 V        ; 0 s                 ; 0 s                 ; 2.75 V                       ; 0.000242 V                   ; 2.86 V              ; -0.0805 V           ; 0.358 V                              ; 0.156 V                              ; 3.01e-10 s                  ; 4.34e-10 s                  ; No                         ; No                         ; 2.75 V                      ; 0.000242 V                  ; 2.86 V             ; -0.0805 V          ; 0.358 V                             ; 0.156 V                             ; 3.01e-10 s                 ; 4.34e-10 s                 ; No                        ; No                        ;
; oDisplay5[1]  ; 2.5 V        ; 0 s                 ; 0 s                 ; 2.75 V                       ; 0.000213 V                   ; 2.79 V              ; -0.0324 V           ; 0.139 V                              ; 0.119 V                              ; 4.42e-10 s                  ; 4.33e-10 s                  ; No                         ; Yes                        ; 2.75 V                      ; 0.000213 V                  ; 2.79 V             ; -0.0324 V          ; 0.139 V                             ; 0.119 V                             ; 4.42e-10 s                 ; 4.33e-10 s                 ; No                        ; Yes                       ;
; oDisplay5[2]  ; 2.5 V        ; 0 s                 ; 0 s                 ; 2.75 V                       ; 0.000213 V                   ; 2.79 V              ; -0.0324 V           ; 0.139 V                              ; 0.119 V                              ; 4.42e-10 s                  ; 4.33e-10 s                  ; No                         ; Yes                        ; 2.75 V                      ; 0.000213 V                  ; 2.79 V             ; -0.0324 V          ; 0.139 V                             ; 0.119 V                             ; 4.42e-10 s                 ; 4.33e-10 s                 ; No                        ; Yes                       ;
; oDisplay5[3]  ; 2.5 V        ; 0 s                 ; 0 s                 ; 2.75 V                       ; 0.000213 V                   ; 2.79 V              ; -0.0324 V           ; 0.139 V                              ; 0.119 V                              ; 4.42e-10 s                  ; 4.33e-10 s                  ; No                         ; Yes                        ; 2.75 V                      ; 0.000213 V                  ; 2.79 V             ; -0.0324 V          ; 0.139 V                             ; 0.119 V                             ; 4.42e-10 s                 ; 4.33e-10 s                 ; No                        ; Yes                       ;
; oDisplay5[4]  ; 2.5 V        ; 0 s                 ; 0 s                 ; 2.75 V                       ; 0.000247 V                   ; 2.85 V              ; -0.0711 V           ; 0.204 V                              ; 0.181 V                              ; 4.55e-10 s                  ; 4.49e-10 s                  ; No                         ; No                         ; 2.75 V                      ; 0.000247 V                  ; 2.85 V             ; -0.0711 V          ; 0.204 V                             ; 0.181 V                             ; 4.55e-10 s                 ; 4.49e-10 s                 ; No                        ; No                        ;
; oDisplay5[5]  ; 2.5 V        ; 0 s                 ; 0 s                 ; 2.75 V                       ; 0.000247 V                   ; 2.85 V              ; -0.0711 V           ; 0.204 V                              ; 0.181 V                              ; 4.55e-10 s                  ; 4.49e-10 s                  ; No                         ; No                         ; 2.75 V                      ; 0.000247 V                  ; 2.85 V             ; -0.0711 V          ; 0.204 V                             ; 0.181 V                             ; 4.55e-10 s                 ; 4.49e-10 s                 ; No                        ; No                        ;
; oDisplay5[6]  ; 2.5 V        ; 0 s                 ; 0 s                 ; 2.75 V                       ; 0.000213 V                   ; 2.79 V              ; -0.0324 V           ; 0.139 V                              ; 0.119 V                              ; 4.42e-10 s                  ; 4.33e-10 s                  ; No                         ; Yes                        ; 2.75 V                      ; 0.000213 V                  ; 2.79 V             ; -0.0324 V          ; 0.139 V                             ; 0.119 V                             ; 4.42e-10 s                 ; 4.33e-10 s                 ; No                        ; Yes                       ;
; oDisplay6[0]  ; 2.5 V        ; 0 s                 ; 0 s                 ; 2.75 V                       ; 0.000247 V                   ; 2.85 V              ; -0.0711 V           ; 0.204 V                              ; 0.181 V                              ; 4.55e-10 s                  ; 4.49e-10 s                  ; No                         ; No                         ; 2.75 V                      ; 0.000247 V                  ; 2.85 V             ; -0.0711 V          ; 0.204 V                             ; 0.181 V                             ; 4.55e-10 s                 ; 4.49e-10 s                 ; No                        ; No                        ;
; oDisplay6[1]  ; 2.5 V        ; 0 s                 ; 0 s                 ; 2.75 V                       ; 0.000213 V                   ; 2.79 V              ; -0.0324 V           ; 0.139 V                              ; 0.119 V                              ; 4.42e-10 s                  ; 4.33e-10 s                  ; No                         ; Yes                        ; 2.75 V                      ; 0.000213 V                  ; 2.79 V             ; -0.0324 V          ; 0.139 V                             ; 0.119 V                             ; 4.42e-10 s                 ; 4.33e-10 s                 ; No                        ; Yes                       ;
; oDisplay6[2]  ; 2.5 V        ; 0 s                 ; 0 s                 ; 2.75 V                       ; 0.000213 V                   ; 2.79 V              ; -0.0324 V           ; 0.139 V                              ; 0.119 V                              ; 4.42e-10 s                  ; 4.33e-10 s                  ; No                         ; Yes                        ; 2.75 V                      ; 0.000213 V                  ; 2.79 V             ; -0.0324 V          ; 0.139 V                             ; 0.119 V                             ; 4.42e-10 s                 ; 4.33e-10 s                 ; No                        ; Yes                       ;
; oDisplay6[3]  ; 2.5 V        ; 0 s                 ; 0 s                 ; 2.75 V                       ; 0.000213 V                   ; 2.79 V              ; -0.0324 V           ; 0.139 V                              ; 0.119 V                              ; 4.42e-10 s                  ; 4.33e-10 s                  ; No                         ; Yes                        ; 2.75 V                      ; 0.000213 V                  ; 2.79 V             ; -0.0324 V          ; 0.139 V                             ; 0.119 V                             ; 4.42e-10 s                 ; 4.33e-10 s                 ; No                        ; Yes                       ;
; oDisplay6[4]  ; 2.5 V        ; 0 s                 ; 0 s                 ; 2.75 V                       ; 0.000242 V                   ; 2.86 V              ; -0.0814 V           ; 0.36 V                               ; 0.156 V                              ; 3e-10 s                     ; 4.34e-10 s                  ; No                         ; No                         ; 2.75 V                      ; 0.000242 V                  ; 2.86 V             ; -0.0814 V          ; 0.36 V                              ; 0.156 V                             ; 3e-10 s                    ; 4.34e-10 s                 ; No                        ; No                        ;
; oDisplay6[5]  ; 2.5 V        ; 0 s                 ; 0 s                 ; 2.75 V                       ; 0.000242 V                   ; 2.86 V              ; -0.0805 V           ; 0.358 V                              ; 0.156 V                              ; 3.01e-10 s                  ; 4.34e-10 s                  ; No                         ; No                         ; 2.75 V                      ; 0.000242 V                  ; 2.86 V             ; -0.0805 V          ; 0.358 V                             ; 0.156 V                             ; 3.01e-10 s                 ; 4.34e-10 s                 ; No                        ; No                        ;
; oDisplay6[6]  ; 2.5 V        ; 0 s                 ; 0 s                 ; 2.75 V                       ; 0.000247 V                   ; 2.85 V              ; -0.0711 V           ; 0.204 V                              ; 0.181 V                              ; 4.55e-10 s                  ; 4.49e-10 s                  ; No                         ; No                         ; 2.75 V                      ; 0.000247 V                  ; 2.85 V             ; -0.0711 V          ; 0.204 V                             ; 0.181 V                             ; 4.55e-10 s                 ; 4.49e-10 s                 ; No                        ; No                        ;
; oLEDs_Gray[0] ; 2.5 V        ; 0 s                 ; 0 s                 ; 2.75 V                       ; 0.000242 V                   ; 2.86 V              ; -0.0805 V           ; 0.358 V                              ; 0.156 V                              ; 3.01e-10 s                  ; 4.34e-10 s                  ; No                         ; No                         ; 2.75 V                      ; 0.000242 V                  ; 2.86 V             ; -0.0805 V          ; 0.358 V                             ; 0.156 V                             ; 3.01e-10 s                 ; 4.34e-10 s                 ; No                        ; No                        ;
; oLEDs_Gray[1] ; 2.5 V        ; 0 s                 ; 0 s                 ; 2.75 V                       ; 0.000242 V                   ; 2.86 V              ; -0.0814 V           ; 0.36 V                               ; 0.156 V                              ; 3e-10 s                     ; 4.34e-10 s                  ; No                         ; No                         ; 2.75 V                      ; 0.000242 V                  ; 2.86 V             ; -0.0814 V          ; 0.36 V                              ; 0.156 V                             ; 3e-10 s                    ; 4.34e-10 s                 ; No                        ; No                        ;
; oLEDs_Gray[2] ; 2.5 V        ; 0 s                 ; 0 s                 ; 2.75 V                       ; 0.000213 V                   ; 2.79 V              ; -0.0324 V           ; 0.139 V                              ; 0.119 V                              ; 4.42e-10 s                  ; 4.33e-10 s                  ; No                         ; Yes                        ; 2.75 V                      ; 0.000213 V                  ; 2.79 V             ; -0.0324 V          ; 0.139 V                             ; 0.119 V                             ; 4.42e-10 s                 ; 4.33e-10 s                 ; No                        ; Yes                       ;
; oLEDs_Gray[3] ; 2.5 V        ; 0 s                 ; 0 s                 ; 2.75 V                       ; 0.000247 V                   ; 2.85 V              ; -0.0711 V           ; 0.204 V                              ; 0.181 V                              ; 4.55e-10 s                  ; 4.49e-10 s                  ; No                         ; No                         ; 2.75 V                      ; 0.000247 V                  ; 2.85 V             ; -0.0711 V          ; 0.204 V                             ; 0.181 V                             ; 4.55e-10 s                 ; 4.49e-10 s                 ; No                        ; No                        ;
+---------------+--------------+---------------------+---------------------+------------------------------+------------------------------+---------------------+---------------------+--------------------------------------+--------------------------------------+-----------------------------+-----------------------------+----------------------------+----------------------------+-----------------------------+-----------------------------+--------------------+--------------------+-------------------------------------+-------------------------------------+----------------------------+----------------------------+---------------------------+---------------------------+


-------------------
; Clock Transfers ;
-------------------
Nothing to report.


---------------
; Report TCCS ;
---------------
No dedicated SERDES Transmitter circuitry present in device or used in design


---------------
; Report RSKM ;
---------------
No non-DPA dedicated SERDES Receiver circuitry present in device or used in design


+------------------------------------------------+
; Unconstrained Paths                            ;
+---------------------------------+-------+------+
; Property                        ; Setup ; Hold ;
+---------------------------------+-------+------+
; Illegal Clocks                  ; 0     ; 0    ;
; Unconstrained Clocks            ; 0     ; 0    ;
; Unconstrained Input Ports       ; 4     ; 4    ;
; Unconstrained Input Port Paths  ; 150   ; 150  ;
; Unconstrained Output Ports      ; 41    ; 41   ;
; Unconstrained Output Port Paths ; 150   ; 150  ;
+---------------------------------+-------+------+


+------------------------------------+
; TimeQuest Timing Analyzer Messages ;
+------------------------------------+
Info: *******************************************************************
Info: Running Quartus II 64-Bit TimeQuest Timing Analyzer
    Info: Version 13.1.0 Build 162 10/23/2013 SJ Web Edition
    Info: Processing started: Wed Sep 23 21:31:25 2026
Info: Command: quartus_sta ejercicio_12 -c ejercicio_12
Info: qsta_default_script.tcl version: #1
Info (11104): Parallel Compilation has detected 12 hyper-threaded processors. However, the extra hyper-threaded processors will not be used by default. Parallel Compilation will use 10 of the 10 physical processors detected instead.
Info (21077): Low junction temperature is 0 degrees C
Info (21077): High junction temperature is 85 degrees C
Critical Warning (332012): Synopsys Design Constraints File file not found: 'ejercicio_12.sdc'. A Synopsys Design Constraints File is required by the TimeQuest Timing Analyzer to get proper timing constraints. Without it, the Compiler will not properly optimize the design.
Info (332142): No user constrained base clocks found in the design. Calling "derive_clocks -period 1.0"
Info (332096): The command derive_clocks did not find any clocks to derive.  No clocks were created or changed.
Warning (332068): No clocks defined in design.
Info (332143): No user constrained clock uncertainty found in the design. Calling "derive_clock_uncertainty"
Info (332154): The derive_clock_uncertainty command did not apply clock uncertainty to any clock-to-clock transfers.
Info: Found TIMEQUEST_REPORT_SCRIPT_INCLUDE_DEFAULT_ANALYSIS = ON
Info (332159): No clocks to report
Info: Analyzing Slow 1100mV 85C Model
Info (332140): No fmax paths to report
Info (332140): No Setup paths to report
Info (332140): No Hold paths to report
Info (332140): No Recovery paths to report
Info (332140): No Removal paths to report
Info (332140): No Minimum Pulse Width paths to report
Info: Analyzing Slow 1100mV 0C Model
Info (334003): Started post-fitting delay annotation
Info (334004): Delay annotation completed successfully
Info (332142): No user constrained base clocks found in the design. Calling "derive_clocks -period 1.0"
Info (332096): The command derive_clocks did not find any clocks to derive.  No clocks were created or changed.
Warning (332068): No clocks defined in design.
Info (332154): The derive_clock_uncertainty command did not apply clock uncertainty to any clock-to-clock transfers.
Info (332140): No fmax paths to report
Info (332140): No Setup paths to report
Info (332140): No Hold paths to report
Info (332140): No Recovery paths to report
Info (332140): No Removal paths to report
Info (332140): No Minimum Pulse Width paths to report
Info: Analyzing Fast 1100mV 85C Model
Info (334003): Started post-fitting delay annotation
Info (334004): Delay annotation completed successfully
Info (332142): No user constrained base clocks found in the design. Calling "derive_clocks -period 1.0"
Info (332096): The command derive_clocks did not find any clocks to derive.  No clocks were created or changed.
Warning (332068): No clocks defined in design.
Info (332154): The derive_clock_uncertainty command did not apply clock uncertainty to any clock-to-clock transfers.
Info (332140): No Setup paths to report
Info (332140): No Hold paths to report
Info (332140): No Recovery paths to report
Info (332140): No Removal paths to report
Info (332140): No Minimum Pulse Width paths to report
Info: Analyzing Fast 1100mV 0C Model
Info (332142): No user constrained base clocks found in the design. Calling "derive_clocks -period 1.0"
Info (332096): The command derive_clocks did not find any clocks to derive.  No clocks were created or changed.
Warning (332068): No clocks defined in design.
Info (332154): The derive_clock_uncertainty command did not apply clock uncertainty to any clock-to-clock transfers.
Info (332140): No Setup paths to report
Info (332140): No Hold paths to report
Info (332140): No Recovery paths to report
Info (332140): No Removal paths to report
Info (332140): No Minimum Pulse Width paths to report
Info (332102): Design is not fully constrained for setup requirements
Info (332102): Design is not fully constrained for hold requirements
Info: Quartus II 64-Bit TimeQuest Timing Analyzer was successful. 0 errors, 5 warnings
    Info: Peak virtual memory: 4962 megabytes
    Info: Processing ended: Wed Sep 23 21:31:28 2026
    Info: Elapsed time: 00:00:03
    Info: Total CPU time (on all processors): 00:00:03


